,v3s,,,v3s2,,,v3s3,,,v3s5,,,v3s7,,,v3s9,,
abp4p2ff,SAT,17,1.546,SAT,17,1.9792,SAT,16,3.4598,SAT,14,7.5619,SAT,12,16.623,SAT,10,17.816
abp4p2tt,SAT,18,2.2105,SAT,16,1.8087,SAT,16,2.835,SAT,12,11.582,SAT,12,25.732,SAT,9,19.975
abp4pold,SAT,17,1.4766,SAT,17,1.8857,SAT,14,1.5965,SAT,14,8.0236,SAT,12,16.412,SAT,10,16.244
abp4ptimo,SAT,19,2.6388,SAT,17,4.6334,SAT,17,3.6658,SAT,13,6.697,SAT,14,52.723,SAT,12,14.197
abp4ptimoneg,SAT,19,2.677,SAT,17,4.6862,SAT,17,4.6017,SAT,15,16.716,SAT,14,51.033,SAT,11,32.68
bc57sensorsp0,SAT,62,83.418,SAT,97,283.35,SAT,55,277.89,SAT,72,222.67,SAT,70,468.81,SAT,70,446.53
bc57sensorsp0neg,SAT,79,552.23,SAT,79,453.94,SAT,58,149.99,SAT,58,277,SAT,67,672.69,SAT,59,619.5
bc57sensorsp1,timeout,,,SAT,73,277.92,SAT,87,306,SAT,79,467.77,timeout,,,SAT,72,797.68
bc57sensorsp1neg,SAT,88,518.54,timeout,,,SAT,82,344.49,SAT,70,363.29,SAT,74,642.1,timeout,,
bc57sensorsp2,SAT,71,594.88,timeout,,,SAT,63,183.03,SAT,71,759.4,SAT,83,715.2,timeout,,
bc57sensorsp2neg,SAT,54,292.07,SAT,82,216.75,SAT,65,464.3,SAT,57,309.64,SAT,70,750.77,timeout,,
bc57sensorsp3,SAT,78,351.84,timeout,,,SAT,66,244.66,SAT,70,205.93,SAT,60,406.83,SAT,75,562.11
beemadd3b1,SAT,8,84.116,SAT,7,66.186,SAT,7,4.9999,timeout,,,timeout,,,SAT,3,136.51
beemadd4b1,timeout,,,SAT,7,62.898,SAT,5,22.974,timeout,,,SAT,3,81.207,SAT,3,94.699
beemandrsn4b1,UNSAT,16,706.46,timeout,,,timeout,,,timeout,,,timeout,,,timeout,,
beemandrsn6b1,timeout,,,timeout,,,timeout,,,timeout,,,timeout,,,timeout,,
beemandrsn7f1,SAT,10,860.26,SAT,8,257.42,timeout,,,SAT,5,196.79,timeout,,,timeout,,
beemat1b1,timeout,,,timeout,,,timeout,,,timeout,,,timeout,,,timeout,,
beemat1f1,timeout,,,timeout,,,UNSAT,44,245.21,UNSAT,31,802.09,UNSAT,25,621.48,UNSAT,35,489.33
beemat4f1,timeout,,,timeout,,,timeout,,,timeout,,,timeout,,,timeout,,
beembkry1b1,UNSAT,20,17.75,UNSAT,20,24.696,UNSAT,14,24.782,UNSAT,15,65.91,UNSAT,20,167.25,UNSAT,15,255.17
beembkry5b1,timeout,,,timeout,,,timeout,,,timeout,,,timeout,,,timeout,,
beembkry7f1,timeout,,,timeout,,,timeout,,,timeout,,,timeout,,,timeout,,
beemblks2b1,timeout,,,timeout,,,timeout,,,timeout,,,timeout,,,timeout,,
beemblks3f1,timeout,,,timeout,,,timeout,,,timeout,,,timeout,,,timeout,,
beembrdg2f1,timeout,,,timeout,,,timeout,,,timeout,,,timeout,,,timeout,,
beembrdg3b1,timeout,,,timeout,,,timeout,,,timeout,,,timeout,,,timeout,,
beembrdg3f1,timeout,,,timeout,,,timeout,,,timeout,,,timeout,,,timeout,,
beembrp1f1,UNSAT,105,283.98,UNSAT,94,169.46,UNSAT,112,478.94,UNSAT,108,659.43,UNSAT,104,635.3,timeout,,
beembrptwo1b2,timeout,,,timeout,,,timeout,,,timeout,,,timeout,,,timeout,,
beembrptwo1f2,UNSAT,59,35.764,UNSAT,47,129.55,UNSAT,37,69.774,UNSAT,59,316.47,UNSAT,40,102.01,UNSAT,36,207.28
beembrptwo4b1,SAT,33,48.367,SAT,37,119.97,SAT,60,248.16,SAT,35,232.53,timeout,,,SAT,24,659.88
beembrptwo5f2,timeout,,,UNSAT,86,460.06,timeout,,,UNSAT,69,698.32,UNSAT,91,694.46,timeout,,
beemcmbrdg1b1,timeout,,,timeout,,,timeout,,,timeout,,,timeout,,,timeout,,
beemcmbrdg1f1,timeout,,,timeout,,,timeout,,,timeout,,,timeout,,,timeout,,
beemcoll1b1,UNSAT,14,48.776,UNSAT,11,73.82,UNSAT,14,113.85,UNSAT,12,261.7,UNSAT,9,400.31,UNSAT,8,575.53
beemcoll3b1,timeout,,,timeout,,,timeout,,,timeout,,,timeout,,,timeout,,
beemcoll4b1,timeout,,,timeout,,,timeout,,,timeout,,,timeout,,,timeout,,
beemexit5f1,UNSAT,20,34.415,UNSAT,18,40.597,UNSAT,20,57.788,UNSAT,19,63.743,UNSAT,20,78.025,UNSAT,16,124.24
beemextnc1b1,timeout,,,timeout,,,timeout,,,timeout,,,timeout,,,timeout,,
beemextnc3b1,SAT,7,243.38,timeout,,,timeout,,,timeout,,,timeout,,,timeout,,
beemfish4f1,UNSAT,14,12.84,UNSAT,31,58.771,UNSAT,21,33.416,UNSAT,17,91.509,UNSAT,16,147,UNSAT,18,194.19
beemfish6b1,timeout,,,timeout,,,timeout,,,timeout,,,timeout,,,timeout,,
beemfrogs1b1,timeout,,,SAT,8,762.82,SAT,10,632.36,timeout,,,timeout,,,timeout,,
beemfrogs1f1,SAT,16,382.01,SAT,15,373.59,SAT,18,815.71,SAT,11,61.176,timeout,,,timeout,,
beemfwt1b1,timeout,,,timeout,,,timeout,,,timeout,,,timeout,,,timeout,,
beemfwt1f1,timeout,,,timeout,,,timeout,,,timeout,,,timeout,,,timeout,,
beemfwt5f2,timeout,,,timeout,,,timeout,,,timeout,,,timeout,,,timeout,,
beemgear1f1,timeout,,,timeout,,,timeout,,,timeout,,,timeout,,,timeout,,
beemgear2b1,SAT,8,1.9277,SAT,26,6.0294,SAT,17,9.0609,SAT,17,15.977,SAT,8,14.221,SAT,16,33.698
beemgear2f1,timeout,,,timeout,,,timeout,,,timeout,,,timeout,,,timeout,,
beemhanoi1b1,SAT,7,246.36,timeout,,,timeout,,,timeout,,,timeout,,,timeout,,
beemhanoi1f1,timeout,,,timeout,,,timeout,,,timeout,,,timeout,,,timeout,,
beemkrebs3b1,timeout,,,timeout,,,timeout,,,timeout,,,timeout,,,timeout,,
beemkrebs3f1,timeout,,,timeout,,,timeout,,,timeout,,,timeout,,,timeout,,
beemkrebs4b1,timeout,,,timeout,,,timeout,,,timeout,,,timeout,,,timeout,,
beemlann2b1,timeout,,,UNSAT,21,833.58,timeout,,,timeout,,,timeout,,,timeout,,
beemlann2f1,UNSAT,48,696.05,UNSAT,31,7.7025,UNSAT,34,24.593,UNSAT,39,63.193,UNSAT,27,90.088,UNSAT,26,47.087
beemlann4b1,timeout,,,timeout,,,timeout,,,timeout,,,timeout,,,timeout,,
beemldelec1b1,timeout,,,timeout,,,timeout,,,timeout,,,timeout,,,timeout,,
beemldelec4b1,SAT,5,160.71,SAT,4,251.06,SAT,3,96.734,SAT,3,527.75,timeout,,,timeout,,
beemldfilt1f1,UNSAT,117,845.59,timeout,,,timeout,,,timeout,,,timeout,,,timeout,,
beemldfilt3b1,timeout,,,timeout,,,timeout,,,timeout,,,timeout,,,timeout,,
beemldfilt4b1,UNSAT,18,844.2,timeout,,,timeout,,,timeout,,,timeout,,,timeout,,
beemldfilt5b1,timeout,,,timeout,,,timeout,,,timeout,,,timeout,,,timeout,,
beemlifts2b1,timeout,,,timeout,,,timeout,,,timeout,,,timeout,,,timeout,,
beemlifts3b1,timeout,,,timeout,,,timeout,,,timeout,,,timeout,,,timeout,,
beemlifts8b1,SAT,6,61.039,SAT,5,204.93,SAT,3,104.69,timeout,,,timeout,,,timeout,,
beemlmprt1b1,UNSAT,21,104.15,UNSAT,15,81.956,UNSAT,18,153.16,UNSAT,19,272.99,UNSAT,19,667.1,timeout,,
beemlmprt5b1,timeout,,,timeout,,,timeout,,,timeout,,,timeout,,,timeout,,
beemlmprt5f1,UNSAT,24,7.9362,UNSAT,23,7.885,UNSAT,25,9.7098,UNSAT,24,31.606,UNSAT,22,39.45,UNSAT,19,69.515
beemlmprt7b1,timeout,,,timeout,,,timeout,,,timeout,,,timeout,,,timeout,,
beemloyd2b1,SAT,8,8.7988,SAT,6,20.123,SAT,7,41.04,SAT,4,31.564,SAT,4,63.22,SAT,4,65.878
beemloyd3b1,timeout,,,timeout,,,timeout,,,timeout,,,timeout,,,timeout,,
beemlptna5f1,UNSAT,23,40.004,UNSAT,22,38.817,UNSAT,25,182.16,UNSAT,23,194.15,UNSAT,22,743.72,UNSAT,20,762.02
beemmcs1f1,UNSAT,31,9.9895,UNSAT,14,2.5673,UNSAT,21,5.679,UNSAT,24,32.13,UNSAT,26,78.052,UNSAT,23,92.095
beemmcs3b1,timeout,,,timeout,,,timeout,,,timeout,,,timeout,,,timeout,,
beemmcs4b1,UNSAT,16,410.9,UNSAT,13,431.71,UNSAT,13,615.64,timeout,,,timeout,,,timeout,,
beemmsmie1b1,UNSAT,16,73.436,UNSAT,10,60.15,UNSAT,11,150.92,UNSAT,9,329.96,timeout,,,timeout,,
beemmsmie3b1,timeout,,,timeout,,,timeout,,,timeout,,,timeout,,,timeout,,
beemmsmie3f1,UNSAT,17,676.16,timeout,,,UNSAT,15,703.19,timeout,,,timeout,,,timeout,,
beemndhm2b2,timeout,,,timeout,,,timeout,,,timeout,,,timeout,,,timeout,,
beemndhm2f2,UNSAT,11,43.792,UNSAT,10,33.034,UNSAT,9,60.583,UNSAT,7,136.95,UNSAT,9,290.85,UNSAT,9,430.35
beemndhm3b2,timeout,,,timeout,,,timeout,,,timeout,,,timeout,,,timeout,,
beempgmprot1b1,UNSAT,17,31.857,UNSAT,21,80.109,UNSAT,17,76.098,UNSAT,17,170.85,UNSAT,17,429.3,UNSAT,17,450.27
beempgmprot1b2,timeout,,,timeout,,,timeout,,,timeout,,,timeout,,,timeout,,
beempgmprot7b1,UNSAT,15,269.07,timeout,,,UNSAT,15,205.07,UNSAT,15,701.16,timeout,,,timeout,,
beempgsol2b1,timeout,,,timeout,,,timeout,,,timeout,,,timeout,,,timeout,,
beempgsol5b1,SAT,4,98.396,SAT,3,68.349,timeout,,,SAT,1,566.2,SAT,1,12.65,SAT,1,1.3781
beemplc1b2,timeout,,,timeout,,,timeout,,,timeout,,,timeout,,,timeout,,
beemprdcell2f1,SAT,20,33.23,timeout,,,timeout,,,SAT,38,876.35,timeout,,,timeout,,
beemprng1b1,SAT,4,4.4638,SAT,3,6.2853,SAT,3,149.06,SAT,1,1.2306,SAT,1,1.8248,SAT,1,2.9976
beemptrsn1b1,UNSAT,20,96.925,UNSAT,14,77.691,UNSAT,12,80.044,UNSAT,19,419.29,UNSAT,20,661.36,timeout,,
beemptrsn4b1,timeout,,,timeout,,,timeout,,,timeout,,,timeout,,,timeout,,
beemptrsn7b1,timeout,,,timeout,,,timeout,,,timeout,,,timeout,,,timeout,,
beemptrsn7f1,timeout,,,timeout,,,timeout,,,timeout,,,timeout,,,timeout,,
beemrether3b1,timeout,,,timeout,,,timeout,,,timeout,,,timeout,,,timeout,,
beemrether4f1,timeout,,,timeout,,,timeout,,,timeout,,,timeout,,,timeout,,
beemrether6b1,SAT,10,5.4357,timeout,,,SAT,9,199.32,SAT,8,194.66,SAT,10,261.82,timeout,,
beemrshr2b1,timeout,,,timeout,,,timeout,,,timeout,,,timeout,,,timeout,,
beemrshr2f1,timeout,,,timeout,,,timeout,,,timeout,,,timeout,,,timeout,,
beemrshr3b1,timeout,,,timeout,,,timeout,,,timeout,,,timeout,,,timeout,,
beemskbn1f1,timeout,,,timeout,,,timeout,,,timeout,,,timeout,,,timeout,,
beemskbn2b1,timeout,,,timeout,,,timeout,,,timeout,,,timeout,,,timeout,,
beemskbn2f1,timeout,,,timeout,,,timeout,,,timeout,,,timeout,,,timeout,,
beemsnpse4f1,UNSAT,18,27.301,UNSAT,24,34.544,UNSAT,18,145.84,UNSAT,18,386.8,UNSAT,22,485.4,UNSAT,18,739.18
beemsnpse7b1,UNSAT,33,888.49,timeout,,,timeout,,,timeout,,,timeout,,,timeout,,
beemszmsk1b1,timeout,,,timeout,,,timeout,,,timeout,,,timeout,,,timeout,,
beemszmsk1f1,UNSAT,51,481.85,UNSAT,35,166.33,UNSAT,48,185.68,UNSAT,35,233.98,timeout,,,UNSAT,45,646.84
beemtlphn4b1,timeout,,,timeout,,,timeout,,,timeout,,,timeout,,,timeout,,
beemtlphn5f1,UNSAT,20,205,UNSAT,21,124.55,UNSAT,20,210.31,UNSAT,19,398.99,UNSAT,22,579.67,timeout,,
beemtrngt2b1,UNSAT,31,36.569,UNSAT,20,27.829,UNSAT,19,50.976,UNSAT,17,82.821,UNSAT,17,99.576,UNSAT,11,110.36
beemtrngt3f1,SAT,30,311.37,timeout,,,SAT,26,124.19,timeout,,,timeout,,,SAT,22,485.46
beemtrngt4b1,UNSAT,27,88.17,UNSAT,24,273.02,UNSAT,25,310.38,UNSAT,21,742.68,UNSAT,21,664.15,UNSAT,15,110.42
beemtrngt5f1,timeout,,,timeout,,,timeout,,,timeout,,,timeout,,,timeout,,
bj08amba2g3f3,UNSAT,12,0.42431,UNSAT,12,0.36715,UNSAT,11,0.41146,UNSAT,9,0.60745,UNSAT,8,1.2401,UNSAT,6,1.9139
bjrb07amba10andenv,UNSAT,13,383.81,UNSAT,10,601.94,UNSAT,9,363.56,UNSAT,10,567.46,timeout,,,timeout,,
bjrb07amba3andenv,UNSAT,11,3.8705,UNSAT,10,3.5661,UNSAT,9,3.5221,UNSAT,9,6.8347,UNSAT,9,15.699,UNSAT,7,26.727
bjrb07amba4andenv,UNSAT,8,7.0211,UNSAT,9,10.129,UNSAT,8,11.646,UNSAT,8,21.999,UNSAT,6,30.09,UNSAT,8,68.46
bjrb07amba5andenv,UNSAT,9,17.979,UNSAT,9,18.948,UNSAT,11,32.372,UNSAT,8,31.044,UNSAT,8,70.137,UNSAT,9,151.98
bjrb07amba6andenv,UNSAT,9,59.678,UNSAT,9,63.891,UNSAT,9,60.193,UNSAT,8,74.865,UNSAT,10,226.36,UNSAT,9,386.71
bjrb07amba7andenv,UNSAT,11,26.985,UNSAT,11,30.138,UNSAT,13,50.931,UNSAT,9,62.741,UNSAT,9,137.15,UNSAT,10,246.09
bjrb07amba9andenv,UNSAT,11,172.56,UNSAT,9,154.84,UNSAT,9,157.17,UNSAT,12,318.76,UNSAT,10,435.75,UNSAT,8,553.44
bob05,UNSAT,23,118.12,timeout,,,error:-6,,,error:-6,,,error:-6,,,error:-6,,
bob12s01,timeout,,,timeout,,,error:-6,,,error:-6,,,error:-6,,,error:-6,,
bob12s02,timeout,,,timeout,,,timeout,,,timeout,,,timeout,,,timeout,,
bob12s03,timeout,,,timeout,,,error:-6,,,error:-6,,,error:-6,,,error:-6,,
bob12s04,timeout,,,timeout,,,SAT,1,22.417,SAT,1,22.425,SAT,1,24.6,SAT,1,25.03
bob12s05,timeout,,,timeout,,,timeout,,,timeout,,,timeout,,,timeout,,
bob12s06,timeout,,,timeout,,,timeout,,,timeout,,,timeout,,,timeout,,
bob12s07,timeout,,,timeout,,,timeout,,,timeout,,,timeout,,,error:-6,,
bob12s08,timeout,,,timeout,,,timeout,,,timeout,,,timeout,,,timeout,,
bob12s09,timeout,,,timeout,,,timeout,,,timeout,,,timeout,,,timeout,,
bob12s10,timeout,,,timeout,,,timeout,,,timeout,,,timeout,,,timeout,,
bob1u05cu,UNSAT,18,55.683,UNSAT,19,88.093,error:-6,,,error:-6,,,error:-6,,,error:-6,,
bob3,UNSAT,26,9.6889,UNSAT,25,5.3439,UNSAT,23,8.5283,UNSAT,22,8.0896,UNSAT,19,10.433,UNSAT,17,8.1055
bob9234redmiter,SAT,296,448.72,timeout,,,error:-6,,,error:-6,,,error:-6,,,error:-6,,
bob9234spec4neg,SAT,553,13.67,SAT,553,22.076,SAT,553,29.641,SAT,553,51.629,SAT,553,92.385,SAT,553,144.6
bob9234spec5neg,SAT,284,38.861,SAT,301,190.99,SAT,289,56.767,SAT,276,54.983,SAT,293,218.04,SAT,291,320.65
bob9234spec6neg,SAT,273,75.732,SAT,289,61.817,SAT,274,70.593,SAT,287,238.52,SAT,276,250.55,SAT,287,374.98
bob9234spec7neg,SAT,287,4.8383,SAT,287,7.7098,SAT,287,10.366,SAT,287,18.591,SAT,287,34.017,SAT,287,51.02
bobaesdinvdmit,UNSAT,20,287.05,UNSAT,19,306.76,UNSAT,18,375.82,error:-6,,,timeout,,,timeout,,
bobcohdoptdcd4,UNSAT,17,78.643,UNSAT,19,118.01,UNSAT,15,165.14,UNSAT,11,62.632,UNSAT,15,185.31,UNSAT,13,497.47
boblivea,UNSAT,18,5.8301,UNSAT,20,5.2766,UNSAT,17,9.1995,UNSAT,15,6.1507,UNSAT,12,25.199,UNSAT,17,25.025
boblivear,UNSAT,20,22.541,UNSAT,19,46.068,UNSAT,16,27.023,UNSAT,14,30.871,UNSAT,13,8.2898,UNSAT,12,6.0509
bobmiterbm1or,SAT,1,0.002204,SAT,1,0.00888,SAT,1,0.003858,SAT,1,0.018964,SAT,1,0.027975,SAT,1,0.01544
bobmitersynbm,timeout,,,timeout,,,error:-6,,,error:-6,,,error:-6,,,error:-6,,
bobpci215,SAT,8,1.8288,SAT,8,2.0104,SAT,8,2.6847,SAT,7,3.9069,SAT,5,4.1493,error:-6,,
bobpcihm,timeout,,,timeout,,,error:-6,,,error:-6,,,error:-6,,,error:-6,,
bobsm38584,timeout,,,timeout,,,error:-6,,,error:-6,,,error:-6,,,error:-6,,
bobsm5378d2,UNSAT,27,7.3453,UNSAT,26,7.6124,error:-6,,,error:-6,,,error:-6,,,error:-6,,
bobsm9234,timeout,,,timeout,,,error:-6,,,error:-6,,,error:-6,,,error:-6,,
bobsmcodic,timeout,,,timeout,,,timeout,,,timeout,,,timeout,,,timeout,,
bobsmdct,UNSAT,15,2.756,UNSAT,13,4.452,error:-6,,,error:-6,,,error:-6,,,error:-6,,
bobsmfpu,timeout,,,timeout,,,error:-6,,,timeout,,,timeout,,,timeout,,
bobsmhdlc1,timeout,,,timeout,,,error:-6,,,error:-6,,,error:-6,,,error:-6,,
bobsmhdlc2,timeout,,,timeout,,,error:-6,,,error:-6,,,error:-6,,,error:-6,,
bobsmhdlc3,timeout,,,timeout,,,error:-6,,,error:-6,,,error:-6,,,error:-6,,
bobsmhdlc,timeout,,,timeout,,,error:-6,,,error:-6,,,error:-6,,,error:-6,,
bobsmi2c,timeout,,,timeout,,,UNSAT,65,49.112,UNSAT,55,84.767,UNSAT,59,143.84,UNSAT,49,211.34
bobsmmem,timeout,,,timeout,,,error:-6,,,error:-6,,,timeout,,,timeout,,
bobsmminiuart,timeout,,,timeout,,,error:-6,,,error:-6,,,error:-6,,,error:-6,,
bobsmmips,timeout,,,timeout,,,timeout,,,timeout,,,timeout,,,timeout,,
bobsmnut1,UNSAT,86,69.268,UNSAT,85,77.496,error:-6,,,error:-6,,,error:-6,,,error:-6,,
bobsmnut2,UNSAT,57,1.6308,UNSAT,62,1.9495,UNSAT,57,2.0144,UNSAT,59,3.3914,error:-6,,,error:-6,,
bobsmoci,timeout,,,timeout,,,error:-6,,,error:-6,,,error:-6,,,error:-6,,
bobsmrisc,UNSAT,19,388.12,UNSAT,19,411.92,UNSAT,21,664.12,timeout,,,timeout,,,timeout,,
bobsmvhd3,timeout,,,timeout,,,error:-6,,,error:-6,,,error:-6,,,error:-6,,
bobsynth00neg,SAT,1,0.059162,SAT,1,0.076442,SAT,1,0.070674,SAT,1,0.10506,SAT,1,0.11997,SAT,1,0.16782
bobsynth01neg,UNSAT,7,1.2029,UNSAT,8,1.0482,error:-6,,,error:-6,,,error:-6,,,error:-6,,
bobsynth04neg,SAT,3,0.14428,SAT,2,0.10209,SAT,1,0.073976,SAT,1,0.10997,SAT,1,0.12982,SAT,1,0.17161
bobsynth06neg,SAT,20,192.58,SAT,21,557.49,error:-6,,,error:-6,,,error:-6,,,error:-6,,
bobsynth07neg,SAT,15,59.626,SAT,17,164.06,error:-6,,,error:-6,,,error:-6,,,error:-6,,
bobsynth08neg,SAT,18,314.96,SAT,22,723.24,SAT,19,733.51,error:-6,,,error:-6,,,error:-6,,
bobsynth09neg,UNSAT,6,0.94087,UNSAT,8,1.6179,error:-6,,,error:-6,,,error:-6,,,error:-6,,
bobsynth11neg,SAT,14,33.527,SAT,11,16.107,error:-6,,,error:-6,,,error:-6,,,error:-6,,
bobsynth12neg,SAT,12,36.875,SAT,14,20.731,SAT,12,21.401,SAT,10,35.019,SAT,8,23.323,SAT,7,15.734
bobsynth13neg,SAT,17,80.483,SAT,16,48.717,SAT,16,93.777,SAT,14,126.56,SAT,13,154.97,SAT,11,189.82
bobsynthetic2,SAT,5,81.191,SAT,4,108.36,SAT,3,141.45,SAT,1,0.51826,SAT,1,1.0934,SAT,1,3.5021
bobsynthetic,SAT,5,12.042,SAT,4,15.589,SAT,3,24.093,SAT,1,0.99742,SAT,1,2.0537,SAT,1,2.4236
bobtuint04neg,UNSAT,15,0.12003,UNSAT,15,0.20541,UNSAT,15,0.41961,UNSAT,15,0.85659,UNSAT,15,1.2335,UNSAT,14,2.0615
bobtuint05neg,UNSAT,15,0.12259,UNSAT,15,0.202,UNSAT,15,0.40313,UNSAT,15,0.75402,UNSAT,15,1.2287,UNSAT,14,2.0674
bobtuint06,SAT,1,0.002254,SAT,1,0.003467,SAT,1,0.011173,SAT,1,0.026472,SAT,1,0.033113,SAT,1,0.040928
bobtuint06neg,UNSAT,11,0.016072,UNSAT,10,0.068709,UNSAT,10,0.10762,UNSAT,10,0.20391,UNSAT,10,0.30927,UNSAT,11,0.44049
bobtuint07neg,UNSAT,15,0.099996,UNSAT,14,0.2899,UNSAT,15,0.36564,UNSAT,15,0.8061,UNSAT,15,1.1912,UNSAT,14,1.5859
bobtuint08neg,UNSAT,9,0.06737,UNSAT,8,0.083384,UNSAT,7,0.10493,UNSAT,7,0.12988,UNSAT,6,0.14197,UNSAT,6,0.21775
bobtuint09neg,UNSAT,14,0.29877,UNSAT,15,0.67105,UNSAT,16,0.46966,UNSAT,15,0.84127,UNSAT,16,1.6456,UNSAT,15,1.9038
bobtuint10neg,UNSAT,7,0.019615,UNSAT,7,0.053849,UNSAT,7,0.098424,UNSAT,7,0.19479,UNSAT,6,0.26697,UNSAT,7,0.35105
bobtuint11neg,UNSAT,5,0.004393,UNSAT,5,0.017472,UNSAT,5,0.042464,UNSAT,5,0.074795,UNSAT,4,0.079681,UNSAT,4,0.13264
bobtuint12neg,UNSAT,5,0.005281,UNSAT,5,0.019919,UNSAT,5,0.024672,UNSAT,5,0.080135,UNSAT,4,0.076102,UNSAT,4,0.10866
bobtuint13neg,UNSAT,10,0.044262,UNSAT,9,0.091559,UNSAT,9,0.1113,UNSAT,9,0.24455,UNSAT,8,0.26763,UNSAT,8,0.33028
bobtuint14neg,UNSAT,5,0.005084,UNSAT,5,0.019436,UNSAT,5,0.033105,UNSAT,5,0.076278,UNSAT,4,0.068984,UNSAT,4,0.1164
bobtuint15neg,UNSAT,9,0.040945,UNSAT,9,0.06693,UNSAT,9,0.10309,UNSAT,9,0.24109,UNSAT,9,0.28827,UNSAT,7,0.50465
bobtuint16neg,UNSAT,5,0.00434,UNSAT,5,0.012885,UNSAT,5,0.031551,UNSAT,5,0.1011,UNSAT,4,0.10696,UNSAT,4,0.10443
bobtuint17neg,UNSAT,9,0.037399,UNSAT,9,0.070249,UNSAT,9,0.11899,UNSAT,9,0.264,UNSAT,8,0.27639,UNSAT,9,0.48327
bobtuint18neg,UNSAT,5,0.004062,UNSAT,5,0.014153,UNSAT,5,0.039634,UNSAT,5,0.074114,UNSAT,4,0.08597,UNSAT,4,0.12634
bobtuint19neg,UNSAT,10,0.029901,UNSAT,9,0.070688,UNSAT,9,0.11809,UNSAT,9,0.24441,UNSAT,9,0.25747,UNSAT,8,0.37453
bobtuint20neg,UNSAT,5,0.005282,UNSAT,5,0.011742,UNSAT,5,0.028863,UNSAT,5,0.071043,UNSAT,4,0.073563,UNSAT,4,0.10296
bobtuint21neg,UNSAT,9,0.035252,UNSAT,9,0.07048,UNSAT,9,0.12114,UNSAT,9,0.25951,UNSAT,7,0.27983,UNSAT,9,0.53347
bobtuint22neg,UNSAT,5,0.003898,UNSAT,5,0.012791,UNSAT,5,0.027519,UNSAT,5,0.074199,UNSAT,4,0.079922,UNSAT,4,0.10371
bobtuint23neg,UNSAT,9,0.035241,UNSAT,9,0.07034,UNSAT,9,0.1087,UNSAT,10,0.26262,UNSAT,9,0.25265,UNSAT,9,0.45902
bobtuint24neg,UNSAT,5,0.004486,UNSAT,5,0.016922,UNSAT,5,0.027133,UNSAT,5,0.073939,UNSAT,4,0.088866,UNSAT,4,0.11027
bobtuint25neg,UNSAT,8,0.038115,UNSAT,9,0.071917,UNSAT,9,0.12452,UNSAT,9,0.25814,UNSAT,7,0.25286,UNSAT,8,0.38701
bobtuint26neg,UNSAT,13,0.053911,UNSAT,11,0.10737,UNSAT,12,0.17108,UNSAT,12,0.40133,UNSAT,12,0.56124,UNSAT,12,0.76705
bobtuint27neg,UNSAT,21,4.142,UNSAT,15,3.9721,UNSAT,20,7.391,UNSAT,15,10.844,UNSAT,18,23.633,UNSAT,16,34.105
bobtuint28neg,UNSAT,12,0.013688,UNSAT,12,0.048959,UNSAT,12,0.089047,UNSAT,12,0.16463,UNSAT,12,0.28307,UNSAT,11,0.35435
bobtuint29neg,UNSAT,5,0.00826,UNSAT,5,0.02831,UNSAT,5,0.047166,UNSAT,6,0.096657,UNSAT,5,0.12601,UNSAT,5,0.16455
bobtuint30neg,UNSAT,12,0.026744,UNSAT,12,0.066295,UNSAT,12,0.088886,UNSAT,12,0.21911,UNSAT,12,0.32823,UNSAT,11,0.35533
bobtuint31neg,UNSAT,27,0.84506,UNSAT,26,1.0263,UNSAT,30,1.6676,UNSAT,24,2.9737,UNSAT,20,4.0773,UNSAT,18,7.3194
bobtuintorneg,UNSAT,3,0.001291,UNSAT,3,0.00318,UNSAT,3,0.019941,UNSAT,3,0.017766,UNSAT,3,0.024541,UNSAT,3,0.034728
bobtutt,SAT,3,0.19089,SAT,3,0.67581,SAT,3,1.4358,SAT,3,4.0943,SAT,3,5.4522,SAT,3,11.549
bobtuttt,timeout,,,timeout,,,timeout,,,timeout,,,timeout,,,timeout,,
cmudme1,timeout,,,timeout,,,timeout,,,timeout,,,timeout,,,timeout,,
cmudme2,timeout,,,timeout,,,timeout,,,timeout,,,timeout,,,timeout,,
csmacdp0,SAT,7,20.685,SAT,7,18.683,SAT,3,1.0288,SAT,3,5.6831,SAT,2,4.7858,SAT,1,0.097818
csmacdp0neg,SAT,7,21.078,SAT,6,11.451,SAT,5,8.1597,SAT,3,7.7915,SAT,2,4.9543,SAT,1,0.09666
csmacdp2,SAT,7,96.292,SAT,5,12.062,SAT,5,6.1188,SAT,3,3.2611,SAT,2,5.8185,SAT,1,0.10976
csmacdp2neg,SAT,8,137.39,SAT,5,7.9656,SAT,5,9.5509,SAT,3,6.1505,SAT,2,5.855,SAT,1,0.11857
eijkbs1512,UNSAT,181,82.166,UNSAT,179,98.542,UNSAT,175,93.645,UNSAT,181,120.02,UNSAT,164,168.53,UNSAT,180,188.37
eijkbs3271,timeout,,,timeout,,,timeout,,,timeout,,,timeout,,,timeout,,
eijkbs3330,UNSAT,8,13.116,UNSAT,7,16.368,error:-6,,,error:-6,,,error:-6,,,error:-6,,
eijkbs3384,timeout,,,timeout,,,error:-6,,,error:-6,,,error:-6,,,timeout,,
eijkbs4863,UNSAT,6,2.675,UNSAT,5,4.0588,UNSAT,6,7.5657,UNSAT,6,18.26,UNSAT,6,35.575,UNSAT,6,261.87
eijkbs6669,timeout,,,timeout,,,error:-6,,,timeout,,,timeout,,,timeout,,
eijks1423,timeout,,,timeout,,,error:-6,,,error:-6,,,error:-6,,,error:-6,,
eijks208,UNSAT,30,0.078449,UNSAT,26,0.10498,UNSAT,29,0.11207,UNSAT,30,0.1393,UNSAT,30,0.18858,UNSAT,31,0.23576
eijks208c,UNSAT,31,0.074336,UNSAT,28,0.080345,UNSAT,29,0.091067,UNSAT,33,0.14922,UNSAT,31,0.17292,UNSAT,32,0.27283
eijks208o,UNSAT,10,0.007564,UNSAT,10,0.009885,UNSAT,9,0.015645,UNSAT,8,0.020155,UNSAT,8,0.024062,UNSAT,8,0.037672
eijks382,UNSAT,59,11.224,UNSAT,59,7.721,error:-6,,,error:-6,,,error:-6,,,error:-6,,
eijks420,UNSAT,943,248.98,UNSAT,1015,433.93,UNSAT,971,248.07,UNSAT,901,272.29,UNSAT,913,331.65,UNSAT,892,325.77
eijks444,UNSAT,74,113.28,UNSAT,84,129.95,error:-6,,,error:-6,,,error:-6,,,error:-6,,
eijks526,timeout,,,UNSAT,60,38.063,UNSAT,60,215.41,UNSAT,60,131.8,UNSAT,60,83.211,UNSAT,55,132.5
eijks5378,UNSAT,36,78.855,UNSAT,29,85.105,error:-6,,,error:-6,,,error:-6,,,error:-6,,
eijks641,UNSAT,6,0.016223,UNSAT,5,0.040282,UNSAT,4,0.03545,UNSAT,3,0.061048,UNSAT,3,0.18267,UNSAT,3,0.89224
eijks713,UNSAT,6,0.040359,UNSAT,5,0.031195,UNSAT,4,0.026465,UNSAT,3,0.057006,UNSAT,3,0.1984,UNSAT,3,0.74787
eijks838,timeout,,,timeout,,,timeout,,,timeout,,,timeout,,,timeout,,
irstdme4,SAT,37,282.34,SAT,26,10.434,SAT,27,12.57,SAT,31,90.162,SAT,23,28.698,timeout,,
irstdme5,SAT,25,8.9658,SAT,26,7.3984,SAT,22,412.41,SAT,26,15.646,SAT,28,175.26,timeout,,
irstdme6,SAT,31,29.202,SAT,22,13.744,SAT,22,10.176,SAT,25,49.315,SAT,28,443.69,SAT,32,848.68
kenflashp05,UNSAT,3,0.007716,UNSAT,3,0.024309,UNSAT,3,0.05862,UNSAT,3,0.11999,UNSAT,3,0.23463,UNSAT,3,0.40726
kenflashp11,UNSAT,3,0.026056,UNSAT,3,0.057559,UNSAT,3,0.088979,UNSAT,3,0.15793,UNSAT,3,0.30421,UNSAT,3,0.52486
mentorbm1and,SAT,12,491.1,timeout,,,error:-6,,,error:-6,,,error:-6,,,error:-6,,
mentorbm1p00,UNSAT,13,8.013,UNSAT,12,7.7823,error:-6,,,error:-6,,,error:-6,,,error:-6,,
mentorbm1p01,UNSAT,41,390.91,timeout,,,error:-6,,,error:-6,,,error:-6,,,error:-6,,
mentorbm1p04,UNSAT,6,1.5856,UNSAT,6,1.6353,error:-6,,,error:-6,,,error:-6,,,error:-6,,
mentorbm1p05,UNSAT,20,144.18,UNSAT,8,25.631,error:-6,,,error:-6,,,error:-6,,,error:-6,,
mentorbm1p07,timeout,,,UNSAT,34,128.27,error:-6,,,error:-6,,,error:-6,,,error:-6,,
mentorbm1p08,UNSAT,20,66.893,UNSAT,13,9.7705,error:-6,,,error:-6,,,error:-6,,,error:-6,,
mentorbm1p10,timeout,,,timeout,,,error:-6,,,error:-6,,,error:-6,,,error:-6,,
mentorbm1p11,timeout,,,timeout,,,error:-6,,,error:-6,,,error:-6,,,error:-6,,
mentorbm1p12,timeout,,,SAT,10,518.57,error:-6,,,error:-6,,,error:-6,,,error:-6,,
neclabakery001,UNSAT,67,4.8428,UNSAT,87,9.5898,UNSAT,76,6.2121,UNSAT,68,13.333,UNSAT,86,32.226,UNSAT,77,63.14
neclaftp1001,UNSAT,30,651.26,timeout,,,timeout,,,timeout,,,UNSAT,9,14.66,UNSAT,6,8.967
neclaftp1002,timeout,,,timeout,,,timeout,,,timeout,,,timeout,,,timeout,,
neclaftp2001,UNSAT,47,566.3,UNSAT,43,541.04,UNSAT,36,459.52,UNSAT,33,473.42,UNSAT,13,27.33,UNSAT,7,6.9678
neclaftp2002,timeout,,,timeout,,,timeout,,,timeout,,,timeout,,,timeout,,
neclaftp3001,SAT,5,1.1448,SAT,5,1.1885,SAT,5,1.2013,SAT,5,1.397,SAT,5,3.1996,SAT,5,13.877
neclaftp3002,SAT,7,1.3397,SAT,7,1.4624,SAT,7,1.5049,SAT,5,1.3918,SAT,5,4.0172,SAT,5,11.471
nusmvbrp,UNSAT,26,1.1328,UNSAT,26,1.6386,UNSAT,22,2.5574,UNSAT,21,4.5238,UNSAT,18,8.3118,UNSAT,17,10.981
nusmvdme116,timeout,,,timeout,,,timeout,,,timeout,,,timeout,,,timeout,,
nusmvdme216,timeout,,,timeout,,,timeout,,,timeout,,,timeout,,,timeout,,
nusmvguidancep2,UNSAT,21,3.9106,UNSAT,18,5.5194,UNSAT,18,8.8294,UNSAT,17,15.675,UNSAT,18,23.396,UNSAT,14,31.156
nusmvguidancep4,UNSAT,4,0.005457,UNSAT,4,0.012986,UNSAT,4,0.054734,UNSAT,3,0.062085,UNSAT,3,0.094766,UNSAT,3,0.12019
nusmvguidancep5,UNSAT,17,2.5763,UNSAT,18,5.0934,UNSAT,19,14.65,UNSAT,17,6.8861,UNSAT,19,27.742,UNSAT,18,75.174
nusmvguidancep6,UNSAT,15,2.4983,UNSAT,11,2.0248,UNSAT,10,2.8507,UNSAT,12,11.803,UNSAT,10,9.4575,UNSAT,8,17.65
nusmvguidancep7,UNSAT,25,9.9849,UNSAT,23,12.469,UNSAT,19,15.203,UNSAT,24,43.778,UNSAT,20,71.921,UNSAT,21,76.739
nusmvguidancep8,UNSAT,20,2.9029,UNSAT,22,5.8262,UNSAT,21,12.645,UNSAT,21,20.226,UNSAT,15,43.133,UNSAT,13,47.187
nusmvguidancep9,UNSAT,21,7.8672,UNSAT,17,7.7642,UNSAT,14,1.9934,UNSAT,13,7.8413,UNSAT,16,22.216,UNSAT,17,87.751
nusmvqueue,timeout,,,timeout,,,timeout,,,timeout,,,timeout,,,timeout,,
nusmvreactorp2,timeout,,,timeout,,,timeout,,,timeout,,,timeout,,,timeout,,
nusmvreactorp6,UNSAT,134,789.33,timeout,,,UNSAT,136,843.36,UNSAT,103,836.8,timeout,,,timeout,,
nusmvtcasp5,SAT,25,14.589,SAT,24,20.425,SAT,23,31.063,SAT,21,54.04,SAT,19,81.202,SAT,17,84.233
nusmvtcastp5,SAT,25,9.4782,SAT,24,17.519,SAT,23,26.109,SAT,21,38.05,SAT,19,116.07,SAT,13,82.073
oski1rub00i,timeout,,,timeout,,,timeout,,,timeout,,,timeout,,,timeout,,
oski1rub01i,timeout,,,timeout,,,timeout,,,timeout,,,timeout,,,timeout,,
oski1rub02i,timeout,,,timeout,,,timeout,,,timeout,,,timeout,,,timeout,,
oski1rub03i,timeout,,,timeout,,,timeout,,,timeout,,,timeout,,,timeout,,
oski1rub04i,timeout,,,timeout,,,timeout,,,timeout,,,timeout,,,timeout,,
oski1rub05i,UNSAT,3,0.017262,UNSAT,3,0.18873,UNSAT,3,0.41289,UNSAT,3,0.84196,UNSAT,3,1.2906,UNSAT,3,1.7266
oski1rub07i,UNSAT,6,447.5,UNSAT,5,289.34,UNSAT,8,346.05,UNSAT,6,425.08,UNSAT,8,525.73,UNSAT,6,544.76
oski1rub08i,timeout,,,timeout,,,timeout,,,timeout,,,timeout,,,timeout,,
oski1rub09i,timeout,,,timeout,,,timeout,,,timeout,,,timeout,,,timeout,,
oski1rub10i,timeout,,,timeout,,,timeout,,,timeout,,,timeout,,,timeout,,
oski2ub0i,timeout,,,timeout,,,timeout,,,timeout,,,timeout,,,timeout,,
oski2ub1i,timeout,,,timeout,,,timeout,,,timeout,,,timeout,,,timeout,,
oski2ub2i,timeout,,,timeout,,,timeout,,,timeout,,,timeout,,,timeout,,
oski2ub3i,timeout,,,timeout,,,timeout,,,timeout,,,timeout,,,timeout,,
oski2ub4i,timeout,,,timeout,,,timeout,,,timeout,,,timeout,,,timeout,,
oski2ub5i,timeout,,,timeout,,,timeout,,,timeout,,,timeout,,,timeout,,
oski3ub0i,timeout,,,timeout,,,timeout,,,timeout,,,timeout,,,timeout,,
oski3ub1i,SAT,13,373.11,SAT,12,374.88,SAT,11,351.83,SAT,10,499.19,SAT,7,542.1,SAT,7,540.39
oski3ub2i,UNSAT,8,4.3414,UNSAT,10,25.883,UNSAT,10,29.354,UNSAT,9,15.227,UNSAT,8,35.575,UNSAT,8,23.285
oski3ub3i,SAT,13,358.32,SAT,12,354.76,SAT,12,375.04,SAT,10,558.26,SAT,7,533.82,SAT,7,549.27
oski3ub4i,SAT,13,517.22,SAT,12,561.23,SAT,11,518.5,SAT,10,577.09,SAT,7,554.86,SAT,7,840.84
oski3ub5i,SAT,13,608.67,SAT,12,705.24,SAT,11,714.34,timeout,,,SAT,7,765.32,timeout,,
oski4ui,timeout,,,timeout,,,timeout,,,timeout,,,error:-6,,,error:-6,,
oski5ui,timeout,,,timeout,,,timeout,,,timeout,,,error:-6,,,error:-6,,
pdtfifo1to0,timeout,,,timeout,,,timeout,,,timeout,,,timeout,,,timeout,,
pdtpmsam2901,UNSAT,4,0.91724,UNSAT,4,2.2804,UNSAT,4,45.322,timeout,,,timeout,,,timeout,,
pdtpmsbufferalloc,timeout,,,timeout,,,error:-6,,,error:-6,,,error:-6,,,error:-6,,
pdtpmscoherence,UNSAT,18,37.764,UNSAT,15,30.742,UNSAT,12,53.057,UNSAT,12,71.69,UNSAT,10,161.06,UNSAT,9,274.96
pdtpmseisenberg,timeout,,,timeout,,,timeout,,,timeout,,,timeout,,,timeout,,
pdtpmsfpmult,UNSAT,7,0.83282,UNSAT,6,0.95122,UNSAT,5,2.0079,UNSAT,5,4.393,UNSAT,5,6.9868,UNSAT,5,8.6216
pdtpmsgigamax,UNSAT,7,0.32506,UNSAT,6,0.53036,UNSAT,5,0.94332,UNSAT,5,2.0762,UNSAT,5,3.6163,UNSAT,5,11.846
pdtpmsgoodbakery,timeout,,,timeout,,,timeout,,,timeout,,,timeout,,,timeout,,
pdtpmsheap,UNSAT,25,4.3717,UNSAT,24,4.9046,UNSAT,22,6.6711,UNSAT,22,22.607,UNSAT,23,18.968,UNSAT,18,28.738
pdtpmsmiim,UNSAT,52,1.3988,UNSAT,36,1.6788,UNSAT,40,4.8534,UNSAT,32,5.6496,UNSAT,34,9.2912,UNSAT,29,16.936
pdtpmsns2,UNSAT,19,37.333,UNSAT,19,45.13,UNSAT,22,75.933,UNSAT,14,168.85,UNSAT,14,427.72,UNSAT,16,407.75
pdtpmsns3,timeout,,,timeout,,,error:-6,,,error:-6,,,error:-6,,,error:-6,,
pdtpmspalu,UNSAT,10,26.972,UNSAT,8,4.1518,UNSAT,8,29.859,UNSAT,6,23.138,timeout,,,timeout,,
pdtpmsretherrtf,UNSAT,65,222.81,timeout,,,UNSAT,46,54.383,error:-6,,,error:-6,,,error:-6,,
pdtpmsrethersqo,timeout,,,UNSAT,60,280.52,timeout,,,timeout,,,timeout,,,timeout,,
pdtpmssfeistel,UNSAT,22,298.76,UNSAT,16,251.86,UNSAT,16,519.33,UNSAT,12,845.03,timeout,,,UNSAT,12,822.36
pdtpmstimeout,timeout,,,timeout,,,timeout,,,timeout,,,UNSAT,15,493.11,UNSAT,8,137.72
pdtpmstwo,UNSAT,5,0.08319,UNSAT,4,0.087841,error:-6,,,error:-6,,,error:-6,,,error:-6,,
pdtpmsudc12,timeout,,,timeout,,,timeout,,,timeout,,,timeout,,,timeout,,
pdtpmsudc16,timeout,,,timeout,,,timeout,,,timeout,,,timeout,,,timeout,,
pdtpmsudc8,timeout,,,timeout,,,timeout,,,timeout,,,timeout,,,timeout,,
pdtpmsviper,UNSAT,10,321,UNSAT,9,310.86,error:-6,,,error:-6,,,timeout,,,timeout,,
pdtpmsvsa16a,UNSAT,11,10.55,UNSAT,10,11.13,error:-6,,,error:-6,,,error:-6,,,error:-6,,
pdtpmsvsar,UNSAT,12,15.798,UNSAT,11,12.795,error:-6,,,error:-6,,,error:-6,,,error:-6,,
pdtswvibs8x8p0,SAT,11,0.08306,SAT,10,0.17614,SAT,6,0.11544,SAT,7,0.19939,SAT,7,0.3799,SAT,6,0.69797
pdtswvibs8x8p1,UNSAT,39,26.549,UNSAT,31,27.259,UNSAT,56,30.038,UNSAT,54,68.381,UNSAT,36,95.204,UNSAT,46,238.48
pdtswvqis10x6p0,SAT,35,2.3719,SAT,31,1.707,SAT,33,1.8667,SAT,34,2.8323,SAT,54,10.574,SAT,45,17.023
pdtswvqis10x6p1,UNSAT,117,146.07,UNSAT,117,129.07,UNSAT,117,171.71,UNSAT,116,212.63,UNSAT,114,246.31,UNSAT,100,293.85
pdtswvqis10x6p2,timeout,,,timeout,,,timeout,,,timeout,,,timeout,,,timeout,,
pdtswvqis8x8p0,SAT,29,3.1139,SAT,27,3.1581,SAT,27,4.5344,SAT,26,3.1717,SAT,49,5.3617,SAT,52,13.285
pdtswvqis8x8p1,UNSAT,94,84.486,UNSAT,95,58.596,UNSAT,97,126.89,UNSAT,87,78.077,UNSAT,81,145.5,UNSAT,89,222.22
pdtswvqis8x8p2,timeout,,,timeout,,,timeout,,,timeout,,,timeout,,,timeout,,
pdtswvrod6x8p1,timeout,,,timeout,,,timeout,,,timeout,,,timeout,,,timeout,,
pdtswvrod6x8p2,timeout,,,timeout,,,timeout,,,timeout,,,timeout,,,timeout,,
pdtswvroz10x6p1,UNSAT,53,4.2082,UNSAT,69,11.141,UNSAT,53,6.0378,UNSAT,57,10.292,UNSAT,56,16.702,UNSAT,53,10.532
pdtswvroz10x6p2,UNSAT,103,32.797,UNSAT,89,32.073,UNSAT,90,30.563,UNSAT,91,50.816,UNSAT,90,49.202,UNSAT,95,79.58
pdtswvroz8x8p1,UNSAT,70,4.098,UNSAT,44,5.969,UNSAT,49,4.1783,UNSAT,59,11.556,UNSAT,53,12.055,UNSAT,49,12.272
pdtswvroz8x8p2,UNSAT,98,15.837,UNSAT,103,33.653,UNSAT,100,24.331,UNSAT,82,29.569,UNSAT,74,53.148,UNSAT,87,62.461
pdtswvsam4x8p4,timeout,,,timeout,,,timeout,,,timeout,,,timeout,,,timeout,,
pdtswvsam6x8p0,SAT,15,1.6619,SAT,16,1.378,SAT,18,2.2874,SAT,18,2.0635,SAT,17,2.4315,SAT,14,6.5698
pdtswvsam6x8p1,UNSAT,13,0.29181,UNSAT,11,0.34667,UNSAT,10,0.37694,UNSAT,13,0.85245,UNSAT,10,1.0101,UNSAT,12,3.0037
pdtswvsam6x8p2,UNSAT,18,0.23322,UNSAT,14,0.34683,UNSAT,17,0.35902,UNSAT,20,1.1432,UNSAT,9,0.52858,UNSAT,9,1.1849
pdtswvsam6x8p3,UNSAT,43,140.85,UNSAT,44,206.52,UNSAT,45,156.4,UNSAT,39,285.85,UNSAT,46,475.6,timeout,,
pdtswvsam6x8p4,timeout,,,timeout,,,timeout,,,timeout,,,timeout,,,timeout,,
pdtswvtma6x4p2,UNSAT,51,66.918,UNSAT,56,87.185,UNSAT,52,89.168,UNSAT,52,80.71,UNSAT,48,123.88,UNSAT,53,240.39
pdtswvtma6x4p3,UNSAT,61,445.61,UNSAT,61,476.55,UNSAT,56,552.73,UNSAT,57,611.91,UNSAT,57,863.55,timeout,,
pdtswvtma6x6p1,UNSAT,54,81.575,UNSAT,48,74.05,UNSAT,56,108.05,UNSAT,48,150.66,UNSAT,46,265.73,UNSAT,47,732.23
pdtswvtma6x6p2,UNSAT,60,580.05,UNSAT,62,562.6,UNSAT,57,696.46,UNSAT,55,875.79,timeout,,,timeout,,
pdtswvtma6x6p3,timeout,,,timeout,,,timeout,,,timeout,,,timeout,,,timeout,,
pdtswvtms10x8p1,UNSAT,20,22.216,UNSAT,16,14.859,UNSAT,14,22.296,UNSAT,20,43.867,UNSAT,18,78.932,UNSAT,11,111.87
pdtswvtms12x8p1,UNSAT,21,22.084,UNSAT,17,37.486,UNSAT,14,30.622,UNSAT,21,40.967,UNSAT,18,59.635,UNSAT,8,105.1
pdtswvtms14x8p1,UNSAT,26,22.213,UNSAT,36,68.865,UNSAT,13,53.837,UNSAT,24,72.584,UNSAT,24,155.47,UNSAT,8,168.44
pdtvisbakery0,UNSAT,32,5.874,UNSAT,30,6.5349,UNSAT,36,34.031,UNSAT,25,23.02,UNSAT,25,32.788,UNSAT,24,63.358
pdtvisbakery1,UNSAT,30,7.1078,UNSAT,33,9.209,UNSAT,31,15.14,UNSAT,30,33.885,UNSAT,26,45.292,UNSAT,23,69.844
pdtvisbakery2,UNSAT,33,14.28,UNSAT,30,29.901,UNSAT,37,71.953,UNSAT,27,57.02,UNSAT,23,64.292,UNSAT,24,84.855
pdtvisbufferalloc,timeout,,,timeout,,,timeout,,,timeout,,,timeout,,,timeout,,
pdtviscoherence4,UNSAT,9,0.40176,UNSAT,8,0.49671,UNSAT,7,0.35404,UNSAT,6,2.0768,UNSAT,6,2.8069,UNSAT,7,6.2886
pdtviscoherence5,UNSAT,11,0.31871,UNSAT,9,0.49474,UNSAT,8,0.61974,UNSAT,7,1.4608,UNSAT,9,5.9844,UNSAT,9,10.773
pdtviseisenberg0,UNSAT,14,1.3026,UNSAT,20,5.8295,UNSAT,21,6.3037,UNSAT,15,4.2675,UNSAT,21,18.796,UNSAT,9,5.2198
pdtviseisenberg1,UNSAT,14,0.75415,UNSAT,13,0.92854,UNSAT,15,0.8825,UNSAT,14,5.567,UNSAT,16,2.5193,UNSAT,11,14.496
pdtviseisenberg2,UNSAT,20,2.7644,UNSAT,15,0.8404,UNSAT,14,1.5885,UNSAT,19,7.6548,UNSAT,13,2.3565,UNSAT,11,6.6617
pdtvisgigamax0,UNSAT,5,0.013816,UNSAT,5,0.068951,UNSAT,5,0.062656,UNSAT,6,0.14696,UNSAT,4,0.25934,UNSAT,4,0.42628
pdtvisgigamax1,UNSAT,5,0.036737,UNSAT,5,0.054861,UNSAT,5,0.072517,UNSAT,6,0.22538,UNSAT,6,0.46644,UNSAT,4,0.54178
pdtvisgigamax2,UNSAT,5,0.020914,UNSAT,5,0.035599,UNSAT,6,0.11456,UNSAT,6,0.19819,UNSAT,4,0.25008,UNSAT,4,0.42383
pdtvisgoodbakery0,UNSAT,30,5.1272,UNSAT,30,6.8032,UNSAT,25,9.6965,UNSAT,20,13.126,UNSAT,27,27.368,UNSAT,24,63.315
pdtvisgoodbakery1,UNSAT,32,7.4557,UNSAT,35,19.938,UNSAT,32,8.8632,UNSAT,30,39.464,UNSAT,24,34.694,UNSAT,26,58.784
pdtvisgoodbakery2,UNSAT,40,31.431,UNSAT,34,11.472,UNSAT,27,40.813,UNSAT,31,166.46,UNSAT,25,29.645,UNSAT,26,48.058
pdtvisns2p0,UNSAT,12,1.1963,UNSAT,11,1.1229,UNSAT,13,1.7754,UNSAT,10,3.6306,UNSAT,10,5.6268,UNSAT,13,15.117
pdtvisns2p1,UNSAT,13,1.461,UNSAT,19,2.3164,UNSAT,13,2.532,UNSAT,11,4.3284,UNSAT,12,7.6203,UNSAT,9,10.762
pdtvisns2p2,UNSAT,11,0.44289,UNSAT,11,0.37322,UNSAT,12,0.73667,UNSAT,11,1.6229,UNSAT,10,5.3626,UNSAT,7,5.1231
pdtvisns3p00,UNSAT,14,4.9633,UNSAT,13,6.5415,UNSAT,15,26.718,UNSAT,12,43.412,UNSAT,11,43.091,UNSAT,13,123.58
pdtvisns3p01,UNSAT,19,14.388,UNSAT,15,25.49,UNSAT,19,31.338,UNSAT,18,62.036,UNSAT,10,47.757,UNSAT,14,113.66
pdtvisns3p02,UNSAT,13,4.7189,UNSAT,10,4.0921,UNSAT,9,8.8893,UNSAT,12,31.172,UNSAT,12,38.906,UNSAT,11,120.84
pdtvisns3p03,UNSAT,13,7.0038,UNSAT,12,10.465,UNSAT,11,9.552,UNSAT,11,25.607,UNSAT,12,53.912,UNSAT,12,90.886
pdtvisns3p04,UNSAT,16,11.963,UNSAT,16,14.659,UNSAT,13,21.824,UNSAT,15,142.38,UNSAT,16,178.78,UNSAT,11,133.04
pdtvisns3p05,UNSAT,17,5.8433,UNSAT,12,9.5276,UNSAT,16,20,UNSAT,13,84.119,UNSAT,15,244.91,UNSAT,12,76.936
pdtvisns3p06,UNSAT,19,20.121,UNSAT,16,9.6027,UNSAT,17,31.573,UNSAT,14,70.736,UNSAT,17,93.895,UNSAT,13,154.31
pdtvisns3p07,UNSAT,14,3.5718,UNSAT,13,7.42,UNSAT,11,10.097,UNSAT,15,31.642,UNSAT,10,35.356,UNSAT,12,243.68
pdtvisns3p08,UNSAT,11,0.85024,UNSAT,12,1.3437,UNSAT,10,2.5223,UNSAT,8,2.9793,UNSAT,9,11.5,UNSAT,9,23.096
pdtvisns3p09,UNSAT,13,1.2057,UNSAT,11,1.5622,UNSAT,14,2.2671,UNSAT,10,4.7806,UNSAT,10,9.8059,UNSAT,10,25.242
pdtvisrethersqo4,UNSAT,48,17.024,UNSAT,42,9.1939,UNSAT,43,13.656,error:-6,,,error:-6,,,error:-6,,
pdtvissfeistel,UNSAT,22,69.122,UNSAT,21,140.73,UNSAT,15,181.07,UNSAT,14,489.88,timeout,,,timeout,,
pdtvissoap1,UNSAT,13,1.6326,UNSAT,19,4.4542,UNSAT,20,17.067,UNSAT,20,53.562,UNSAT,9,11.709,UNSAT,9,7.6966
pdtvissoap2,UNSAT,14,1.9723,UNSAT,13,1.1943,UNSAT,13,1.6993,UNSAT,12,3.2543,UNSAT,12,5.81,UNSAT,10,18.501
pdtvistimeout0,timeout,,,timeout,,,timeout,,,timeout,,,timeout,,,timeout,,
pdtvisvending01,UNSAT,24,19.081,UNSAT,21,20.429,UNSAT,21,29.499,UNSAT,19,75.164,UNSAT,22,160.69,UNSAT,19,186.46
pdtvisvsa16a27,UNSAT,9,0.43791,UNSAT,9,0.75461,UNSAT,9,1.3326,error:-6,,,error:-6,,,error:-6,,
pdtvisvsa16a29,timeout,,,timeout,,,timeout,,,timeout,,,timeout,,,timeout,,
pdtvisvsar27,UNSAT,10,0.074156,UNSAT,9,0.12457,UNSAT,8,0.22253,error:-6,,,error:-6,,,error:-6,,
pdtvisvsar29,timeout,,,timeout,,,timeout,,,timeout,,,timeout,,,timeout,,
pdtvsar8multip00,UNSAT,6,0.015476,UNSAT,8,0.051484,UNSAT,8,0.084505,UNSAT,8,0.22862,UNSAT,6,0.27348,UNSAT,6,0.43974
pdtvsar8multip01,UNSAT,3,0.008685,UNSAT,3,0.022212,UNSAT,3,0.0381,UNSAT,3,0.07896,UNSAT,3,0.1295,UNSAT,3,0.16147
pdtvsar8multip02,UNSAT,5,0.006415,UNSAT,4,0.020763,UNSAT,4,0.045233,UNSAT,3,0.052496,UNSAT,3,0.091925,UNSAT,3,0.12063
pdtvsar8multip03,UNSAT,5,0.55715,UNSAT,5,0.94935,UNSAT,5,2.1831,UNSAT,5,5.1308,UNSAT,5,11.046,UNSAT,5,14.603
pdtvsar8multip04,UNSAT,6,0.032373,UNSAT,7,0.096932,UNSAT,6,0.18448,UNSAT,6,0.68558,UNSAT,6,1.439,UNSAT,6,1.8569
pdtvsar8multip05,UNSAT,9,1.9478,UNSAT,8,2.2921,UNSAT,7,5.8854,UNSAT,7,16.936,UNSAT,7,24.075,UNSAT,7,62.389
pdtvsar8multip06,UNSAT,6,0.12129,UNSAT,6,0.20491,UNSAT,7,0.66863,UNSAT,7,1.9765,UNSAT,5,2.8576,UNSAT,5,5.0763
pdtvsar8multip07,UNSAT,9,3.4765,UNSAT,9,4.5794,UNSAT,9,11.101,UNSAT,9,29.5,UNSAT,8,55.368,UNSAT,9,119
pdtvsar8multip08,UNSAT,6,0.048031,UNSAT,7,0.18699,UNSAT,7,0.45863,UNSAT,7,1.4003,UNSAT,5,1.5541,UNSAT,5,2.4648
pdtvsar8multip09,UNSAT,6,0.066067,UNSAT,6,0.14678,UNSAT,6,0.24551,UNSAT,6,0.88574,UNSAT,5,1.6332,UNSAT,5,2.5769
pdtvsar8multip10,UNSAT,9,1.9817,UNSAT,8,2.3962,UNSAT,8,6.7998,UNSAT,8,18.864,UNSAT,7,26.279,UNSAT,7,69.476
pdtvsar8multip11,UNSAT,4,0.009316,UNSAT,4,0.043613,error:-6,,,error:-6,,,error:-6,,,error:-6,,
pdtvsar8multip12,UNSAT,8,0.065664,UNSAT,7,0.08901,UNSAT,7,0.18124,UNSAT,6,0.40331,UNSAT,4,0.65386,UNSAT,3,1.072
pdtvsar8multip13,UNSAT,4,0.05321,UNSAT,5,0.091686,error:-6,,,error:-6,,,error:-6,,,error:-6,,
pdtvsar8multip14,UNSAT,4,0.018625,UNSAT,4,0.050966,UNSAT,4,0.085579,UNSAT,5,0.48768,UNSAT,5,1.1264,UNSAT,5,2.4336
pdtvsar8multip15,UNSAT,4,0.042163,UNSAT,4,0.073144,UNSAT,4,0.18029,UNSAT,6,0.73392,UNSAT,6,1.5287,UNSAT,6,2.0656
pdtvsar8multip16,UNSAT,3,0.000495,UNSAT,3,0.010877,UNSAT,3,0.020236,UNSAT,3,0.034996,UNSAT,3,0.05065,UNSAT,3,0.081607
pdtvsar8multip17,UNSAT,4,0.00496,UNSAT,4,0.021513,error:-6,,,error:-6,,,error:-6,,,error:-6,,
pdtvsar8multip18,UNSAT,3,0.000748,UNSAT,3,0.01024,UNSAT,3,0.019476,UNSAT,3,0.044544,UNSAT,3,0.067778,UNSAT,3,0.086792
pdtvsar8multip19,UNSAT,4,0.028015,UNSAT,4,0.044746,error:-6,,,error:-6,,,error:-6,,,error:-6,,
pdtvsar8multip20,UNSAT,4,0.008257,UNSAT,3,0.030979,error:-6,,,error:-6,,,error:-6,,,error:-6,,
pdtvsar8multip21,UNSAT,4,0.005047,UNSAT,4,0.020952,error:-6,,,error:-6,,,error:-6,,,error:-6,,
pdtvsar8multip22,UNSAT,4,0.012805,UNSAT,4,0.04113,error:-6,,,error:-6,,,error:-6,,,error:-6,,
pdtvsar8multip23,UNSAT,4,0.007687,UNSAT,4,0.024485,error:-6,,,error:-6,,,error:-6,,,error:-6,,
pdtvsar8multip24,UNSAT,4,0.002829,UNSAT,4,0.013503,error:-6,,,error:-6,,,error:-6,,,error:-6,,
pdtvsar8multip25,UNSAT,4,0.006733,UNSAT,4,0.021336,error:-6,,,error:-6,,,error:-6,,,error:-6,,
pdtvsar8multip26,UNSAT,4,0.007126,UNSAT,4,0.019354,error:-6,,,error:-6,,,error:-6,,,error:-6,,
pdtvsar8multip27,UNSAT,11,0.23747,UNSAT,8,0.30579,UNSAT,9,0.86736,error:-6,,,error:-6,,,error:-6,,
pdtvsar8multip28,UNSAT,3,0.000837,UNSAT,3,0.01047,UNSAT,3,0.016176,UNSAT,3,0.052935,UNSAT,3,0.07544,UNSAT,3,0.098518
pdtvsar8multip29,timeout,,,timeout,,,timeout,,,timeout,,,timeout,,,timeout,,
pdtvsar8multip30,timeout,,,timeout,,,timeout,,,timeout,,,timeout,,,timeout,,
pdtvsar8multip31,UNSAT,4,0.051525,UNSAT,4,0.078037,error:-6,,,error:-6,,,error:-6,,,error:-6,,
pdtvsar8multip32,UNSAT,3,0.20584,UNSAT,3,0.26311,UNSAT,3,0.38809,UNSAT,3,0.27512,UNSAT,3,0.38701,UNSAT,3,0.36928
pdtvsarmultip00,UNSAT,6,0.005398,UNSAT,8,0.038599,UNSAT,6,0.038084,UNSAT,6,0.070421,UNSAT,6,0.092376,UNSAT,6,0.12206
pdtvsarmultip01,UNSAT,3,0.00337,UNSAT,3,0.011959,UNSAT,3,0.014628,UNSAT,3,0.017779,UNSAT,3,0.046191,UNSAT,3,0.061527
pdtvsarmultip02,UNSAT,5,0.002597,UNSAT,4,0.008191,UNSAT,4,0.018643,UNSAT,3,0.024017,UNSAT,3,0.033419,UNSAT,3,0.054897
pdtvsarmultip03,UNSAT,5,0.07671,UNSAT,5,0.13744,UNSAT,5,0.2788,UNSAT,5,0.53524,UNSAT,5,1.069,UNSAT,5,1.317
pdtvsarmultip04,UNSAT,6,0.02223,UNSAT,7,0.071627,UNSAT,6,0.089315,UNSAT,6,0.20533,UNSAT,6,0.30357,UNSAT,6,0.44361
pdtvsarmultip05,UNSAT,9,0.33015,UNSAT,8,0.42119,UNSAT,7,0.76782,UNSAT,7,1.8223,UNSAT,7,2.348,UNSAT,7,5.6903
pdtvsarmultip06,UNSAT,6,0.11274,UNSAT,6,0.13144,UNSAT,7,0.29607,UNSAT,8,0.91431,UNSAT,5,1.0132,UNSAT,5,1.7247
pdtvsarmultip07,UNSAT,9,0.55865,UNSAT,9,0.76036,UNSAT,9,1.3682,UNSAT,9,3.2592,UNSAT,8,4.9257,UNSAT,8,10.514
pdtvsarmultip08,UNSAT,6,0.067399,UNSAT,7,0.12041,UNSAT,7,0.24217,UNSAT,7,0.60961,UNSAT,5,0.48362,UNSAT,5,0.89759
pdtvsarmultip09,UNSAT,6,0.039814,UNSAT,6,0.083607,UNSAT,6,0.15589,UNSAT,6,0.35975,UNSAT,5,0.53736,UNSAT,5,0.97341
pdtvsarmultip10,UNSAT,9,0.33981,UNSAT,8,0.42334,UNSAT,7,0.77662,UNSAT,8,1.9572,UNSAT,6,2.2098,UNSAT,7,5.7831
pdtvsarmultip11,UNSAT,4,0.005355,UNSAT,4,0.010487,error:-6,,,error:-6,,,error:-6,,,error:-6,,
pdtvsarmultip12,UNSAT,8,0.029161,UNSAT,7,0.070214,UNSAT,7,0.10498,UNSAT,6,0.15144,UNSAT,4,0.29478,UNSAT,3,0.43743
pdtvsarmultip13,UNSAT,4,0.009828,UNSAT,5,0.055493,error:-6,,,error:-6,,,error:-6,,,error:-6,,
pdtvsarmultip14,UNSAT,4,0.013594,UNSAT,4,0.025495,UNSAT,4,0.046173,UNSAT,5,0.21195,UNSAT,5,0.32989,UNSAT,5,0.64686
pdtvsarmultip15,UNSAT,4,0.029172,UNSAT,4,0.045105,UNSAT,4,0.08932,UNSAT,6,0.32606,UNSAT,6,0.57495,UNSAT,6,0.80913
pdtvsarmultip16,UNSAT,3,0.000309,UNSAT,3,0.002849,UNSAT,3,0.005245,UNSAT,3,0.015631,UNSAT,3,0.021962,UNSAT,3,0.055046
pdtvsarmultip17,UNSAT,4,0.0035,UNSAT,4,0.006085,error:-6,,,error:-6,,,error:-6,,,error:-6,,
pdtvsarmultip18,UNSAT,3,0.000712,UNSAT,3,0.002945,UNSAT,3,0.010498,UNSAT,3,0.017102,UNSAT,3,0.045761,UNSAT,3,0.029855
pdtvsarmultip19,UNSAT,4,0.012225,UNSAT,4,0.014077,error:-6,,,error:-6,,,error:-6,,,error:-6,,
pdtvsarmultip20,UNSAT,4,0.007079,UNSAT,3,0.007952,error:-6,,,error:-6,,,error:-6,,,error:-6,,
pdtvsarmultip21,UNSAT,4,0.004362,UNSAT,4,0.007266,error:-6,,,error:-6,,,error:-6,,,error:-6,,
pdtvsarmultip22,UNSAT,4,0.004746,UNSAT,4,0.010049,error:-6,,,error:-6,,,error:-6,,,error:-6,,
pdtvsarmultip23,UNSAT,4,0.006341,UNSAT,4,0.008099,error:-6,,,error:-6,,,error:-6,,,error:-6,,
pdtvsarmultip24,UNSAT,4,0.002833,UNSAT,4,0.00549,error:-6,,,error:-6,,,error:-6,,,error:-6,,
pdtvsarmultip25,UNSAT,4,0.002695,UNSAT,4,0.007064,error:-6,,,error:-6,,,error:-6,,,error:-6,,
pdtvsarmultip26,UNSAT,4,0.004563,UNSAT,4,0.007403,error:-6,,,error:-6,,,error:-6,,,error:-6,,
pdtvsarmultip27,UNSAT,11,0.10775,UNSAT,7,0.1105,UNSAT,6,0.17574,error:-6,,,error:-6,,,error:-6,,
pdtvsarmultip28,UNSAT,3,0.000867,UNSAT,3,0.005121,UNSAT,3,0.005527,UNSAT,3,0.016799,UNSAT,3,0.029729,UNSAT,3,0.058286
pdtvsarmultip29,timeout,,,timeout,,,timeout,,,timeout,,,timeout,,,timeout,,
pdtvsarmultip30,UNSAT,3,0.000666,UNSAT,3,0.010724,UNSAT,3,0.00509,UNSAT,3,0.037277,UNSAT,3,0.044635,UNSAT,3,0.056124
pdtvsarmultip31,UNSAT,4,0.012994,UNSAT,4,0.030949,error:-6,,,error:-6,,,error:-6,,,error:-6,,
pdtvsarmultip32,UNSAT,22,60.114,UNSAT,20,66.224,UNSAT,19,78.978,UNSAT,11,387.26,UNSAT,12,58.794,UNSAT,15,202.87
pj2005,UNSAT,9,1.9746,UNSAT,8,2.4972,UNSAT,8,5.9441,UNSAT,8,16.213,UNSAT,7,44.897,UNSAT,8,47.472
pj2006,UNSAT,15,21.583,UNSAT,11,21.29,UNSAT,13,76.411,UNSAT,11,201.27,UNSAT,8,348.21,UNSAT,7,448.99
pj2008,UNSAT,7,1.4971,UNSAT,6,1.5126,UNSAT,5,5.219,UNSAT,6,11.76,UNSAT,5,14.532,UNSAT,5,21.032
pj2009,UNSAT,6,0.31118,UNSAT,8,0.88788,UNSAT,8,2.7763,UNSAT,7,7.1744,UNSAT,4,4.8926,UNSAT,4,3.7114
pj2013,UNSAT,4,0.17178,UNSAT,4,0.2458,UNSAT,4,0.47631,UNSAT,3,0.61925,UNSAT,3,1.8112,UNSAT,3,2.1683
pj2016,UNSAT,8,4.4201,UNSAT,8,158.29,UNSAT,8,680.23,UNSAT,7,179.81,UNSAT,6,89.15,UNSAT,5,51.766
pj2017,UNSAT,22,311.44,UNSAT,29,307.93,UNSAT,43,892.9,timeout,,,timeout,,,timeout,,
pj2018,UNSAT,20,125.5,UNSAT,15,35.835,UNSAT,27,128.3,UNSAT,26,182.61,UNSAT,21,296.41,UNSAT,21,574.52
pj2019,UNSAT,5,2.353,UNSAT,4,2.1454,UNSAT,3,4.7064,UNSAT,3,11.675,UNSAT,3,24.061,UNSAT,3,44.193
prodcellp0neg,SAT,73,39.215,SAT,66,59.129,SAT,77,104.22,SAT,65,83.393,SAT,72,95.455,SAT,74,168.49
prodcellp1,SAT,56,40.761,SAT,62,59.118,SAT,90,137.8,SAT,86,130.56,SAT,78,162.77,SAT,96,237.98
prodcellp1neg,SAT,58,40.507,SAT,77,58.745,SAT,89,123.01,SAT,66,130,SAT,83,177.96,SAT,75,197.74
prodcellp2,SAT,62,49.628,SAT,73,61.733,SAT,91,127.07,SAT,66,108.77,SAT,76,258.27,SAT,89,204.22
prodcellp2neg,SAT,62,50.254,SAT,77,56.441,SAT,80,133.77,SAT,84,161.32,SAT,70,125.19,SAT,63,163.49
prodcellp3,SAT,69,58.31,SAT,64,53.322,SAT,77,80.833,SAT,74,107.14,SAT,70,118.98,SAT,67,134.04
prodcellp4,SAT,80,53.627,SAT,81,70.483,SAT,55,55.856,SAT,75,108.64,SAT,61,169.88,SAT,50,91.339
prodcellp4neg,SAT,64,46.354,SAT,80,76.866,SAT,79,86.206,SAT,74,103.21,SAT,57,144.23,SAT,53,110.8
prodconsp0,SAT,18,2.0845,SAT,17,2.6185,SAT,16,2.302,SAT,16,10.307,SAT,12,8.3248,SAT,11,6.7186
prodconsp0neg,SAT,20,3.5921,SAT,15,1.0879,SAT,14,2.4462,SAT,18,9.8034,SAT,12,10.334,SAT,12,15.012
prodconsp1,SAT,15,0.98771,SAT,16,2.5676,SAT,16,2.045,SAT,13,3.4386,SAT,12,9.6338,SAT,10,5.6876
prodconsp1negnv,SAT,18,1.7306,SAT,20,2.4076,SAT,13,3.6539,SAT,16,5.0567,SAT,13,4.9882,SAT,10,4.4775
prodconsp5,SAT,15,1.019,SAT,18,2.2909,SAT,15,3.1051,SAT,12,1.7469,SAT,10,5.3066,SAT,10,13.573
prodconsp5neg,SAT,16,1.0375,SAT,17,4.9086,SAT,16,2.7202,SAT,13,5.6945,SAT,10,7.5822,SAT,9,6.3632
prodconspold1,SAT,16,1.5516,SAT,17,2.0012,SAT,17,3.545,SAT,16,5.0164,SAT,10,5.7783,SAT,12,11.575
prodconspold3,SAT,16,1.2118,SAT,17,1.6934,SAT,17,2.0657,SAT,16,5.6383,SAT,13,6.5181,SAT,9,6.0547
prodconspold4,SAT,16,1.2497,SAT,18,3.6809,SAT,16,2.2356,SAT,14,6.5408,SAT,12,4.1101,SAT,11,7.4465
texaspimainp15,UNSAT,5,0.040867,UNSAT,5,0.067563,UNSAT,4,0.082652,UNSAT,4,0.13219,UNSAT,4,0.20232,UNSAT,4,0.25946
vis4arbitp1,UNSAT,10,0.061767,UNSAT,10,0.064263,UNSAT,7,0.099219,UNSAT,10,0.34326,UNSAT,9,0.47654,UNSAT,8,0.56647
visbakery,SAT,27,2.8938,SAT,24,2.8326,SAT,22,2.5664,SAT,23,9.2558,SAT,20,11.578,SAT,16,16.574
viselevatorp3,UNSAT,5,0.018901,UNSAT,5,0.025691,UNSAT,5,0.051489,UNSAT,4,0.12267,UNSAT,4,0.13399,UNSAT,4,0.25101
visprodcellp22,UNSAT,17,3.578,UNSAT,15,1.2567,UNSAT,15,1.4152,UNSAT,17,2.3753,UNSAT,28,37.346,UNSAT,18,24.002
