abp4p2ff,SAT,17,1.546,SAT,17,1.9792,SAT,16,3.2661,SAT,14,3.1544,SAT,14,9.0171,SAT,12,11.852,SAT,10,4.754
abp4p2tt,SAT,18,2.2105,SAT,16,1.8087,SAT,16,2.6051,SAT,15,3.9949,SAT,13,9.6099,SAT,12,19.372,SAT,10,11.483
abp4pold,SAT,17,1.4766,SAT,17,1.8857,SAT,14,1.609,SAT,14,2.2734,SAT,14,5.2047,SAT,11,10.799,SAT,10,12.551
abp4ptimo,SAT,19,2.6388,SAT,17,4.6334,SAT,17,3.525,SAT,17,5.1452,SAT,15,16.709,SAT,14,34.541,SAT,12,17.294
abp4ptimoneg,SAT,19,2.677,SAT,17,4.6862,SAT,17,4.3359,SAT,17,6.5136,SAT,15,22.691,SAT,13,28.078,SAT,11,19.057
bc57sensorsp0,SAT,62,83.418,SAT,97,283.35,SAT,54,187.28,SAT,75,287.66,SAT,84,482.19,SAT,68,295.43,SAT,61,491.11
bc57sensorsp0neg,SAT,79,552.23,SAT,79,453.94,SAT,65,477.5,SAT,63,203.59,SAT,69,302.3,SAT,65,620.04,SAT,60,824.76
bc57sensorsp1,timeout,,,SAT,73,277.92,SAT,63,121.23,SAT,78,369.33,SAT,65,521.11,SAT,70,364.58,timeout,,
bc57sensorsp1neg,SAT,88,518.54,timeout,,,SAT,63,120.06,SAT,74,368.42,SAT,77,502.61,SAT,83,439.42,SAT,73,721.06
bc57sensorsp2,SAT,71,594.88,timeout,,,SAT,81,774.66,SAT,65,331.65,SAT,76,343.01,SAT,87,580.81,SAT,83,786.21
bc57sensorsp2neg,SAT,54,292.07,SAT,82,216.75,SAT,67,186.43,SAT,60,346.04,SAT,87,885.87,timeout,,,timeout,,
bc57sensorsp3,SAT,78,351.84,timeout,,,SAT,80,253.41,SAT,68,361.11,SAT,83,382.35,SAT,65,380.87,SAT,69,782.75
beemadd3b1,SAT,8,84.116,SAT,7,66.186,SAT,7,6.3671,SAT,7,323.71,timeout,,,SAT,4,363.53,SAT,3,60.937
beemadd4b1,timeout,,,SAT,7,62.898,SAT,7,464.63,timeout,,,timeout,,,SAT,3,77.17,SAT,3,68.075
beemandrsn4b1,UNSAT,16,706.46,timeout,,,timeout,,,timeout,,,timeout,,,timeout,,,timeout,,
beemandrsn6b1,timeout,,,timeout,,,timeout,,,timeout,,,timeout,,,timeout,,,timeout,,
beemandrsn7f1,SAT,10,860.26,SAT,8,257.42,timeout,,,SAT,6,46.881,timeout,,,timeout,,,timeout,,
beemat1b1,timeout,,,timeout,,,timeout,,,timeout,,,timeout,,,timeout,,,timeout,,
beemat1f1,timeout,,,timeout,,,UNSAT,31,191.24,UNSAT,27,173.24,UNSAT,26,286.71,timeout,,,timeout,,
beemat4f1,timeout,,,timeout,,,timeout,,,timeout,,,timeout,,,timeout,,,timeout,,
beembkry1b1,UNSAT,20,17.75,UNSAT,20,24.696,UNSAT,11,18.295,UNSAT,18,39.744,UNSAT,14,45.7,UNSAT,15,73.171,UNSAT,20,171.46
beembkry5b1,timeout,,,timeout,,,timeout,,,timeout,,,timeout,,,timeout,,,timeout,,
beembkry7f1,timeout,,,timeout,,,timeout,,,timeout,,,timeout,,,timeout,,,timeout,,
beemblks2b1,timeout,,,timeout,,,timeout,,,timeout,,,timeout,,,timeout,,,timeout,,
beemblks3f1,timeout,,,timeout,,,timeout,,,timeout,,,timeout,,,timeout,,,timeout,,
beembrdg2f1,timeout,,,timeout,,,timeout,,,timeout,,,timeout,,,timeout,,,timeout,,
beembrdg3b1,timeout,,,timeout,,,timeout,,,timeout,,,timeout,,,timeout,,,timeout,,
beembrdg3f1,timeout,,,timeout,,,timeout,,,timeout,,,timeout,,,timeout,,,timeout,,
beembrp1f1,UNSAT,105,283.98,UNSAT,94,169.46,UNSAT,100,360.05,UNSAT,102,375.65,UNSAT,107,595.28,UNSAT,91,555.06,UNSAT,103,722.67
beembrptwo1b2,timeout,,,timeout,,,timeout,,,timeout,,,timeout,,,timeout,,,timeout,,
beembrptwo1f2,UNSAT,59,35.764,UNSAT,47,129.55,UNSAT,37,65.606,UNSAT,44,56.405,UNSAT,59,345.6,UNSAT,40,76.188,UNSAT,39,74.888
beembrptwo4b1,SAT,33,48.367,SAT,37,119.97,SAT,46,117.55,SAT,30,99.375,SAT,40,477.96,SAT,9,208.28,timeout,,
beembrptwo5f2,timeout,,,UNSAT,86,460.06,timeout,,,UNSAT,84,601.63,UNSAT,132,331.33,timeout,,,timeout,,
beemcmbrdg1b1,timeout,,,timeout,,,timeout,,,timeout,,,timeout,,,timeout,,,timeout,,
beemcmbrdg1f1,timeout,,,timeout,,,timeout,,,timeout,,,timeout,,,timeout,,,timeout,,
beemcoll1b1,UNSAT,14,48.776,UNSAT,11,73.82,UNSAT,13,53.695,UNSAT,17,183.86,UNSAT,11,90.723,UNSAT,13,410.08,timeout,,
beemcoll3b1,timeout,,,timeout,,,timeout,,,timeout,,,timeout,,,timeout,,,timeout,,
beemcoll4b1,timeout,,,timeout,,,timeout,,,timeout,,,timeout,,,timeout,,,timeout,,
beemexit5f1,UNSAT,20,34.415,UNSAT,18,40.597,UNSAT,20,43.525,UNSAT,24,73.782,UNSAT,22,70.656,UNSAT,21,54.769,UNSAT,20,108.15
beemextnc1b1,timeout,,,timeout,,,timeout,,,timeout,,,timeout,,,timeout,,,timeout,,
beemextnc3b1,SAT,7,243.38,timeout,,,timeout,,,SAT,6,36.011,timeout,,,timeout,,,timeout,,
beemfish4f1,UNSAT,14,12.84,UNSAT,31,58.771,UNSAT,23,29.591,UNSAT,18,70.707,UNSAT,18,47.977,UNSAT,11,80.831,UNSAT,20,135.05
beemfish6b1,timeout,,,timeout,,,timeout,,,timeout,,,timeout,,,timeout,,,timeout,,
beemfrogs1b1,timeout,,,SAT,8,762.82,SAT,9,550.29,timeout,,,timeout,,,timeout,,,timeout,,
beemfrogs1f1,SAT,16,382.01,SAT,15,373.59,SAT,17,138.93,SAT,15,890.52,SAT,11,57.352,timeout,,,timeout,,
beemfwt1b1,timeout,,,timeout,,,timeout,,,timeout,,,timeout,,,timeout,,,timeout,,
beemfwt1f1,timeout,,,timeout,,,timeout,,,timeout,,,timeout,,,timeout,,,timeout,,
beemfwt5f2,timeout,,,timeout,,,timeout,,,timeout,,,timeout,,,timeout,,,timeout,,
beemgear1f1,timeout,,,timeout,,,timeout,,,timeout,,,timeout,,,timeout,,,timeout,,
beemgear2b1,SAT,8,1.9277,SAT,26,6.0294,SAT,17,8.1708,SAT,16,9.941,SAT,16,12.4,SAT,8,10.529,SAT,16,25.346
beemgear2f1,timeout,,,timeout,,,timeout,,,timeout,,,timeout,,,timeout,,,timeout,,
beemhanoi1b1,SAT,7,246.36,timeout,,,timeout,,,timeout,,,timeout,,,timeout,,,timeout,,
beemhanoi1f1,timeout,,,timeout,,,timeout,,,timeout,,,timeout,,,timeout,,,timeout,,
beemkrebs3b1,timeout,,,timeout,,,timeout,,,timeout,,,timeout,,,SAT,29,866.83,timeout,,
beemkrebs3f1,timeout,,,timeout,,,timeout,,,timeout,,,timeout,,,timeout,,,timeout,,
beemkrebs4b1,timeout,,,timeout,,,timeout,,,timeout,,,timeout,,,timeout,,,timeout,,
beemlann2b1,timeout,,,UNSAT,21,833.58,timeout,,,timeout,,,timeout,,,timeout,,,timeout,,
beemlann2f1,UNSAT,48,696.05,UNSAT,31,7.7025,UNSAT,37,41.136,UNSAT,32,28.483,UNSAT,30,22.624,UNSAT,54,159.47,UNSAT,29,21.114
beemlann4b1,timeout,,,timeout,,,timeout,,,timeout,,,timeout,,,timeout,,,timeout,,
beemldelec1b1,timeout,,,timeout,,,timeout,,,timeout,,,timeout,,,timeout,,,timeout,,
beemldelec4b1,SAT,5,160.71,SAT,4,251.06,SAT,3,62.629,SAT,3,176.37,SAT,3,615.34,timeout,,,timeout,,
beemldfilt1f1,UNSAT,117,845.59,timeout,,,timeout,,,timeout,,,timeout,,,timeout,,,timeout,,
beemldfilt3b1,timeout,,,timeout,,,timeout,,,timeout,,,timeout,,,timeout,,,timeout,,
beemldfilt4b1,UNSAT,18,844.2,timeout,,,timeout,,,timeout,,,timeout,,,timeout,,,timeout,,
beemldfilt5b1,timeout,,,timeout,,,timeout,,,timeout,,,timeout,,,timeout,,,timeout,,
beemlifts2b1,timeout,,,timeout,,,timeout,,,timeout,,,timeout,,,timeout,,,timeout,,
beemlifts3b1,timeout,,,timeout,,,timeout,,,timeout,,,timeout,,,timeout,,,timeout,,
beemlifts8b1,SAT,6,61.039,SAT,5,204.93,SAT,4,333.12,SAT,3,736.53,timeout,,,timeout,,,timeout,,
beemlmprt1b1,UNSAT,21,104.15,UNSAT,15,81.956,UNSAT,19,129.5,UNSAT,15,152.11,UNSAT,14,190.48,UNSAT,13,481.48,timeout,,
beemlmprt5b1,timeout,,,timeout,,,timeout,,,timeout,,,timeout,,,timeout,,,timeout,,
beemlmprt5f1,UNSAT,24,7.9362,UNSAT,23,7.885,UNSAT,18,6.8359,UNSAT,23,13.375,UNSAT,24,23.829,UNSAT,21,18.62,UNSAT,22,47.528
beemlmprt7b1,timeout,,,timeout,,,timeout,,,timeout,,,timeout,,,timeout,,,timeout,,
beemloyd2b1,SAT,8,8.7988,SAT,6,20.123,SAT,6,10.145,SAT,5,14.499,SAT,4,45.996,SAT,4,17.744,SAT,4,21.947
beemloyd3b1,timeout,,,timeout,,,timeout,,,timeout,,,timeout,,,timeout,,,timeout,,
beemlptna5f1,UNSAT,23,40.004,UNSAT,22,38.817,UNSAT,20,97.049,UNSAT,20,123.37,UNSAT,22,262.08,UNSAT,19,361.33,UNSAT,20,462.48
beemmcs1f1,UNSAT,31,9.9895,UNSAT,14,2.5673,UNSAT,14,2.983,UNSAT,11,1.9831,UNSAT,35,43.725,UNSAT,28,31.183,UNSAT,19,29.646
beemmcs3b1,timeout,,,timeout,,,timeout,,,timeout,,,timeout,,,timeout,,,timeout,,
beemmcs4b1,UNSAT,16,410.9,UNSAT,13,431.71,UNSAT,16,697.54,UNSAT,15,880.93,timeout,,,timeout,,,timeout,,
beemmsmie1b1,UNSAT,16,73.436,UNSAT,10,60.15,UNSAT,13,162.22,UNSAT,7,140.16,UNSAT,7,245.59,UNSAT,8,668.47,timeout,,
beemmsmie3b1,timeout,,,timeout,,,timeout,,,timeout,,,timeout,,,timeout,,,timeout,,
beemmsmie3f1,UNSAT,17,676.16,timeout,,,timeout,,,timeout,,,timeout,,,timeout,,,timeout,,
beemndhm2b2,timeout,,,timeout,,,timeout,,,timeout,,,timeout,,,timeout,,,timeout,,
beemndhm2f2,UNSAT,11,43.792,UNSAT,10,33.034,UNSAT,12,85.823,UNSAT,10,108.65,UNSAT,9,151.52,UNSAT,10,232.59,UNSAT,8,268.67
beemndhm3b2,timeout,,,timeout,,,timeout,,,timeout,,,timeout,,,timeout,,,timeout,,
beempgmprot1b1,UNSAT,17,31.857,UNSAT,21,80.109,UNSAT,17,71.521,UNSAT,21,128.43,UNSAT,17,146.14,UNSAT,17,330.4,UNSAT,17,341.15
beempgmprot1b2,timeout,,,timeout,,,timeout,,,timeout,,,timeout,,,timeout,,,timeout,,
beempgmprot7b1,UNSAT,15,269.07,timeout,,,UNSAT,29,599.65,UNSAT,15,276.05,UNSAT,15,577.11,timeout,,,timeout,,
beempgsol2b1,timeout,,,timeout,,,timeout,,,timeout,,,timeout,,,timeout,,,timeout,,
beempgsol5b1,SAT,4,98.396,SAT,3,68.349,timeout,,,SAT,5,at,SAT,5,at,SAT,5,at,SAT,5,at
beemplc1b2,timeout,,,timeout,,,timeout,,,timeout,,,timeout,,,timeout,,,timeout,,
beemprdcell2f1,SAT,20,33.23,timeout,,,timeout,,,timeout,,,SAT,38,600.62,timeout,,,timeout,,
beemprng1b1,SAT,4,4.4638,SAT,3,6.2853,SAT,3,165.3,SAT,5,at,SAT,5,at,SAT,5,at,SAT,5,at
beemptrsn1b1,UNSAT,20,96.925,UNSAT,14,77.691,UNSAT,14,91.966,UNSAT,19,155.35,UNSAT,16,161.41,UNSAT,18,601.1,timeout,,
beemptrsn4b1,timeout,,,timeout,,,timeout,,,timeout,,,timeout,,,timeout,,,timeout,,
beemptrsn7b1,timeout,,,timeout,,,timeout,,,timeout,,,timeout,,,timeout,,,timeout,,
beemptrsn7f1,timeout,,,timeout,,,timeout,,,timeout,,,timeout,,,timeout,,,timeout,,
beemrether3b1,timeout,,,timeout,,,timeout,,,timeout,,,timeout,,,timeout,,,timeout,,
beemrether4f1,timeout,,,timeout,,,timeout,,,timeout,,,timeout,,,timeout,,,timeout,,
beemrether6b1,SAT,10,5.4357,timeout,,,SAT,11,111.36,SAT,8,141.93,SAT,8,71.597,SAT,10,370.25,SAT,8,279.83
beemrshr2b1,timeout,,,timeout,,,timeout,,,timeout,,,timeout,,,timeout,,,timeout,,
beemrshr2f1,timeout,,,timeout,,,timeout,,,timeout,,,timeout,,,timeout,,,timeout,,
beemrshr3b1,timeout,,,timeout,,,timeout,,,timeout,,,timeout,,,timeout,,,timeout,,
beemskbn1f1,timeout,,,timeout,,,timeout,,,timeout,,,timeout,,,timeout,,,timeout,,
beemskbn2b1,timeout,,,timeout,,,timeout,,,timeout,,,timeout,,,timeout,,,timeout,,
beemskbn2f1,timeout,,,timeout,,,SAT,38,789.74,timeout,,,timeout,,,timeout,,,timeout,,
beemsnpse4f1,UNSAT,18,27.301,UNSAT,24,34.544,UNSAT,18,57.761,UNSAT,20,79.811,UNSAT,17,152.16,UNSAT,14,250.83,UNSAT,26,539.58
beemsnpse7b1,UNSAT,33,888.49,timeout,,,timeout,,,timeout,,,timeout,,,timeout,,,timeout,,
beemszmsk1b1,timeout,,,timeout,,,timeout,,,timeout,,,timeout,,,timeout,,,timeout,,
beemszmsk1f1,UNSAT,51,481.85,UNSAT,35,166.33,UNSAT,40,256.02,UNSAT,35,136.25,UNSAT,42,237.84,UNSAT,47,569.65,UNSAT,34,334.84
beemtlphn4b1,timeout,,,timeout,,,timeout,,,timeout,,,timeout,,,timeout,,,timeout,,
beemtlphn5f1,UNSAT,20,205,UNSAT,21,124.55,UNSAT,14,101.34,UNSAT,18,205.91,UNSAT,17,326.35,UNSAT,24,500.82,UNSAT,19,586.73
beemtrngt2b1,UNSAT,31,36.569,UNSAT,20,27.829,UNSAT,58,821.12,UNSAT,14,39.075,UNSAT,17,19.999,UNSAT,17,78.079,UNSAT,16,56.347
beemtrngt3f1,SAT,30,311.37,timeout,,,SAT,27,139.48,timeout,,,timeout,,,SAT,32,591.8,SAT,29,115.15
beemtrngt4b1,UNSAT,27,88.17,UNSAT,24,273.02,UNSAT,19,231.92,UNSAT,15,174.33,timeout,,,UNSAT,20,461.44,UNSAT,18,763.69
beemtrngt5f1,timeout,,,timeout,,,timeout,,,timeout,,,timeout,,,timeout,,,timeout,,
bj08amba2g3f3,UNSAT,12,0.42431,UNSAT,12,0.36715,UNSAT,11,0.51304,UNSAT,10,0.59992,UNSAT,9,0.69031,UNSAT,8,0.88756,UNSAT,6,1.4397
bjrb07amba10andenv,UNSAT,13,383.81,UNSAT,10,601.94,UNSAT,10,363.88,UNSAT,11,441.13,UNSAT,11,661.22,UNSAT,12,866.61,UNSAT,9,749.84
bjrb07amba3andenv,UNSAT,11,3.8705,UNSAT,10,3.5661,UNSAT,9,3.5627,UNSAT,10,4.4245,UNSAT,7,5.5703,UNSAT,7,9.958,UNSAT,6,16.048
bjrb07amba4andenv,UNSAT,8,7.0211,UNSAT,9,10.129,UNSAT,9,11.447,UNSAT,8,9.5731,UNSAT,7,15.448,UNSAT,7,28.457,UNSAT,7,44.817
bjrb07amba5andenv,UNSAT,9,17.979,UNSAT,9,18.948,UNSAT,11,26.045,UNSAT,9,20.662,UNSAT,8,26.519,UNSAT,11,78.482,UNSAT,6,91.807
bjrb07amba6andenv,UNSAT,9,59.678,UNSAT,9,63.891,UNSAT,9,60.99,UNSAT,8,71.313,UNSAT,8,66.97,UNSAT,8,108.59,UNSAT,9,181.66
bjrb07amba7andenv,UNSAT,11,26.985,UNSAT,11,30.138,UNSAT,12,32.095,UNSAT,10,48.021,UNSAT,9,57.891,UNSAT,8,85.402,UNSAT,9,144.11
bjrb07amba9andenv,UNSAT,11,172.56,UNSAT,9,154.84,UNSAT,9,128.96,UNSAT,13,251.98,UNSAT,12,277.44,UNSAT,10,439.3,UNSAT,10,528.84
bob05,UNSAT,23,118.12,timeout,,,UNSAT,35,41.347,UNSAT,22,145.77,timeout,,,timeout,,,timeout,,
bob12s01,timeout,,,timeout,,,timeout,,,timeout,,,timeout,,,timeout,,,timeout,,
bob12s02,timeout,,,timeout,,,timeout,,,timeout,,,timeout,,,timeout,,,timeout,,
bob12s03,timeout,,,timeout,,,timeout,,,timeout,,,timeout,,,timeout,,,timeout,,
bob12s04,timeout,,,timeout,,,SAT,3,at,SAT,3,at,SAT,3,at,SAT,3,at,SAT,3,at
bob12s05,timeout,,,timeout,,,timeout,,,timeout,,,timeout,,,timeout,,,timeout,,
bob12s06,timeout,,,timeout,,,timeout,,,timeout,,,timeout,,,timeout,,,timeout,,
bob12s07,timeout,,,timeout,,,timeout,,,timeout,,,timeout,,,timeout,,,timeout,,
bob12s08,timeout,,,timeout,,,timeout,,,timeout,,,timeout,,,timeout,,,timeout,,
bob12s09,timeout,,,timeout,,,timeout,,,timeout,,,timeout,,,timeout,,,timeout,,
bob12s10,timeout,,,timeout,,,timeout,,,timeout,,,timeout,,,timeout,,,timeout,,
bob1u05cu,UNSAT,18,55.683,UNSAT,19,88.093,UNSAT,15,55.122,UNSAT,20,692.83,timeout,,,timeout,,,timeout,,
bob3,UNSAT,26,9.6889,UNSAT,25,5.3439,UNSAT,23,8.6997,UNSAT,22,9.2209,UNSAT,22,6.1233,UNSAT,19,8.6416,UNSAT,18,8.3891
bob9234redmiter,SAT,296,448.72,timeout,,,timeout,,,timeout,,,timeout,,,timeout,,,timeout,,
bob9234spec4neg,SAT,553,13.67,SAT,553,22.076,SAT,553,27.517,SAT,553,34.67,SAT,553,46.766,SAT,553,85.969,SAT,553,132.73
bob9234spec5neg,SAT,284,38.861,SAT,301,190.99,SAT,292,68.904,SAT,309,303.32,SAT,268,42.826,SAT,294,309.63,SAT,310,107.78
bob9234spec6neg,SAT,273,75.732,SAT,289,61.817,SAT,290,49.092,SAT,286,69.369,SAT,288,150.55,SAT,286,116.94,SAT,297,167.74
bob9234spec7neg,SAT,287,4.8383,SAT,287,7.7098,SAT,287,9.6473,SAT,287,12.351,SAT,287,16.84,SAT,287,30.017,SAT,287,44.916
bobaesdinvdmit,UNSAT,20,287.05,UNSAT,19,306.76,UNSAT,18,385.67,UNSAT,17,578.41,timeout,,,timeout,,,timeout,,
bobcohdoptdcd4,UNSAT,17,78.643,UNSAT,19,118.01,UNSAT,15,106.05,UNSAT,14,45.141,UNSAT,15,97.745,UNSAT,11,36.698,UNSAT,13,88.407
boblivea,UNSAT,18,5.8301,UNSAT,20,5.2766,UNSAT,19,6.6422,UNSAT,17,9.6199,UNSAT,14,5.556,UNSAT,19,33.849,UNSAT,12,6.9413
boblivear,UNSAT,20,22.541,UNSAT,19,46.068,UNSAT,21,67.417,UNSAT,20,23.78,UNSAT,20,55.219,UNSAT,16,3.71,UNSAT,12,4.275
bobmiterbm1or,SAT,1,0.002204,SAT,1,0.00888,SAT,1,at,SAT,1,at,SAT,1,at,SAT,1,at,SAT,1,at
bobmitersynbm,timeout,,,timeout,,,timeout,,,timeout,,,timeout,,,timeout,,,timeout,,
bobpci215,SAT,8,1.8288,SAT,8,2.0104,SAT,8,2.6064,SAT,8,3.3315,SAT,7,3.6313,SAT,5,5.0892,SAT,3,4.0272
bobpcihm,timeout,,,timeout,,,timeout,,,timeout,,,timeout,,,timeout,,,timeout,,
bobsm38584,timeout,,,timeout,,,timeout,,,timeout,,,timeout,,,timeout,,,timeout,,
bobsm5378d2,UNSAT,27,7.3453,UNSAT,26,7.6124,UNSAT,30,9.7714,UNSAT,26,8.9498,UNSAT,23,10.928,UNSAT,21,11.615,UNSAT,23,16.412
bobsm9234,timeout,,,timeout,,,timeout,,,timeout,,,timeout,,,timeout,,,timeout,,
bobsmcodic,timeout,,,timeout,,,timeout,,,timeout,,,timeout,,,timeout,,,timeout,,
bobsmdct,UNSAT,15,2.756,UNSAT,13,4.452,UNSAT,13,1.9428,UNSAT,14,2.5542,UNSAT,12,2.5268,UNSAT,11,7.9582,UNSAT,14,14.816
bobsmfpu,timeout,,,timeout,,,timeout,,,timeout,,,timeout,,,timeout,,,timeout,,
bobsmhdlc1,timeout,,,timeout,,,timeout,,,timeout,,,timeout,,,timeout,,,timeout,,
bobsmhdlc2,timeout,,,timeout,,,timeout,,,timeout,,,timeout,,,timeout,,,timeout,,
bobsmhdlc3,timeout,,,timeout,,,timeout,,,timeout,,,timeout,,,timeout,,,timeout,,
bobsmhdlc,timeout,,,timeout,,,timeout,,,timeout,,,timeout,,,timeout,,,timeout,,
bobsmi2c,timeout,,,timeout,,,UNSAT,56,44.63,UNSAT,63,67.342,UNSAT,47,56.031,UNSAT,50,89.528,UNSAT,51,105
bobsmmem,timeout,,,timeout,,,timeout,,,timeout,,,timeout,,,timeout,,,timeout,,
bobsmminiuart,timeout,,,timeout,,,timeout,,,timeout,,,timeout,,,timeout,,,timeout,,
bobsmmips,timeout,,,timeout,,,timeout,,,timeout,,,timeout,,,timeout,,,timeout,,
bobsmnut1,UNSAT,86,69.268,UNSAT,85,77.496,UNSAT,84,114.92,UNSAT,83,154.72,UNSAT,82,89.781,UNSAT,80,212.53,UNSAT,90,289.37
bobsmnut2,UNSAT,57,1.6308,UNSAT,62,1.9495,UNSAT,62,2.0926,UNSAT,61,3.3484,UNSAT,94,6.672,UNSAT,58,4.3149,UNSAT,56,4.8519
bobsmoci,timeout,,,timeout,,,timeout,,,timeout,,,timeout,,,timeout,,,timeout,,
bobsmrisc,UNSAT,19,388.12,UNSAT,19,411.92,UNSAT,21,641.5,timeout,,,timeout,,,timeout,,,timeout,,
bobsmvhd3,timeout,,,timeout,,,timeout,,,timeout,,,timeout,,,timeout,,,timeout,,
bobsynth00neg,SAT,1,0.059162,SAT,1,0.076442,SAT,1,at,SAT,1,at,SAT,1,at,SAT,1,at,SAT,1,at
bobsynth01neg,UNSAT,7,1.2029,UNSAT,8,1.0482,UNSAT,9,1.4594,UNSAT,7,1.1682,UNSAT,8,1.417,UNSAT,7,2.0231,UNSAT,5,1.5705
bobsynth04neg,SAT,3,0.14428,SAT,2,0.10209,SAT,3,at,SAT,3,at,SAT,3,at,SAT,3,at,SAT,3,at
bobsynth06neg,SAT,20,192.58,SAT,21,557.49,SAT,20,336.29,SAT,21,323.19,SAT,19,291.48,SAT,16,576.76,SAT,16,750.74
bobsynth07neg,SAT,15,59.626,SAT,17,164.06,SAT,21,184.91,SAT,20,390.92,SAT,18,236.47,SAT,16,292.57,SAT,15,471.55
bobsynth08neg,SAT,18,314.96,SAT,22,723.24,SAT,19,629.95,timeout,,,SAT,21,409.06,timeout,,,timeout,,
bobsynth09neg,UNSAT,6,0.94087,UNSAT,8,1.6179,UNSAT,6,1.5734,UNSAT,6,1.4279,UNSAT,8,2.0921,UNSAT,6,1.8162,UNSAT,6,2.8296
bobsynth11neg,SAT,14,33.527,SAT,11,16.107,SAT,11,13.584,SAT,9,30.027,SAT,12,16.927,SAT,8,15.982,SAT,6,18.77
bobsynth12neg,SAT,12,36.875,SAT,14,20.731,SAT,12,20.088,SAT,13,31.621,SAT,10,32.83,SAT,8,19.65,SAT,7,25.783
bobsynth13neg,SAT,17,80.483,SAT,16,48.717,SAT,16,88.788,SAT,13,37.784,SAT,14,81.393,SAT,13,94.715,SAT,11,141.52
bobsynthetic2,SAT,5,81.191,SAT,4,108.36,SAT,3,93.073,SAT,5,at,SAT,5,at,SAT,5,at,SAT,5,at
bobsynthetic,SAT,5,12.042,SAT,4,15.589,SAT,3,15.748,SAT,5,at,SAT,5,at,SAT,5,at,SAT,5,at
bobtuint04neg,UNSAT,15,0.12003,UNSAT,15,0.20541,UNSAT,15,0.37646,UNSAT,15,0.50805,UNSAT,15,0.71609,UNSAT,15,1.1585,UNSAT,14,1.7653
bobtuint05neg,UNSAT,15,0.12259,UNSAT,15,0.202,UNSAT,15,0.40071,UNSAT,15,0.58706,UNSAT,15,0.68513,UNSAT,15,1.0969,UNSAT,14,1.8116
bobtuint06,SAT,1,0.002254,SAT,1,0.003467,SAT,1,at,SAT,1,at,SAT,1,at,SAT,1,at,SAT,1,at
bobtuint06neg,UNSAT,11,0.016072,UNSAT,10,0.068709,UNSAT,10,0.13458,UNSAT,10,0.1983,UNSAT,10,0.2366,UNSAT,10,0.38222,UNSAT,11,0.40875
bobtuint07neg,UNSAT,15,0.099996,UNSAT,14,0.2899,UNSAT,15,0.42854,UNSAT,15,0.64046,UNSAT,15,0.74928,UNSAT,15,1.2139,UNSAT,14,1.3767
bobtuint08neg,UNSAT,9,0.06737,UNSAT,8,0.083384,UNSAT,7,0.12744,UNSAT,8,0.15594,UNSAT,7,0.18515,UNSAT,6,0.15076,UNSAT,6,0.21795
bobtuint09neg,UNSAT,14,0.29877,UNSAT,15,0.67105,UNSAT,16,0.50378,UNSAT,14,0.46743,UNSAT,15,0.76881,UNSAT,16,1.3942,UNSAT,15,1.5419
bobtuint10neg,UNSAT,7,0.019615,UNSAT,7,0.053849,UNSAT,7,0.079589,UNSAT,8,0.15333,UNSAT,7,0.25046,UNSAT,6,0.31197,UNSAT,7,0.43326
bobtuint11neg,UNSAT,5,0.004393,UNSAT,5,0.017472,UNSAT,5,0.058068,UNSAT,4,0.081641,UNSAT,5,0.10419,UNSAT,4,0.14072,UNSAT,4,0.19539
bobtuint12neg,UNSAT,5,0.005281,UNSAT,5,0.019919,UNSAT,5,0.062653,UNSAT,4,0.07414,UNSAT,5,0.093471,UNSAT,4,0.14916,UNSAT,4,0.21156
bobtuint13neg,UNSAT,10,0.044262,UNSAT,9,0.091559,UNSAT,9,0.15781,UNSAT,8,0.15141,UNSAT,9,0.23645,UNSAT,8,0.28097,UNSAT,8,0.37487
bobtuint14neg,UNSAT,5,0.005084,UNSAT,5,0.019436,UNSAT,5,0.060243,UNSAT,4,0.045895,UNSAT,5,0.077075,UNSAT,4,0.097907,UNSAT,4,0.13831
bobtuint15neg,UNSAT,9,0.040945,UNSAT,9,0.06693,UNSAT,9,0.15408,UNSAT,9,0.15955,UNSAT,9,0.31107,UNSAT,9,0.31944,UNSAT,8,0.4815
bobtuint16neg,UNSAT,5,0.00434,UNSAT,5,0.012885,UNSAT,5,0.072124,UNSAT,4,0.045396,UNSAT,5,0.10249,UNSAT,4,0.15708,UNSAT,4,0.20111
bobtuint17neg,UNSAT,9,0.037399,UNSAT,9,0.070249,UNSAT,9,0.15417,UNSAT,9,0.2095,UNSAT,9,0.26115,UNSAT,8,0.33816,UNSAT,9,0.48597
bobtuint18neg,UNSAT,5,0.004062,UNSAT,5,0.014153,UNSAT,5,0.060595,UNSAT,4,0.0696,UNSAT,5,0.088794,UNSAT,4,0.10007,UNSAT,4,0.12808
bobtuint19neg,UNSAT,10,0.029901,UNSAT,9,0.070688,UNSAT,9,0.13237,UNSAT,9,0.21865,UNSAT,9,0.26521,UNSAT,9,0.31153,UNSAT,8,0.43171
bobtuint20neg,UNSAT,5,0.005282,UNSAT,5,0.011742,UNSAT,5,0.062079,UNSAT,4,0.069871,UNSAT,5,0.088191,UNSAT,4,0.10263,UNSAT,4,0.20974
bobtuint21neg,UNSAT,9,0.035252,UNSAT,9,0.07048,UNSAT,9,0.15923,UNSAT,9,0.21978,UNSAT,9,0.24593,UNSAT,7,0.30154,UNSAT,9,0.46847
bobtuint22neg,UNSAT,5,0.003898,UNSAT,5,0.012791,UNSAT,5,0.063142,UNSAT,4,0.060786,UNSAT,5,0.13343,UNSAT,4,0.12668,UNSAT,4,0.19764
bobtuint23neg,UNSAT,9,0.035241,UNSAT,9,0.07034,UNSAT,9,0.11287,UNSAT,8,0.19797,UNSAT,10,0.31056,UNSAT,9,0.30176,UNSAT,9,0.41772
bobtuint24neg,UNSAT,5,0.004486,UNSAT,5,0.016922,UNSAT,5,0.059924,UNSAT,4,0.045329,UNSAT,5,0.1322,UNSAT,4,0.12673,UNSAT,4,0.1296
bobtuint25neg,UNSAT,8,0.038115,UNSAT,9,0.071917,UNSAT,9,0.16474,UNSAT,9,0.14843,UNSAT,9,0.23651,UNSAT,7,0.29397,UNSAT,8,0.39574
bobtuint26neg,UNSAT,13,0.053911,UNSAT,11,0.10737,UNSAT,12,0.21581,UNSAT,12,0.28265,UNSAT,12,0.44435,UNSAT,12,0.5259,UNSAT,12,0.85488
bobtuint27neg,UNSAT,21,4.142,UNSAT,15,3.9721,UNSAT,20,6.9493,UNSAT,18,9.7211,UNSAT,15,10.075,UNSAT,18,19.366,UNSAT,17,32.43
bobtuint28neg,UNSAT,12,0.013688,UNSAT,12,0.048959,UNSAT,12,0.12889,UNSAT,12,0.19221,UNSAT,12,0.25085,UNSAT,12,0.31853,UNSAT,11,0.4771
bobtuint29neg,UNSAT,5,0.00826,UNSAT,5,0.02831,UNSAT,5,0.077831,UNSAT,5,0.053973,UNSAT,6,0.10651,UNSAT,5,0.14944,UNSAT,5,0.24534
bobtuint30neg,UNSAT,12,0.026744,UNSAT,12,0.066295,UNSAT,12,0.14034,UNSAT,12,0.18569,UNSAT,12,0.2366,UNSAT,12,0.27342,UNSAT,11,0.45215
bobtuint31neg,UNSAT,27,0.84506,UNSAT,26,1.0263,UNSAT,30,1.7284,UNSAT,28,2.0195,UNSAT,24,2.7201,UNSAT,20,3.4479,UNSAT,18,5.8761
bobtuintorneg,UNSAT,3,0.001291,UNSAT,3,0.00318,UNSAT,3,0.023089,UNSAT,3,0.066884,UNSAT,3,0.039243,UNSAT,3,0.074999,UNSAT,3,0.10354
bobtutt,SAT,3,0.19089,SAT,3,0.67581,SAT,3,1.4763,SAT,3,1.9835,SAT,3,4.1134,SAT,3,5.3134,SAT,3,10.916
bobtuttt,timeout,,,timeout,,,timeout,,,timeout,,,timeout,,,timeout,,,timeout,,
cmudme1,timeout,,,timeout,,,timeout,,,timeout,,,timeout,,,timeout,,,timeout,,
cmudme2,timeout,,,timeout,,,timeout,,,timeout,,,timeout,,,timeout,,,timeout,,
csmacdp0,SAT,7,20.685,SAT,7,18.683,SAT,3,1.1876,SAT,3,2.7568,SAT,4,14.302,SAT,8,at,SAT,8,at
csmacdp0neg,SAT,7,21.078,SAT,6,11.451,SAT,5,7.4312,SAT,4,13.569,SAT,3,4.875,SAT,8,at,SAT,8,at
csmacdp2,SAT,7,96.292,SAT,5,12.062,SAT,5,5.6726,SAT,3,2.3983,SAT,3,4.8976,SAT,8,at,SAT,8,at
csmacdp2neg,SAT,8,137.39,SAT,5,7.9656,SAT,5,8.7606,SAT,4,7.456,SAT,3,4.6785,SAT,8,at,SAT,8,at
eijkbs1512,UNSAT,181,82.166,UNSAT,179,98.542,UNSAT,175,86.27,UNSAT,187,91.009,UNSAT,181,108.16,UNSAT,188,168.22,UNSAT,176,169.78
eijkbs3271,timeout,,,timeout,,,timeout,,,timeout,,,timeout,,,timeout,,,timeout,,
eijkbs3330,UNSAT,8,13.116,UNSAT,7,16.368,UNSAT,6,17.878,UNSAT,6,24.51,UNSAT,6,29.164,UNSAT,6,46.327,UNSAT,6,107.33
eijkbs3384,timeout,,,timeout,,,timeout,,,timeout,,,timeout,,,timeout,,,timeout,,
eijkbs4863,UNSAT,6,2.675,UNSAT,5,4.0588,UNSAT,4,7.179,UNSAT,6,15.556,UNSAT,5,18.766,UNSAT,6,82.205,UNSAT,6,637.1
eijkbs6669,timeout,,,timeout,,,timeout,,,timeout,,,timeout,,,timeout,,,timeout,,
eijks1423,timeout,,,timeout,,,timeout,,,timeout,,,timeout,,,timeout,,,timeout,,
eijks208,UNSAT,30,0.078449,UNSAT,26,0.10498,UNSAT,28,0.094451,UNSAT,26,0.11216,UNSAT,25,0.11005,UNSAT,23,0.1454,UNSAT,26,0.18772
eijks208c,UNSAT,31,0.074336,UNSAT,28,0.080345,UNSAT,27,0.058249,UNSAT,22,0.097167,UNSAT,26,0.077755,UNSAT,23,0.13438,UNSAT,22,0.17926
eijks208o,UNSAT,10,0.007564,UNSAT,10,0.009885,UNSAT,9,0.014149,UNSAT,8,0.023932,UNSAT,9,0.024369,UNSAT,8,0.019072,UNSAT,7,0.064434
eijks382,UNSAT,59,11.224,UNSAT,59,7.721,UNSAT,64,133.03,UNSAT,58,9.9088,UNSAT,74,35.566,UNSAT,55,28.494,UNSAT,66,31.426
eijks420,UNSAT,943,248.98,UNSAT,1015,433.93,UNSAT,837,235.07,UNSAT,813,263.88,UNSAT,905,223.9,UNSAT,867,232.45,UNSAT,782,293.81
eijks444,UNSAT,74,113.28,UNSAT,84,129.95,UNSAT,64,22.377,UNSAT,66,32.195,UNSAT,81,52.783,UNSAT,55,25.617,UNSAT,64,124.26
eijks526,timeout,,,UNSAT,60,38.063,UNSAT,60,181.72,UNSAT,59,245.08,UNSAT,62,78.225,UNSAT,58,67.06,UNSAT,56,80.705
eijks5378,UNSAT,36,78.855,UNSAT,29,85.105,UNSAT,28,94.887,UNSAT,25,99.437,UNSAT,36,135.8,UNSAT,26,149.36,UNSAT,24,180.15
eijks641,UNSAT,6,0.016223,UNSAT,5,0.040282,UNSAT,4,0.05225,UNSAT,3,0.08076,UNSAT,3,0.091154,UNSAT,3,0.49175,UNSAT,3,3.5848
eijks713,UNSAT,6,0.040359,UNSAT,5,0.031195,UNSAT,4,0.057443,UNSAT,3,0.036416,UNSAT,3,0.21133,UNSAT,3,0.71626,UNSAT,3,3.3182
eijks838,timeout,,,timeout,,,timeout,,,timeout,,,timeout,,,timeout,,,timeout,,
irstdme4,SAT,37,282.34,SAT,26,10.434,SAT,25,7.2451,SAT,29,97.162,SAT,19,10.686,SAT,28,689.43,SAT,22,104.2
irstdme5,SAT,25,8.9658,SAT,26,7.3984,SAT,27,13.204,timeout,,,SAT,29,23.258,timeout,,,SAT,18,28.088
irstdme6,SAT,31,29.202,SAT,22,13.744,SAT,24,10.534,SAT,31,214.79,SAT,25,43.034,SAT,29,394.73,timeout,,
kenflashp05,UNSAT,3,0.007716,UNSAT,3,0.024309,UNSAT,3,0.078074,UNSAT,3,0.18696,UNSAT,3,0.2203,UNSAT,3,0.51798,UNSAT,3,0.87406
kenflashp11,UNSAT,3,0.026056,UNSAT,3,0.057559,UNSAT,3,0.14073,UNSAT,3,0.25045,UNSAT,3,0.34455,UNSAT,3,0.55474,UNSAT,3,1.1544
mentorbm1and,SAT,12,491.1,timeout,,,SAT,8,108.6,SAT,9,213.85,SAT,7,54.666,SAT,6,32.021,SAT,4,37.674
mentorbm1p00,UNSAT,13,8.013,UNSAT,12,7.7823,UNSAT,8,7.1942,UNSAT,11,6.7462,UNSAT,7,4.9674,UNSAT,35,44.484,UNSAT,29,69.178
mentorbm1p01,UNSAT,41,390.91,timeout,,,UNSAT,22,693.88,timeout,,,timeout,,,timeout,,,UNSAT,4,4.9973
mentorbm1p04,UNSAT,6,1.5856,UNSAT,6,1.6353,UNSAT,7,2.6603,UNSAT,5,2.2998,UNSAT,7,4.5838,UNSAT,7,5.8499,UNSAT,5,4.9563
mentorbm1p05,UNSAT,20,144.18,UNSAT,8,25.631,UNSAT,20,528.1,UNSAT,14,36.804,UNSAT,15,145.52,timeout,,,timeout,,
mentorbm1p07,timeout,,,UNSAT,34,128.27,timeout,,,timeout,,,timeout,,,timeout,,,timeout,,
mentorbm1p08,UNSAT,20,66.893,UNSAT,13,9.7705,UNSAT,14,27.239,timeout,,,UNSAT,19,554.81,UNSAT,7,7.3219,UNSAT,7,7.3618
mentorbm1p10,timeout,,,timeout,,,timeout,,,timeout,,,SAT,12,816.81,timeout,,,SAT,9,836.21
mentorbm1p11,timeout,,,timeout,,,SAT,12,371.15,timeout,,,SAT,11,651.18,SAT,9,397.73,SAT,6,306.65
mentorbm1p12,timeout,,,SAT,10,518.57,SAT,9,416.46,SAT,9,107.71,SAT,8,258.73,SAT,6,123.39,SAT,4,20.722
neclabakery001,UNSAT,67,4.8428,UNSAT,87,9.5898,UNSAT,76,5.9647,UNSAT,68,7.5384,UNSAT,81,14.799,UNSAT,80,18.758,UNSAT,76,33.948
neclaftp1001,UNSAT,30,651.26,timeout,,,timeout,,,timeout,,,UNSAT,32,897.46,UNSAT,9,15.028,UNSAT,6,10.677
neclaftp1002,timeout,,,timeout,,,timeout,,,timeout,,,timeout,,,timeout,,,timeout,,
neclaftp2001,UNSAT,47,566.3,UNSAT,43,541.04,UNSAT,44,584.2,UNSAT,38,552.83,UNSAT,35,481.27,UNSAT,12,22.887,UNSAT,6,6.4216
neclaftp2002,timeout,,,timeout,,,timeout,,,timeout,,,timeout,,,timeout,,,timeout,,
neclaftp3001,SAT,5,1.1448,SAT,5,1.1885,SAT,5,1.385,SAT,5,1.6743,SAT,5,1.7998,SAT,5,4.1633,SAT,5,12.627
neclaftp3002,SAT,7,1.3397,SAT,7,1.4624,SAT,7,1.6208,SAT,7,1.8912,SAT,5,1.8205,SAT,5,3.3036,SAT,5,11.333
nusmvbrp,UNSAT,26,1.1328,UNSAT,26,1.6386,UNSAT,22,2.2377,UNSAT,23,2.2931,UNSAT,20,2.5458,UNSAT,16,3.4607,UNSAT,19,5.5959
nusmvdme116,timeout,,,timeout,,,timeout,,,timeout,,,timeout,,,timeout,,,timeout,,
nusmvdme216,timeout,,,timeout,,,timeout,,,timeout,,,timeout,,,timeout,,,timeout,,
nusmvguidancep2,UNSAT,21,3.9106,UNSAT,18,5.5194,UNSAT,18,7.1472,UNSAT,17,7.7245,UNSAT,20,8.9932,UNSAT,22,29.905,UNSAT,14,18.934
nusmvguidancep4,UNSAT,4,0.005457,UNSAT,4,0.012986,UNSAT,4,0.069211,UNSAT,4,0.090161,UNSAT,3,0.10875,UNSAT,3,0.1691,UNSAT,3,0.23355
nusmvguidancep5,UNSAT,17,2.5763,UNSAT,18,5.0934,UNSAT,18,3.3538,UNSAT,20,5.9934,UNSAT,17,4.7097,UNSAT,21,13.303,UNSAT,18,22.97
nusmvguidancep6,UNSAT,15,2.4983,UNSAT,11,2.0248,UNSAT,10,2.2194,UNSAT,13,4.408,UNSAT,12,6.0636,UNSAT,11,8.2227,UNSAT,10,10.32
nusmvguidancep7,UNSAT,25,9.9849,UNSAT,23,12.469,UNSAT,19,12.115,UNSAT,23,18.112,UNSAT,23,30.14,UNSAT,20,56.55,UNSAT,20,78.748
nusmvguidancep8,UNSAT,20,2.9029,UNSAT,22,5.8262,UNSAT,20,5.2098,UNSAT,23,11.976,UNSAT,18,16.26,UNSAT,18,14.523,UNSAT,16,33.058
nusmvguidancep9,UNSAT,21,7.8672,UNSAT,17,7.7642,UNSAT,14,1.6075,UNSAT,16,5.7577,UNSAT,12,6.59,UNSAT,11,8.1483,UNSAT,9,4.3129
nusmvqueue,timeout,,,timeout,,,timeout,,,timeout,,,timeout,,,timeout,,,timeout,,
nusmvreactorp2,timeout,,,timeout,,,timeout,,,timeout,,,timeout,,,timeout,,,timeout,,
nusmvreactorp6,UNSAT,134,789.33,timeout,,,timeout,,,timeout,,,timeout,,,timeout,,,UNSAT,99,707.83
nusmvtcasp5,SAT,25,14.589,SAT,24,20.425,SAT,23,23.065,SAT,22,41.749,SAT,21,45.013,SAT,19,101.46,SAT,17,60.164
nusmvtcastp5,SAT,25,9.4782,SAT,24,17.519,SAT,23,17.317,SAT,22,22.214,SAT,18,27.669,SAT,19,48.113,SAT,17,64.674
oski1rub00i,timeout,,,timeout,,,timeout,,,timeout,,,timeout,,,timeout,,,timeout,,
oski1rub01i,timeout,,,timeout,,,timeout,,,timeout,,,timeout,,,timeout,,,timeout,,
oski1rub02i,timeout,,,timeout,,,timeout,,,timeout,,,timeout,,,timeout,,,timeout,,
oski1rub03i,timeout,,,timeout,,,timeout,,,timeout,,,timeout,,,timeout,,,timeout,,
oski1rub04i,timeout,,,timeout,,,timeout,,,timeout,,,timeout,,,timeout,,,timeout,,
oski1rub05i,UNSAT,3,0.017262,UNSAT,3,0.18873,UNSAT,3,1.7872,UNSAT,3,2.3175,UNSAT,3,2.7729,UNSAT,3,3.803,UNSAT,3,4.7473
oski1rub07i,UNSAT,6,447.5,UNSAT,5,289.34,UNSAT,8,321.77,UNSAT,7,300.24,UNSAT,6,369.73,UNSAT,5,450.56,UNSAT,6,472.47
oski1rub08i,timeout,,,timeout,,,timeout,,,timeout,,,timeout,,,timeout,,,timeout,,
oski1rub09i,timeout,,,timeout,,,timeout,,,timeout,,,timeout,,,timeout,,,timeout,,
oski1rub10i,timeout,,,timeout,,,timeout,,,timeout,,,timeout,,,timeout,,,timeout,,
oski2ub0i,timeout,,,timeout,,,timeout,,,timeout,,,timeout,,,timeout,,,timeout,,
oski2ub1i,timeout,,,timeout,,,timeout,,,timeout,,,timeout,,,timeout,,,timeout,,
oski2ub2i,timeout,,,timeout,,,timeout,,,timeout,,,timeout,,,timeout,,,timeout,,
oski2ub3i,timeout,,,timeout,,,timeout,,,timeout,,,timeout,,,timeout,,,timeout,,
oski2ub4i,timeout,,,timeout,,,timeout,,,timeout,,,timeout,,,timeout,,,timeout,,
oski2ub5i,timeout,,,timeout,,,timeout,,,timeout,,,timeout,,,timeout,,,timeout,,
oski3ub0i,timeout,,,timeout,,,timeout,,,timeout,,,timeout,,,timeout,,,timeout,,
oski3ub1i,SAT,13,373.11,SAT,12,374.88,SAT,11,444.44,SAT,11,463.35,SAT,10,459.35,SAT,9,617.79,SAT,7,539.74
oski3ub2i,UNSAT,8,4.3414,UNSAT,10,25.883,UNSAT,9,21.545,UNSAT,9,55.281,UNSAT,10,42.495,UNSAT,7,37.152,UNSAT,8,9.2498
oski3ub3i,SAT,13,358.32,SAT,12,354.76,SAT,12,394.43,SAT,10,413.57,SAT,10,675.83,SAT,9,682.91,SAT,7,386.51
oski3ub4i,SAT,13,517.22,SAT,12,561.23,SAT,11,471.91,SAT,10,632.87,SAT,10,800.12,SAT,9,759.59,SAT,7,721.64
oski3ub5i,SAT,13,608.67,SAT,12,705.24,SAT,12,701.45,SAT,10,829.95,SAT,10,832.06,timeout,,,SAT,7,866.13
oski4ui,timeout,,,timeout,,,timeout,,,timeout,,,timeout,,,timeout,,,timeout,,
oski5ui,timeout,,,timeout,,,timeout,,,timeout,,,timeout,,,timeout,,,timeout,,
pdtfifo1to0,timeout,,,timeout,,,timeout,,,timeout,,,timeout,,,timeout,,,timeout,,
pdtpmsam2901,UNSAT,4,0.91724,UNSAT,4,2.2804,UNSAT,4,687.73,timeout,,,timeout,,,timeout,,,timeout,,
pdtpmsbufferalloc,timeout,,,timeout,,,timeout,,,timeout,,,timeout,,,timeout,,,timeout,,
pdtpmscoherence,UNSAT,18,37.764,UNSAT,15,30.742,UNSAT,13,41.41,UNSAT,14,41.282,UNSAT,12,68.832,UNSAT,9,57.591,UNSAT,10,77.839
pdtpmseisenberg,timeout,,,timeout,,,timeout,,,timeout,,,timeout,,,timeout,,,timeout,,
pdtpmsfpmult,UNSAT,7,0.83282,UNSAT,6,0.95122,UNSAT,6,2.0773,UNSAT,5,2.5758,UNSAT,5,3.5861,UNSAT,5,4.7394,UNSAT,5,7.3625
pdtpmsgigamax,UNSAT,7,0.32506,UNSAT,6,0.53036,UNSAT,5,0.70726,UNSAT,5,1.3414,UNSAT,5,1.5908,UNSAT,5,3.0587,UNSAT,5,17.553
pdtpmsgoodbakery,timeout,,,timeout,,,timeout,,,timeout,,,timeout,,,timeout,,,timeout,,
pdtpmsheap,UNSAT,25,4.3717,UNSAT,24,4.9046,UNSAT,23,6.6904,UNSAT,22,8.5886,UNSAT,20,11.958,UNSAT,20,12.579,UNSAT,17,14.455
pdtpmsmiim,UNSAT,52,1.3988,UNSAT,36,1.6788,UNSAT,37,2.039,UNSAT,31,1.7404,UNSAT,61,9.9062,UNSAT,41,4.9296,UNSAT,41,4.779
pdtpmsns2,UNSAT,19,37.333,UNSAT,19,45.13,UNSAT,17,36.594,UNSAT,16,91.778,UNSAT,17,118.93,UNSAT,18,286.91,UNSAT,15,269.26
pdtpmsns3,timeout,,,timeout,,,timeout,,,timeout,,,timeout,,,timeout,,,timeout,,
pdtpmspalu,UNSAT,10,26.972,UNSAT,8,4.1518,UNSAT,7,12.586,UNSAT,7,18.462,UNSAT,6,31.047,timeout,,,timeout,,
pdtpmsretherrtf,UNSAT,65,222.81,timeout,,,timeout,,,timeout,,,timeout,,,UNSAT,36,25.149,timeout,,
pdtpmsrethersqo,timeout,,,UNSAT,60,280.52,timeout,,,timeout,,,timeout,,,timeout,,,timeout,,
pdtpmssfeistel,UNSAT,22,298.76,UNSAT,16,251.86,UNSAT,17,437.87,UNSAT,13,522.03,UNSAT,12,818.02,UNSAT,10,389.53,UNSAT,9,514.98
pdtpmstimeout,timeout,,,timeout,,,timeout,,,timeout,,,timeout,,,timeout,,,timeout,,
pdtpmstwo,UNSAT,5,0.08319,UNSAT,4,0.087841,UNSAT,4,0.087359,UNSAT,4,0.11551,UNSAT,4,0.14413,UNSAT,4,0.11964,UNSAT,4,0.3111
pdtpmsudc12,timeout,,,timeout,,,timeout,,,timeout,,,timeout,,,timeout,,,timeout,,
pdtpmsudc16,timeout,,,timeout,,,timeout,,,timeout,,,timeout,,,timeout,,,timeout,,
pdtpmsudc8,timeout,,,timeout,,,timeout,,,timeout,,,timeout,,,timeout,,,timeout,,
pdtpmsviper,UNSAT,10,321,UNSAT,9,310.86,UNSAT,7,728.07,timeout,,,timeout,,,timeout,,,timeout,,
pdtpmsvsa16a,UNSAT,11,10.55,UNSAT,10,11.13,UNSAT,9,18.68,UNSAT,9,25.896,UNSAT,9,30.787,UNSAT,8,258.61,timeout,,
pdtpmsvsar,UNSAT,12,15.798,UNSAT,11,12.795,UNSAT,11,18.631,UNSAT,8,2.6047,UNSAT,8,3.3156,UNSAT,9,7.5045,UNSAT,8,42.411
pdtswvibs8x8p0,SAT,11,0.08306,SAT,10,0.17614,SAT,6,0.10286,SAT,6,0.14605,SAT,8,0.2686,SAT,6,0.49103,SAT,6,0.79041
pdtswvibs8x8p1,UNSAT,39,26.549,UNSAT,31,27.259,UNSAT,56,28.812,UNSAT,46,20.946,UNSAT,54,54.776,UNSAT,39,83.664,UNSAT,52,108.98
pdtswvqis10x6p0,SAT,35,2.3719,SAT,31,1.707,SAT,33,1.7002,SAT,23,1.9705,SAT,34,2.5931,SAT,54,8.8106,SAT,45,11.569
pdtswvqis10x6p1,UNSAT,117,146.07,UNSAT,117,129.07,UNSAT,117,167,UNSAT,101,151.66,UNSAT,116,191.17,UNSAT,114,297.38,UNSAT,100,228.38
pdtswvqis10x6p2,timeout,,,timeout,,,timeout,,,timeout,,,timeout,,,timeout,,,timeout,,
pdtswvqis8x8p0,SAT,29,3.1139,SAT,27,3.1581,SAT,27,4.4015,SAT,36,2.5228,SAT,26,2.8462,SAT,49,12.392,SAT,52,9.9215
pdtswvqis8x8p1,UNSAT,94,84.486,UNSAT,95,58.596,UNSAT,97,79.608,UNSAT,93,65.782,UNSAT,87,70.233,UNSAT,81,252.28,UNSAT,91,149.98
pdtswvqis8x8p2,timeout,,,timeout,,,timeout,,,timeout,,,timeout,,,timeout,,,timeout,,
pdtswvrod6x8p1,timeout,,,timeout,,,timeout,,,timeout,,,timeout,,,timeout,,,timeout,,
pdtswvrod6x8p2,timeout,,,timeout,,,timeout,,,timeout,,,timeout,,,timeout,,,timeout,,
pdtswvroz10x6p1,UNSAT,53,4.2082,UNSAT,69,11.141,UNSAT,53,5.7381,UNSAT,46,8.6493,UNSAT,57,9.5898,UNSAT,56,15.392,UNSAT,53,8.5468
pdtswvroz10x6p2,UNSAT,103,32.797,UNSAT,89,32.073,UNSAT,90,28.915,UNSAT,90,42.694,UNSAT,91,48.057,UNSAT,90,44.459,UNSAT,100,97.242
pdtswvroz8x8p1,UNSAT,70,4.098,UNSAT,44,5.969,UNSAT,49,3.952,UNSAT,53,9.1417,UNSAT,59,10.88,UNSAT,53,10.42,UNSAT,49,9.111
pdtswvroz8x8p2,UNSAT,98,15.837,UNSAT,103,33.653,UNSAT,100,23.249,UNSAT,71,22.074,UNSAT,82,28.165,UNSAT,74,46.329,UNSAT,86,68.194
pdtswvsam4x8p4,timeout,,,timeout,,,timeout,,,timeout,,,timeout,,,timeout,,,timeout,,
pdtswvsam6x8p0,SAT,15,1.6619,SAT,16,1.378,SAT,18,2.1979,SAT,14,0.91251,SAT,18,2.056,SAT,17,3.0511,SAT,14,5.3497
pdtswvsam6x8p1,UNSAT,13,0.29181,UNSAT,11,0.34667,UNSAT,10,0.3677,UNSAT,10,0.41593,UNSAT,13,0.90058,UNSAT,10,1.0301,UNSAT,12,2.3359
pdtswvsam6x8p2,UNSAT,18,0.23322,UNSAT,14,0.34683,UNSAT,17,0.36366,UNSAT,19,0.54176,UNSAT,20,1.1686,UNSAT,9,0.64198,UNSAT,9,1.2234
pdtswvsam6x8p3,UNSAT,43,140.85,UNSAT,44,206.52,UNSAT,45,147.29,UNSAT,43,302.83,UNSAT,39,273.7,UNSAT,43,345.93,timeout,,
pdtswvsam6x8p4,timeout,,,timeout,,,timeout,,,timeout,,,timeout,,,timeout,,,timeout,,
pdtswvtma6x4p2,UNSAT,51,66.918,UNSAT,56,87.185,UNSAT,52,83.051,UNSAT,54,83.425,UNSAT,52,89.472,UNSAT,48,106.06,UNSAT,50,178.04
pdtswvtma6x4p3,UNSAT,61,445.61,UNSAT,61,476.55,UNSAT,56,490.96,UNSAT,57,512.59,timeout,,,UNSAT,58,706.33,timeout,,
pdtswvtma6x6p1,UNSAT,54,81.575,UNSAT,48,74.05,UNSAT,56,96.682,UNSAT,49,105.11,UNSAT,59,299.52,UNSAT,49,182.19,UNSAT,48,283.34
pdtswvtma6x6p2,UNSAT,60,580.05,UNSAT,62,562.6,UNSAT,57,598.13,UNSAT,63,716.07,timeout,,,timeout,,,timeout,,
pdtswvtma6x6p3,timeout,,,timeout,,,timeout,,,timeout,,,timeout,,,timeout,,,timeout,,
pdtswvtms10x8p1,UNSAT,20,22.216,UNSAT,16,14.859,UNSAT,14,20.534,UNSAT,12,22.254,UNSAT,20,39.803,UNSAT,15,33.114,UNSAT,8,46.427
pdtswvtms12x8p1,UNSAT,21,22.084,UNSAT,17,37.486,UNSAT,14,28.034,UNSAT,14,21.173,UNSAT,21,36.662,UNSAT,17,38.669,UNSAT,8,47.491
pdtswvtms14x8p1,UNSAT,26,22.213,UNSAT,36,68.865,UNSAT,13,48.905,UNSAT,22,47.854,UNSAT,46,125.24,UNSAT,21,75.983,UNSAT,10,74.467
pdtvisbakery0,UNSAT,32,5.874,UNSAT,30,6.5349,UNSAT,36,17.349,UNSAT,28,14.662,UNSAT,30,19.253,UNSAT,27,25.607,UNSAT,24,35.431
pdtvisbakery1,UNSAT,30,7.1078,UNSAT,33,9.209,UNSAT,31,8.102,UNSAT,27,16.647,UNSAT,29,21.576,UNSAT,26,29.756,UNSAT,23,38.766
pdtvisbakery2,UNSAT,33,14.28,UNSAT,30,29.901,UNSAT,37,55.919,UNSAT,30,24.404,UNSAT,28,27.091,UNSAT,27,35.662,UNSAT,25,32.869
pdtvisbufferalloc,timeout,,,timeout,,,timeout,,,timeout,,,timeout,,,timeout,,,timeout,,
pdtviscoherence4,UNSAT,9,0.40176,UNSAT,8,0.49671,UNSAT,8,0.3911,UNSAT,9,1.1253,UNSAT,7,1.5041,UNSAT,8,2.0041,UNSAT,7,2.1886
pdtviscoherence5,UNSAT,11,0.31871,UNSAT,9,0.49474,UNSAT,9,0.77671,UNSAT,8,0.91564,UNSAT,6,1.1127,UNSAT,6,1.6331,UNSAT,7,2.8551
pdtviseisenberg0,UNSAT,14,1.3026,UNSAT,20,5.8295,UNSAT,21,6.0044,UNSAT,23,35.842,UNSAT,15,3.9976,UNSAT,18,11.891,UNSAT,19,13.609
pdtviseisenberg1,UNSAT,14,0.75415,UNSAT,13,0.92854,UNSAT,15,0.97321,UNSAT,13,1.0471,UNSAT,14,2.5831,UNSAT,14,2.3783,UNSAT,14,5.0447
pdtviseisenberg2,UNSAT,20,2.7644,UNSAT,15,0.8404,UNSAT,14,1.4198,UNSAT,14,0.81336,UNSAT,19,6.9465,UNSAT,11,2.6601,UNSAT,12,2.5174
pdtvisgigamax0,UNSAT,5,0.013816,UNSAT,5,0.068951,UNSAT,5,0.056926,UNSAT,6,0.12441,UNSAT,4,0.11372,UNSAT,4,0.32119,UNSAT,4,0.6308
pdtvisgigamax1,UNSAT,5,0.036737,UNSAT,5,0.054861,UNSAT,5,0.10347,UNSAT,5,0.14055,UNSAT,6,0.13969,UNSAT,6,0.49824,UNSAT,4,0.84309
pdtvisgigamax2,UNSAT,5,0.020914,UNSAT,5,0.035599,UNSAT,6,0.085274,UNSAT,6,0.11053,UNSAT,6,0.17951,UNSAT,4,0.32469,UNSAT,4,0.62778
pdtvisgoodbakery0,UNSAT,30,5.1272,UNSAT,30,6.8032,UNSAT,25,8.2922,UNSAT,29,11.277,UNSAT,24,18.517,UNSAT,23,15.492,UNSAT,23,33.133
pdtvisgoodbakery1,UNSAT,32,7.4557,UNSAT,35,19.938,UNSAT,32,7.9267,UNSAT,27,17.516,UNSAT,27,24.221,UNSAT,29,28.352,UNSAT,27,37.44
pdtvisgoodbakery2,UNSAT,40,31.431,UNSAT,34,11.472,UNSAT,27,35.351,UNSAT,34,15.846,UNSAT,29,75.775,UNSAT,26,108.86,UNSAT,27,33.417
pdtvisns2p0,UNSAT,12,1.1963,UNSAT,11,1.1229,UNSAT,13,1.5447,UNSAT,12,1.8402,UNSAT,10,2.558,UNSAT,10,4.198,UNSAT,13,9.2328
pdtvisns2p1,UNSAT,13,1.461,UNSAT,19,2.3164,UNSAT,13,2.6212,UNSAT,11,3.8764,UNSAT,11,3.55,UNSAT,11,7.4698,UNSAT,13,10.026
pdtvisns2p2,UNSAT,11,0.44289,UNSAT,11,0.37322,UNSAT,12,0.7414,UNSAT,13,1.0326,UNSAT,10,1.4624,UNSAT,9,2.6318,UNSAT,7,4.4201
pdtvisns3p00,UNSAT,14,4.9633,UNSAT,13,6.5415,UNSAT,11,23.702,UNSAT,13,25.364,UNSAT,13,34.122,UNSAT,13,26.977,UNSAT,15,81.189
pdtvisns3p01,UNSAT,19,14.388,UNSAT,15,25.49,UNSAT,13,12.636,UNSAT,13,21.621,UNSAT,16,43.259,UNSAT,14,36.331,UNSAT,14,71.924
pdtvisns3p02,UNSAT,13,4.7189,UNSAT,10,4.0921,UNSAT,12,9.0058,UNSAT,15,13.309,UNSAT,10,25.42,UNSAT,14,41.713,UNSAT,14,60.152
pdtvisns3p03,UNSAT,13,7.0038,UNSAT,12,10.465,UNSAT,10,7.2766,UNSAT,10,10.309,UNSAT,14,39.549,UNSAT,13,29.63,UNSAT,11,66.682
pdtvisns3p04,UNSAT,16,11.963,UNSAT,16,14.659,UNSAT,11,41.491,UNSAT,17,36.96,UNSAT,13,58.558,UNSAT,12,111.93,UNSAT,13,116.37
pdtvisns3p05,UNSAT,17,5.8433,UNSAT,12,9.5276,UNSAT,12,24.263,UNSAT,13,42.018,UNSAT,10,17.944,UNSAT,15,94.673,UNSAT,18,46.674
pdtvisns3p06,UNSAT,19,20.121,UNSAT,16,9.6027,UNSAT,16,24.489,UNSAT,8,14.881,UNSAT,10,16.518,UNSAT,10,21.607,UNSAT,9,63.364
pdtvisns3p07,UNSAT,14,3.5718,UNSAT,13,7.42,UNSAT,20,21.146,UNSAT,12,27.654,UNSAT,19,45.176,UNSAT,12,71.371,UNSAT,11,91.237
pdtvisns3p08,UNSAT,11,0.85024,UNSAT,12,1.3437,UNSAT,10,1.5762,UNSAT,10,2.9375,UNSAT,14,4.3223,UNSAT,9,8.3953,UNSAT,9,16.413
pdtvisns3p09,UNSAT,13,1.2057,UNSAT,11,1.5622,UNSAT,11,1.6043,UNSAT,11,4.0428,UNSAT,10,4.5153,UNSAT,10,9.2286,UNSAT,9,15.469
pdtvisrethersqo4,UNSAT,48,17.024,UNSAT,42,9.1939,UNSAT,39,13.044,UNSAT,40,25.621,UNSAT,41,26.416,UNSAT,45,12.129,UNSAT,43,28.656
pdtvissfeistel,UNSAT,22,69.122,UNSAT,21,140.73,UNSAT,17,111.81,UNSAT,14,231.04,UNSAT,14,282.73,UNSAT,14,317.28,UNSAT,16,392.53
pdtvissoap1,UNSAT,13,1.6326,UNSAT,19,4.4542,UNSAT,19,8.9191,UNSAT,20,19.205,UNSAT,24,79.743,UNSAT,10,7.8468,UNSAT,9,5.623
pdtvissoap2,UNSAT,14,1.9723,UNSAT,13,1.1943,UNSAT,13,1.4744,UNSAT,13,2.3224,UNSAT,8,1.7238,UNSAT,12,5.2774,UNSAT,9,6.6553
pdtvistimeout0,timeout,,,timeout,,,timeout,,,timeout,,,timeout,,,timeout,,,timeout,,
pdtvisvending01,UNSAT,24,19.081,UNSAT,21,20.429,UNSAT,16,11.825,UNSAT,31,47.19,UNSAT,16,36.416,UNSAT,23,56.266,UNSAT,19,58.155
pdtvisvsa16a27,UNSAT,9,0.43791,UNSAT,9,0.75461,UNSAT,9,1.0993,UNSAT,8,1.0808,UNSAT,8,1.9131,UNSAT,8,2.5895,UNSAT,7,4.6122
pdtvisvsa16a29,timeout,,,timeout,,,timeout,,,timeout,,,timeout,,,timeout,,,timeout,,
pdtvisvsar27,UNSAT,10,0.074156,UNSAT,9,0.12457,UNSAT,9,0.23602,UNSAT,8,0.95989,UNSAT,8,0.36372,UNSAT,7,0.39823,UNSAT,7,0.9288
pdtvisvsar29,timeout,,,timeout,,,timeout,,,timeout,,,timeout,,,timeout,,,timeout,,
pdtvsar8multip00,UNSAT,6,0.015476,UNSAT,8,0.051484,UNSAT,8,0.14674,UNSAT,6,0.17199,UNSAT,6,0.19008,UNSAT,6,0.3063,UNSAT,6,0.35846
pdtvsar8multip01,UNSAT,3,0.008685,UNSAT,3,0.022212,UNSAT,3,0.042262,UNSAT,3,0.11885,UNSAT,3,0.11409,UNSAT,3,0.219,UNSAT,3,0.31792
pdtvsar8multip02,UNSAT,5,0.006415,UNSAT,4,0.020763,UNSAT,4,0.038492,UNSAT,3,0.10292,UNSAT,5,0.10304,UNSAT,4,0.13257,UNSAT,3,0.13717
pdtvsar8multip03,UNSAT,5,0.55715,UNSAT,5,0.94935,UNSAT,5,1.8113,UNSAT,5,3.9813,UNSAT,5,3.8125,UNSAT,5,6.7614,UNSAT,5,9.6799
pdtvsar8multip04,UNSAT,6,0.032373,UNSAT,7,0.096932,UNSAT,6,0.17646,UNSAT,6,1.0615,UNSAT,6,0.55508,UNSAT,5,0.52335,UNSAT,6,1.1942
pdtvsar8multip05,UNSAT,9,1.9478,UNSAT,8,2.2921,UNSAT,7,5.1121,UNSAT,7,12.066,UNSAT,6,4.4165,UNSAT,8,13.308,UNSAT,6,17.486
pdtvsar8multip06,UNSAT,6,0.12129,UNSAT,6,0.20491,UNSAT,7,0.55909,UNSAT,7,1.3396,UNSAT,7,1.4723,UNSAT,5,0.8468,UNSAT,5,2.4602
pdtvsar8multip07,UNSAT,9,3.4765,UNSAT,9,4.5794,UNSAT,9,9.5145,UNSAT,9,43.205,UNSAT,9,12.265,UNSAT,9,23.073,UNSAT,9,38.434
pdtvsar8multip08,UNSAT,6,0.048031,UNSAT,7,0.18699,UNSAT,7,0.41298,UNSAT,7,16.024,UNSAT,7,0.98247,UNSAT,5,0.50206,UNSAT,5,1.4881
pdtvsar8multip09,UNSAT,6,0.066067,UNSAT,6,0.14678,UNSAT,6,0.24006,UNSAT,6,0.56188,UNSAT,6,0.55777,UNSAT,5,0.51129,UNSAT,5,1.3777
pdtvsar8multip10,UNSAT,9,1.9817,UNSAT,8,2.3962,UNSAT,8,6.1404,UNSAT,8,15.463,UNSAT,6,4.5984,UNSAT,8,13.955,UNSAT,6,17.88
pdtvsar8multip11,UNSAT,4,0.009316,UNSAT,4,0.043613,UNSAT,4,0.062559,UNSAT,4,0.18116,UNSAT,4,0.14792,UNSAT,3,0.25195,UNSAT,4,0.39475
pdtvsar8multip12,UNSAT,8,0.065664,UNSAT,7,0.08901,UNSAT,7,0.18088,UNSAT,6,0.33218,UNSAT,6,0.34803,UNSAT,4,0.64084,UNSAT,3,0.7259
pdtvsar8multip13,UNSAT,4,0.05321,UNSAT,5,0.091686,UNSAT,4,0.098902,UNSAT,4,0.23095,UNSAT,4,0.2457,UNSAT,4,0.72437,UNSAT,4,0.49003
pdtvsar8multip14,UNSAT,4,0.018625,UNSAT,4,0.050966,UNSAT,4,0.087431,UNSAT,5,2.935,UNSAT,5,0.4716,UNSAT,5,0.38906,UNSAT,5,1.3315
pdtvsar8multip15,UNSAT,4,0.042163,UNSAT,4,0.073144,UNSAT,4,0.14779,UNSAT,6,0.57301,UNSAT,6,0.72904,UNSAT,4,0.69029,UNSAT,6,1.4202
pdtvsar8multip16,UNSAT,3,0.000495,UNSAT,3,0.010877,UNSAT,3,0.029447,UNSAT,3,0.058114,UNSAT,3,0.092048,UNSAT,3,0.15113,UNSAT,3,0.18997
pdtvsar8multip17,UNSAT,4,0.00496,UNSAT,4,0.021513,UNSAT,4,0.046607,UNSAT,4,0.12669,UNSAT,4,0.12784,UNSAT,3,0.21569,UNSAT,4,0.35022
pdtvsar8multip18,UNSAT,3,0.000748,UNSAT,3,0.01024,UNSAT,3,0.036293,UNSAT,3,0.1101,UNSAT,3,0.091507,UNSAT,3,0.16199,UNSAT,3,0.31118
pdtvsar8multip19,UNSAT,4,0.028015,UNSAT,4,0.044746,UNSAT,4,0.11035,UNSAT,4,0.20844,UNSAT,4,0.18612,UNSAT,4,0.3571,UNSAT,4,0.52806
pdtvsar8multip20,UNSAT,4,0.008257,UNSAT,3,0.030979,UNSAT,3,0.087756,UNSAT,4,0.23015,UNSAT,4,0.11963,UNSAT,3,0.16296,UNSAT,4,0.32142
pdtvsar8multip21,UNSAT,4,0.005047,UNSAT,4,0.020952,UNSAT,4,0.054734,UNSAT,4,0.31917,UNSAT,4,0.1091,UNSAT,4,0.18423,UNSAT,4,0.32733
pdtvsar8multip22,UNSAT,4,0.012805,UNSAT,4,0.04113,UNSAT,4,0.086604,UNSAT,4,1.3605,UNSAT,4,0.22417,UNSAT,4,0.30346,UNSAT,4,0.44189
pdtvsar8multip23,UNSAT,4,0.007687,UNSAT,4,0.024485,UNSAT,4,0.069282,UNSAT,3,0.13096,UNSAT,3,0.12656,UNSAT,4,0.30445,UNSAT,3,0.37347
pdtvsar8multip24,UNSAT,4,0.002829,UNSAT,4,0.013503,UNSAT,4,0.048881,UNSAT,3,0.098546,UNSAT,3,0.086052,UNSAT,4,0.17551,UNSAT,3,0.29487
pdtvsar8multip25,UNSAT,4,0.006733,UNSAT,4,0.021336,UNSAT,4,0.056705,UNSAT,4,0.11052,UNSAT,3,0.091316,UNSAT,4,0.15658,UNSAT,4,0.27305
pdtvsar8multip26,UNSAT,4,0.007126,UNSAT,4,0.019354,UNSAT,4,0.068609,UNSAT,4,0.21414,UNSAT,4,0.11005,UNSAT,4,0.17742,UNSAT,4,0.29074
pdtvsar8multip27,UNSAT,11,0.23747,UNSAT,8,0.30579,UNSAT,8,0.60942,UNSAT,8,1.7558,UNSAT,8,1.3114,UNSAT,8,1.8098,UNSAT,8,3.2112
pdtvsar8multip28,UNSAT,3,0.000837,UNSAT,3,0.01047,UNSAT,3,0.029248,UNSAT,3,0.070234,UNSAT,3,0.072945,UNSAT,3,0.096761,UNSAT,3,0.19122
pdtvsar8multip29,timeout,,,timeout,,,timeout,,,timeout,,,timeout,,,timeout,,,timeout,,
pdtvsar8multip30,timeout,,,timeout,,,timeout,,,timeout,,,timeout,,,timeout,,,timeout,,
pdtvsar8multip31,UNSAT,4,0.051525,UNSAT,4,0.078037,UNSAT,4,0.15152,UNSAT,4,0.2174,UNSAT,4,0.23995,UNSAT,4,0.42052,UNSAT,4,0.5811
pdtvsar8multip32,UNSAT,3,0.20584,UNSAT,3,0.26311,UNSAT,3,0.4432,UNSAT,3,0.25949,UNSAT,3,0.35288,UNSAT,3,0.50567,UNSAT,3,0.56891
pdtvsarmultip00,UNSAT,6,0.005398,UNSAT,8,0.038599,UNSAT,6,0.03469,UNSAT,6,0.050263,UNSAT,6,0.05613,UNSAT,6,0.13961,UNSAT,6,0.23134
pdtvsarmultip01,UNSAT,3,0.00337,UNSAT,3,0.011959,UNSAT,3,0.027303,UNSAT,3,0.031752,UNSAT,3,0.077237,UNSAT,3,0.10927,UNSAT,3,0.13722
pdtvsarmultip02,UNSAT,5,0.002597,UNSAT,4,0.008191,UNSAT,4,0.03364,UNSAT,3,0.024628,UNSAT,5,0.081495,UNSAT,4,0.099309,UNSAT,3,0.072449
pdtvsarmultip03,UNSAT,5,0.07671,UNSAT,5,0.13744,UNSAT,5,0.25973,UNSAT,5,0.38963,UNSAT,5,0.4815,UNSAT,5,0.85952,UNSAT,5,1.1703
pdtvsarmultip04,UNSAT,6,0.02223,UNSAT,7,0.071627,UNSAT,6,0.11206,UNSAT,6,0.10398,UNSAT,6,0.16819,UNSAT,5,0.14678,UNSAT,6,0.42289
pdtvsarmultip05,UNSAT,9,0.33015,UNSAT,8,0.42119,UNSAT,7,0.74184,UNSAT,7,1.0219,UNSAT,6,0.64501,UNSAT,8,1.715,UNSAT,6,2.1005
pdtvsarmultip06,UNSAT,6,0.11274,UNSAT,6,0.13144,UNSAT,7,0.26076,UNSAT,8,0.47275,UNSAT,8,0.61215,UNSAT,5,0.34689,UNSAT,5,1.1653
pdtvsarmultip07,UNSAT,9,0.55865,UNSAT,9,0.76036,UNSAT,9,1.2581,UNSAT,9,1.9613,UNSAT,9,1.6513,UNSAT,9,3.349,UNSAT,9,4.8747
pdtvsarmultip08,UNSAT,6,0.067399,UNSAT,7,0.12041,UNSAT,7,0.20366,UNSAT,7,0.39527,UNSAT,7,0.46951,UNSAT,5,0.24902,UNSAT,5,0.68781
pdtvsarmultip09,UNSAT,6,0.039814,UNSAT,6,0.083607,UNSAT,6,0.1616,UNSAT,6,0.26157,UNSAT,6,0.32116,UNSAT,5,0.26827,UNSAT,5,0.50319
pdtvsarmultip10,UNSAT,9,0.33981,UNSAT,8,0.42334,UNSAT,7,0.65799,UNSAT,7,1.0049,UNSAT,6,0.69709,UNSAT,8,1.7099,UNSAT,6,2.0386
pdtvsarmultip11,UNSAT,4,0.005355,UNSAT,4,0.010487,UNSAT,4,0.02282,UNSAT,4,0.076661,UNSAT,4,0.092728,UNSAT,3,0.095583,UNSAT,4,0.17072
pdtvsarmultip12,UNSAT,8,0.029161,UNSAT,7,0.070214,UNSAT,7,0.063119,UNSAT,6,0.12951,UNSAT,6,0.18025,UNSAT,4,0.2708,UNSAT,3,0.35878
pdtvsarmultip13,UNSAT,4,0.009828,UNSAT,5,0.055493,UNSAT,5,0.037847,UNSAT,5,0.1121,UNSAT,4,0.11515,UNSAT,4,0.20831,UNSAT,5,0.286
pdtvsarmultip14,UNSAT,4,0.013594,UNSAT,4,0.025495,UNSAT,4,0.048599,UNSAT,5,0.1498,UNSAT,5,0.19258,UNSAT,4,0.18004,UNSAT,5,0.50087
pdtvsarmultip15,UNSAT,4,0.029172,UNSAT,4,0.045105,UNSAT,4,0.11091,UNSAT,6,0.25268,UNSAT,6,0.33714,UNSAT,4,0.26071,UNSAT,6,0.64269
pdtvsarmultip16,UNSAT,3,0.000309,UNSAT,3,0.002849,UNSAT,3,0.020368,UNSAT,3,0.045087,UNSAT,3,0.026527,UNSAT,3,0.068705,UNSAT,3,0.10437
pdtvsarmultip17,UNSAT,4,0.0035,UNSAT,4,0.006085,UNSAT,4,0.046213,UNSAT,4,0.068092,UNSAT,4,0.09166,UNSAT,3,0.13011,UNSAT,4,0.17136
pdtvsarmultip18,UNSAT,3,0.000712,UNSAT,3,0.002945,UNSAT,3,0.028958,UNSAT,3,0.04024,UNSAT,3,0.077849,UNSAT,3,0.12299,UNSAT,3,0.11877
pdtvsarmultip19,UNSAT,4,0.012225,UNSAT,4,0.014077,UNSAT,4,0.03796,UNSAT,4,0.05351,UNSAT,4,0.089846,UNSAT,4,0.1658,UNSAT,4,0.2326
pdtvsarmultip20,UNSAT,4,0.007079,UNSAT,3,0.007952,UNSAT,3,0.04336,UNSAT,4,0.036468,UNSAT,4,0.087765,UNSAT,3,0.10097,UNSAT,4,0.10342
pdtvsarmultip21,UNSAT,4,0.004362,UNSAT,4,0.007266,UNSAT,4,0.044402,UNSAT,4,0.033268,UNSAT,4,0.085427,UNSAT,4,0.12638,UNSAT,4,0.16092
pdtvsarmultip22,UNSAT,4,0.004746,UNSAT,4,0.010049,UNSAT,4,0.03032,UNSAT,4,0.042744,UNSAT,4,0.097471,UNSAT,4,0.15707,UNSAT,4,0.20237
pdtvsarmultip23,UNSAT,4,0.006341,UNSAT,4,0.008099,UNSAT,4,0.041318,UNSAT,3,0.069579,UNSAT,3,0.086584,UNSAT,4,0.1458,UNSAT,3,0.1705
pdtvsarmultip24,UNSAT,4,0.002833,UNSAT,4,0.00549,UNSAT,4,0.028525,UNSAT,3,0.054167,UNSAT,3,0.073788,UNSAT,4,0.075679,UNSAT,3,0.15786
pdtvsarmultip25,UNSAT,4,0.002695,UNSAT,4,0.007064,UNSAT,4,0.050698,UNSAT,4,0.034363,UNSAT,3,0.070283,UNSAT,4,0.096737,UNSAT,4,0.15136
pdtvsarmultip26,UNSAT,4,0.004563,UNSAT,4,0.007403,UNSAT,4,0.039635,UNSAT,4,0.035506,UNSAT,4,0.090762,UNSAT,4,0.13614,UNSAT,4,0.18849
pdtvsarmultip27,UNSAT,11,0.10775,UNSAT,7,0.1105,UNSAT,8,0.2869,UNSAT,8,0.37731,UNSAT,8,0.37029,UNSAT,8,0.50513,UNSAT,7,0.9813
pdtvsarmultip28,UNSAT,3,0.000867,UNSAT,3,0.005121,UNSAT,3,0.02629,UNSAT,3,0.032183,UNSAT,3,0.054565,UNSAT,3,0.0398,UNSAT,3,0.1063
pdtvsarmultip29,timeout,,,timeout,,,timeout,,,timeout,,,timeout,,,timeout,,,timeout,,
pdtvsarmultip30,UNSAT,3,0.000666,UNSAT,3,0.010724,UNSAT,3,0.022078,UNSAT,3,0.044392,UNSAT,3,0.05458,UNSAT,3,0.064495,UNSAT,3,0.10187
pdtvsarmultip31,UNSAT,4,0.012994,UNSAT,4,0.030949,UNSAT,4,0.065139,UNSAT,4,0.10471,UNSAT,4,0.12995,UNSAT,4,0.1856,UNSAT,4,0.25717
pdtvsarmultip32,UNSAT,22,60.114,UNSAT,20,66.224,UNSAT,19,43.699,UNSAT,18,84.66,UNSAT,12,362.05,UNSAT,17,71.447,UNSAT,15,151.43
pj2005,UNSAT,9,1.9746,UNSAT,8,2.4972,UNSAT,9,6.7693,UNSAT,9,8.6271,UNSAT,7,10.885,UNSAT,9,22.971,UNSAT,8,35.917
pj2006,UNSAT,15,21.583,UNSAT,11,21.29,UNSAT,12,69.56,UNSAT,11,44.636,UNSAT,11,76.765,UNSAT,6,50.178,UNSAT,7,58.585
pj2008,UNSAT,7,1.4971,UNSAT,6,1.5126,UNSAT,8,5.7615,UNSAT,7,7.0012,UNSAT,5,8.6809,UNSAT,5,11.281,UNSAT,5,15.603
pj2009,UNSAT,6,0.31118,UNSAT,8,0.88788,UNSAT,7,1.7289,UNSAT,6,2.3442,UNSAT,5,1.6005,UNSAT,4,2.46,UNSAT,4,3.1681
pj2013,UNSAT,4,0.17178,UNSAT,4,0.2458,UNSAT,4,0.68863,UNSAT,4,1.1319,UNSAT,3,1.3629,UNSAT,3,2.6539,UNSAT,3,3.9041
pj2016,UNSAT,8,4.4201,UNSAT,8,158.29,UNSAT,9,342.73,UNSAT,8,402.94,UNSAT,7,20.923,UNSAT,6,406.84,UNSAT,4,32.259
pj2017,UNSAT,22,311.44,UNSAT,29,307.93,UNSAT,31,733.46,UNSAT,31,792.7,timeout,,,timeout,,,timeout,,
pj2018,UNSAT,20,125.5,UNSAT,15,35.835,UNSAT,20,170.16,UNSAT,21,145.44,UNSAT,19,213.25,UNSAT,20,354.62,UNSAT,15,125.7
pj2019,UNSAT,5,2.353,UNSAT,4,2.1454,UNSAT,4,5.7577,UNSAT,4,11.046,UNSAT,4,16.39,UNSAT,4,34.469,UNSAT,4,73.577
prodcellp0neg,SAT,73,39.215,SAT,66,59.129,SAT,76,91.548,SAT,72,67.424,SAT,74,96.572,SAT,79,106.99,SAT,63,124.86
prodcellp1,SAT,56,40.761,SAT,62,59.118,SAT,80,280.38,SAT,65,77.232,SAT,80,98.603,SAT,65,129.13,SAT,86,177.79
prodcellp1neg,SAT,58,40.507,SAT,77,58.745,SAT,77,223.49,SAT,99,151.45,SAT,83,187.73,SAT,68,146.56,SAT,87,193.2
prodcellp2,SAT,62,49.628,SAT,73,61.733,SAT,109,467.95,SAT,91,131.05,SAT,70,87.958,SAT,92,226.79,SAT,77,166.5
prodcellp2neg,SAT,62,50.254,SAT,77,56.441,SAT,95,269.37,SAT,77,89.462,SAT,73,101.89,SAT,82,226.29,SAT,59,99.151
prodcellp3,SAT,69,58.31,SAT,64,53.322,SAT,76,85.889,SAT,71,58.598,SAT,67,87.684,SAT,61,99.625,SAT,70,189.3
prodcellp4,SAT,80,53.627,SAT,81,70.483,SAT,58,54.226,SAT,78,92.862,SAT,73,79.709,SAT,70,96.136,SAT,69,137.48
prodcellp4neg,SAT,64,46.354,SAT,80,76.866,SAT,70,156.66,SAT,78,94.758,SAT,61,70.097,SAT,68,95.057,SAT,72,168.95
prodconsp0,SAT,18,2.0845,SAT,17,2.6185,SAT,16,4.7864,SAT,16,3.3231,SAT,13,3.7488,SAT,13,9.7276,SAT,12,6.5411
prodconsp0neg,SAT,20,3.5921,SAT,15,1.0879,SAT,17,3.6058,SAT,14,3.3776,SAT,14,2.8826,SAT,11,4.6244,SAT,9,2.5235
prodconsp1,SAT,15,0.98771,SAT,16,2.5676,SAT,16,9.7165,SAT,18,4.4533,SAT,15,2.881,SAT,12,9.2193,SAT,10,7.7122
prodconsp1negnv,SAT,18,1.7306,SAT,20,2.4076,SAT,16,11.269,SAT,17,2.5663,SAT,13,2.5919,SAT,14,5.5876,SAT,11,9.7321
prodconsp5,SAT,15,1.019,SAT,18,2.2909,SAT,15,4.3649,SAT,13,2.1624,SAT,15,3.161,SAT,11,6.6598,SAT,9,9.6754
prodconsp5neg,SAT,16,1.0375,SAT,17,4.9086,SAT,16,9.7148,SAT,14,2.8013,SAT,15,6.7998,SAT,9,2.9156,SAT,9,2.9341
prodconspold1,SAT,16,1.5516,SAT,17,2.0012,SAT,17,16.082,SAT,15,1.4238,SAT,13,2.9419,SAT,10,4.0892,SAT,11,6.8817
prodconspold3,SAT,16,1.2118,SAT,17,1.6934,SAT,17,32.177,SAT,17,2.4783,SAT,12,2.8059,SAT,10,3.9575,SAT,11,6.0297
prodconspold4,SAT,16,1.2497,SAT,18,3.6809,SAT,16,3.1248,SAT,17,2.8047,SAT,15,3.571,SAT,13,4.3366,SAT,11,5.2751
texaspimainp15,UNSAT,5,0.040867,UNSAT,5,0.067563,UNSAT,4,0.13039,UNSAT,4,0.15757,UNSAT,4,0.18814,UNSAT,4,0.28242,UNSAT,4,0.39881
vis4arbitp1,UNSAT,10,0.061767,UNSAT,10,0.064263,UNSAT,7,0.091147,UNSAT,11,0.25516,UNSAT,8,0.13379,UNSAT,9,0.33144,UNSAT,8,0.28639
visbakery,SAT,27,2.8938,SAT,24,2.8326,SAT,22,2.62,SAT,23,3.9607,SAT,25,6.723,SAT,19,6.31,SAT,16,9.7902
viselevatorp3,UNSAT,5,0.018901,UNSAT,5,0.025691,UNSAT,5,10.379,UNSAT,4,0.062555,UNSAT,4,0.17768,UNSAT,4,0.13695,UNSAT,4,0.316
visprodcellp22,UNSAT,17,3.578,UNSAT,15,1.2567,UNSAT,16,2.3572,UNSAT,16,2.6202,UNSAT,18,3.9721,UNSAT,27,28.454,UNSAT,28,35.385
