,V3s,,,V3sTem3,,,,v3s,,,V3sTem3,,,v3sTem5,,,v3sTem7,,
6s0,unknown,,,unknown,,,,unknown,,,unknown,,,unknown,,,unknown,,
6s100,unknown,,,unknown,,,,unknown,,,unknown,,,unknown,,,unknown,,
6s102,unknown,,,unknown,,,,unknown,,,unknown,,,unknown,,,unknown,,
6s105,unknown,,,unknown,,,,unknown,,,unknown,,,unknown,,,unknown,,
6s108,UNSAT,12,26.144,UNSAT,9,48.083,,UNSAT,12,28.374,UNSAT,9,58.844,UNSAT,9,59.079,UNSAT,9,57.67
6s109,UNSAT,13,235.27,UNSAT,13,235.41,,UNSAT,13,257.51,UNSAT,13,256.41,UNSAT,13,255.59,UNSAT,13,257.09
6s10,unknown,,,unknown,,,,unknown,,,unknown,,,unknown,,,unknown,,
6s119,unknown,,,unknown,,,,unknown,,,unknown,,,unknown,,,unknown,,
6s11,unknown,,,unknown,,,,unknown,,,unknown,,,unknown,,,unknown,,
6s120,UNSAT,8,1.287,UNSAT,6,1.2307,,UNSAT,8,1.3199,UNSAT,6,1.3922,UNSAT,6,1.4206,UNSAT,6,1.4061
6s121,unknown,,,unknown,,,,unknown,,,unknown,,,unknown,,,unknown,,
6s122,unknown,,,unknown,,,,unknown,,,unknown,,,unknown,,,unknown,,
6s12,unknown,,,unknown,,,,unknown,,,unknown,,,unknown,,,unknown,,
6s130,unknown,,,unknown,,,,unknown,,,unknown,,,unknown,,,unknown,,
6s131,unknown,,,unknown,,,,unknown,,,unknown,,,unknown,,,unknown,,
6s132,UNSAT,9,23.233,UNSAT,7,26.934,,UNSAT,9,25.426,UNSAT,7,29.364,UNSAT,7,29.507,UNSAT,7,29.498
6s133,unknown,,,unknown,,,,unknown,,,unknown,,,unknown,,,unknown,,
6s134,unknown,,,unknown,,,,unknown,,,unknown,,,unknown,,,unknown,,
6s136,unknown,,,unknown,,,,unknown,,,unknown,,,unknown,,,unknown,,
6s13,unknown,,,unknown,,,,unknown,,,unknown,,,unknown,,,unknown,,
6s144,unknown,,,unknown,,,,unknown,,,unknown,,,unknown,,,unknown,,
6s145,unknown,,,unknown,,,,unknown,,,unknown,,,unknown,,,unknown,,
6s147,unknown,,,unknown,,,,unknown,,,unknown,,,unknown,,,unknown,,
6s148,unknown,,,unknown,,,,unknown,,,unknown,,,unknown,,,unknown,,
6s149,unknown,,,unknown,,,,unknown,,,unknown,,,unknown,,,unknown,,
6s14,unknown,,,unknown,,,,unknown,,,unknown,,,unknown,,,unknown,,
6s150,unknown,,,unknown,,,,unknown,,,unknown,,,unknown,,,unknown,,
6s151,unknown,,,unknown,,,,unknown,,,unknown,,,unknown,,,unknown,,
6s152,unknown,,,unknown,,,,unknown,,,unknown,,,unknown,,,unknown,,
6s157,SAT,3,0.64744,SAT,3,1.6366,,SAT,3,0.66065,SAT,3,1.816,SAT,3,1.8293,SAT,3,1.8057
6s158,unknown,,,unknown,,,,unknown,,,unknown,,,unknown,,,unknown,,
6s159,UNSAT,37,7.53,UNSAT,37,7.4171,,UNSAT,37,8.057,UNSAT,37,8.0012,UNSAT,37,8.1845,UNSAT,37,8.2292
6s15,unknown,,,unknown,,,,unknown,,,unknown,,,unknown,,,unknown,,
6s160,unknown,,,unknown,,,,unknown,,,unknown,,,unknown,,,unknown,,
6s161,unknown,,,unknown,,,,unknown,,,unknown,,,unknown,,,unknown,,
6s162,unknown,,,unknown,,,,unknown,,,unknown,,,unknown,,,unknown,,
6s163,unknown,,,unknown,,,,unknown,,,unknown,,,unknown,,,unknown,,
6s164,UNSAT,32,315.89,UNSAT,35,52.368,,UNSAT,32,372.6,UNSAT,35,56.619,UNSAT,35,56.86,UNSAT,35,57.151
6s16,unknown,,,unknown,,,,unknown,,,unknown,,,unknown,,,unknown,,
6s171,unknown,,,unknown,,,,unknown,,,unknown,,,unknown,,,unknown,,
6s172,unknown,,,unknown,,,,unknown,,,unknown,,,unknown,,,unknown,,
6s173,UNSAT,26,99.969,UNSAT,19,87.098,,UNSAT,26,105.74,UNSAT,19,93.463,UNSAT,19,93.708,UNSAT,19,93.492
6s174,unknown,,,unknown,,,,unknown,,,unknown,,,unknown,,,unknown,,
6s177,unknown,,,unknown,,,,unknown,,,unknown,,,unknown,,,unknown,,
6s178,unknown,,,unknown,,,,unknown,,,unknown,,,unknown,,,unknown,,
6s179,unknown,,,unknown,,,,unknown,,,unknown,,,unknown,,,unknown,,
6s17,unknown,,,unknown,,,,unknown,,,unknown,,,unknown,,,unknown,,
6s180,unknown,,,unknown,,,,unknown,,,unknown,,,unknown,,,unknown,,
6s181,unknown,,,unknown,,,,unknown,,,unknown,,,unknown,,,unknown,,
6s182,unknown,,,unknown,,,,unknown,,,unknown,,,unknown,,,unknown,,
6s183,unknown,,,unknown,,,,unknown,,,unknown,,,unknown,,,unknown,,
6s184,unknown,,,unknown,,,,unknown,,,unknown,,,unknown,,,unknown,,
6s185,unknown,,,unknown,,,,unknown,,,unknown,,,unknown,,,unknown,,
6s186,unknown,,,unknown,,,,unknown,,,unknown,,,unknown,,,unknown,,
6s187,unknown,,,unknown,,,,unknown,,,unknown,,,unknown,,,unknown,,
6s188,unknown,,,unknown,,,,unknown,,,unknown,,,unknown,,,unknown,,
6s189,unknown,,,unknown,,,,unknown,,,unknown,,,unknown,,,unknown,,
6s18,unknown,,,unknown,,,,unknown,,,unknown,,,unknown,,,unknown,,
6s190,unknown,,,unknown,,,,unknown,,,unknown,,,unknown,,,unknown,,
6s191,unknown,,,unknown,,,,unknown,,,unknown,,,unknown,,,unknown,,
6s192,unknown,,,unknown,,,,unknown,,,unknown,,,unknown,,,unknown,,
6s193,unknown,,,unknown,,,,unknown,,,unknown,,,unknown,,,unknown,,
6s194,unknown,,,unknown,,,,unknown,,,unknown,,,unknown,,,unknown,,
6s195,unknown,,,unknown,,,,unknown,,,unknown,,,unknown,,,unknown,,
6s196,unknown,,,unknown,,,,unknown,,,unknown,,,unknown,,,unknown,,
6s197,unknown,,,unknown,,,,unknown,,,unknown,,,unknown,,,unknown,,
6s198,unknown,,,unknown,,,,unknown,,,unknown,,,unknown,,,unknown,,
6s199,unknown,,,unknown,,,,unknown,,,unknown,,,unknown,,,unknown,,
6s19,unknown,,,unknown,,,,unknown,,,unknown,,,unknown,,,unknown,,
6s1,unknown,,,unknown,,,,unknown,,,unknown,,,unknown,,,unknown,,
6s202b00,unknown,,,unknown,,,,unknown,,,unknown,,,unknown,,,unknown,,
6s202b41,unknown,,,unknown,,,,unknown,,,unknown,,,unknown,,,unknown,,
6s203b19,unknown,,,unknown,,,,unknown,,,unknown,,,unknown,,,unknown,,
6s203b41,unknown,,,unknown,,,,unknown,,,unknown,,,unknown,,,unknown,,
6s204b16,unknown,,,unknown,,,,unknown,,,unknown,,,unknown,,,unknown,,
6s204b19,unknown,,,unknown,,,,unknown,,,unknown,,,unknown,,,unknown,,
6s205b16,unknown,,,unknown,,,,unknown,,,unknown,,,unknown,,,unknown,,
6s205b20,unknown,,,unknown,,,,unknown,,,unknown,,,unknown,,,unknown,,
6s206rb025,UNSAT,5,43.326,UNSAT,9,83.241,,UNSAT,5,43.671,UNSAT,9,83.319,UNSAT,9,83.598,UNSAT,9,83.421
6s206rb103,UNSAT,11,81.992,UNSAT,11,88.257,,UNSAT,11,82.46,UNSAT,11,88.671,UNSAT,11,88.757,UNSAT,11,88.693
6s207rb16,unknown,,,unknown,,,,unknown,,,unknown,,,unknown,,,unknown,,
6s207rb28,unknown,,,SAT,5,192.9,,unknown,,,SAT,5,201.99,SAT,5,202.09,SAT,5,202.42
6s209b0,UNSAT,7,17.416,UNSAT,7,16.174,,UNSAT,7,17.391,UNSAT,7,16.076,UNSAT,7,16.113,UNSAT,7,16.039
6s209b1,unknown,,,unknown,,,,unknown,,,unknown,,,unknown,,,unknown,,
6s20,unknown,,,unknown,,,,unknown,,,unknown,,,unknown,,,unknown,,
6s210b037,SAT,6,0.74361,SAT,4,0.33083,,SAT,6,0.75,SAT,4,0.35707,SAT,4,0.39872,SAT,4,0.3959
6s210b105,SAT,6,0.44663,SAT,4,0.38368,,SAT,6,0.44721,SAT,4,0.46292,SAT,4,0.40258,SAT,4,0.45963
6s215rb0,SAT,9,13.236,SAT,7,7.3423,,SAT,9,13.396,SAT,7,7.8635,SAT,7,7.9716,SAT,7,7.8162
6s216rb0,SAT,12,11.086,SAT,11,33.167,,SAT,12,11.345,SAT,11,35.376,SAT,11,35.368,SAT,11,35.1
6s218b1246,unknown,,,unknown,,,,unknown,,,unknown,,,unknown,,,unknown,,
6s218b2950,unknown,,,unknown,,,,unknown,,,unknown,,,unknown,,,unknown,,
6s21,unknown,,,unknown,,,,unknown,,,unknown,,,unknown,,,unknown,,
6s221rb14,unknown,,,unknown,,,,unknown,,,unknown,,,unknown,,,unknown,,
6s221rb18,UNSAT,3,0.2708,UNSAT,3,1.5143,,UNSAT,3,0.27025,UNSAT,3,1.5448,UNSAT,3,1.5437,UNSAT,3,1.5585
6s22,unknown,,,unknown,,,,unknown,,,unknown,,,unknown,,,unknown,,
6s23,unknown,,,unknown,,,,unknown,,,unknown,,,unknown,,,unknown,,
6s24,unknown,,,unknown,,,,unknown,,,unknown,,,unknown,,,unknown,,
6s25,unknown,,,unknown,,,,unknown,,,unknown,,,unknown,,,unknown,,
6s266rb2,unknown,,,unknown,,,,unknown,,,unknown,,,unknown,,,unknown,,
6s267rb3,unknown,,,unknown,,,,unknown,,,unknown,,,unknown,,,unknown,,
6s268r,unknown,,,unknown,,,,unknown,,,unknown,,,unknown,,,unknown,,
6s269r,unknown,,,unknown,,,,unknown,,,unknown,,,unknown,,,unknown,,
6s26,unknown,,,unknown,,,,unknown,,,unknown,,,unknown,,,unknown,,
6s270b1,unknown,,,unknown,,,,unknown,,,unknown,,,unknown,,,unknown,,
6s271rb045,UNSAT,8,173.6,unknown,,,,UNSAT,8,174.47,unknown,,,unknown,,,unknown,,
6s271rb079,UNSAT,8,42.517,UNSAT,7,46.951,,UNSAT,8,42.843,UNSAT,7,47.493,UNSAT,7,47.516,UNSAT,7,47.374
6s273b11,UNSAT,21,396.15,UNSAT,15,226.17,,UNSAT,21,398.11,UNSAT,15,227.14,UNSAT,15,227.07,UNSAT,15,227.45
6s273b37,UNSAT,18,260.78,UNSAT,16,132.82,,UNSAT,18,262.82,UNSAT,16,133.44,UNSAT,16,133.09,UNSAT,16,133.45
6s274r,unknown,,,unknown,,,,unknown,,,unknown,,,unknown,,,unknown,,
6s275rb253,UNSAT,6,10.187,UNSAT,4,11.57,,UNSAT,6,10.089,UNSAT,4,11.843,UNSAT,4,11.83,UNSAT,4,11.893
6s275rb318,UNSAT,6,9.9888,UNSAT,4,11.613,,UNSAT,6,10.124,UNSAT,4,11.826,UNSAT,4,11.775,UNSAT,4,11.795
6s276rb318,UNSAT,12,12.835,UNSAT,10,15.658,,UNSAT,12,12.834,UNSAT,10,15.893,UNSAT,10,15.883,UNSAT,10,15.869
6s276rb342,UNSAT,12,10.599,UNSAT,10,12.384,,UNSAT,12,10.713,UNSAT,10,12.555,UNSAT,10,12.5,UNSAT,10,12.532
6s277rb292,UNSAT,12,12.847,UNSAT,10,15.962,,UNSAT,12,12.925,UNSAT,10,16.242,UNSAT,10,16.288,UNSAT,10,16.287
6s277rb342,UNSAT,12,10.685,UNSAT,10,12.387,,UNSAT,12,10.761,UNSAT,10,12.618,UNSAT,10,12.506,UNSAT,10,12.552
6s279r,unknown,,,unknown,,,,unknown,,,unknown,,,unknown,,,unknown,,
6s27,unknown,,,unknown,,,,unknown,,,unknown,,,unknown,,,unknown,,
6s280r,unknown,,,unknown,,,,unknown,,,unknown,,,unknown,,,unknown,,
6s281b35,unknown,,,unknown,,,,unknown,,,unknown,,,unknown,,,unknown,,
6s281b50,unknown,,,unknown,,,,unknown,,,unknown,,,unknown,,,unknown,,
6s282b01,UNSAT,5,0.28027,UNSAT,5,0.48305,,UNSAT,5,0.2821,UNSAT,5,0.56354,UNSAT,5,0.56385,UNSAT,5,0.4987
6s282b15,UNSAT,20,139.3,UNSAT,18,108.63,,UNSAT,20,142.56,UNSAT,18,113.17,UNSAT,18,113.25,UNSAT,18,113.25
6s284rb1,unknown,,,unknown,,,,unknown,,,unknown,,,unknown,,,unknown,,
6s286rb07843,unknown,,,unknown,,,,unknown,,,unknown,,,unknown,,,unknown,,
6s286rb30297,unknown,,,unknown,,,,unknown,,,unknown,,,unknown,,,unknown,,
6s288r,UNSAT,24,134.69,UNSAT,28,735.64,,UNSAT,24,156.43,UNSAT,28,792.99,UNSAT,28,796.94,UNSAT,28,795.11
6s289rb00529,SAT,6,17.919,SAT,3,15.761,,SAT,6,18.031,SAT,3,16.062,SAT,3,16.135,SAT,3,15.998
6s289rb05233,SAT,5,13.497,SAT,3,10.125,,SAT,5,13.58,SAT,3,10.244,SAT,3,10.253,SAT,3,10.235
6s28,unknown,,,unknown,,,,unknown,,,unknown,,,unknown,,,unknown,,
6s290,unknown,,,unknown,,,,unknown,,,unknown,,,unknown,,,unknown,,
6s291rb18,UNSAT,14,3.6207,UNSAT,76,7.9828,,UNSAT,14,3.7656,UNSAT,76,8.2327,UNSAT,76,8.1525,UNSAT,76,8.2997
6s291rb77,UNSAT,14,3.6017,UNSAT,76,7.8927,,UNSAT,14,3.6607,UNSAT,76,8.2291,UNSAT,76,8.1711,UNSAT,76,8.16
6s292rb024,unknown,,,unknown,,,,unknown,,,unknown,,,unknown,,,unknown,,
6s292rb037,unknown,,,unknown,,,,unknown,,,unknown,,,unknown,,,unknown,,
6s299b685,unknown,,,unknown,,,,unknown,,,unknown,,,unknown,,,unknown,,
6s299b892,unknown,,,unknown,,,,unknown,,,unknown,,,unknown,,,unknown,,
6s29,unknown,,,unknown,,,,unknown,,,unknown,,,unknown,,,unknown,,
6s2,UNSAT,17,40.448,UNSAT,16,78.705,,UNSAT,17,41.924,UNSAT,16,90.47,UNSAT,16,88.875,UNSAT,16,89.544
6s301rb106,unknown,,,unknown,,,,unknown,,,unknown,,,unknown,,,unknown,,
6s301rb527,SAT,3,118.25,SAT,3,31.824,,SAT,3,118.58,SAT,3,31.949,SAT,3,31.998,SAT,3,31.994
6s302rb09,unknown,,,unknown,,,,unknown,,,unknown,,,unknown,,,unknown,,
6s305rb069,UNSAT,30,469.14,UNSAT,29,774.13,,UNSAT,30,467.66,UNSAT,29,786.28,UNSAT,29,788.76,UNSAT,29,789.22
6s305rb108,unknown,,,unknown,,,,unknown,,,unknown,,,unknown,,,unknown,,
6s306rb03,UNSAT,16,104.84,UNSAT,18,235.02,,UNSAT,16,105.91,UNSAT,18,237.39,UNSAT,18,237.22,UNSAT,18,238.23
6s306rb23,UNSAT,25,54.47,UNSAT,25,32.292,,UNSAT,25,54.74,UNSAT,25,32.636,UNSAT,25,32.649,UNSAT,25,32.749
6s307rb06,unknown,,,unknown,,,,unknown,,,unknown,,,unknown,,,unknown,,
6s307rb09,UNSAT,15,446.3,UNSAT,16,202.08,,UNSAT,15,454.44,UNSAT,16,204.59,UNSAT,16,205.45,UNSAT,16,205.19
6s309b034,unknown,,,unknown,,,,unknown,,,unknown,,,unknown,,,unknown,,
6s309b046,unknown,,,unknown,,,,unknown,,,unknown,,,unknown,,,unknown,,
6s30,unknown,,,unknown,,,,unknown,,,unknown,,,unknown,,,unknown,,
6s310r,unknown,,,unknown,,,,unknown,,,unknown,,,unknown,,,unknown,,
6s311rb1,SAT,4,316.13,unknown,,,,SAT,4,370,unknown,,,unknown,,,unknown,,
6s313r,unknown,,,unknown,,,,unknown,,,unknown,,,unknown,,,unknown,,
6s315r,unknown,,,unknown,,,,unknown,,,unknown,,,unknown,,,unknown,,
6s316b421,unknown,,,unknown,,,,unknown,,,unknown,,,unknown,,,unknown,,
6s316b460,unknown,,,unknown,,,,unknown,,,unknown,,,unknown,,,unknown,,
6s317b14,UNSAT,11,21.189,UNSAT,9,5.4707,,UNSAT,11,21.315,UNSAT,9,5.6932,UNSAT,9,5.6249,UNSAT,9,5.6824
6s317b18,UNSAT,9,6.6203,UNSAT,8,4.1162,,UNSAT,9,6.7147,UNSAT,8,4.2098,UNSAT,8,4.2551,UNSAT,8,4.2419
6s318r,SAT,3,0.075145,SAT,1,0.041692,,SAT,3,0.070372,SAT,1,0.039894,SAT,1,0.039371,SAT,1,0.039301
6s319r,unknown,,,unknown,,,,unknown,,,unknown,,,unknown,,,unknown,,
6s31,unknown,,,unknown,,,,unknown,,,unknown,,,unknown,,,unknown,,
6s320rb0,unknown,,,unknown,,,,unknown,,,unknown,,,unknown,,,unknown,,
6s320rb1,unknown,,,unknown,,,,unknown,,,unknown,,,unknown,,,unknown,,
6s321b1,unknown,,,unknown,,,,unknown,,,unknown,,,unknown,,,unknown,,
6s321b5,unknown,,,unknown,,,,unknown,,,unknown,,,unknown,,,unknown,,
6s322rb265,UNSAT,3,0.6589,UNSAT,3,5.9399,,UNSAT,3,0.66221,UNSAT,3,6.1127,UNSAT,3,6.091,UNSAT,3,6.1305
6s322rb646,unknown,,,unknown,,,,unknown,,,unknown,,,unknown,,,unknown,,
6s325rb072,UNSAT,6,0.71927,UNSAT,5,0.88413,,UNSAT,6,0.8057,UNSAT,5,0.85076,UNSAT,5,0.91707,UNSAT,5,0.85245
6s325rb107,UNSAT,30,35.529,UNSAT,40,100.88,,UNSAT,30,36.582,UNSAT,40,105.33,UNSAT,40,105.91,UNSAT,40,105.42
6s326rb02,UNSAT,15,16.63,UNSAT,15,17.533,,UNSAT,15,16.885,UNSAT,15,18.094,UNSAT,15,18.082,UNSAT,15,18.001
6s326rb08,UNSAT,11,9.786,UNSAT,11,11.553,,UNSAT,11,10.091,UNSAT,11,12.008,UNSAT,11,11.907,UNSAT,11,11.867
6s327rb10,UNSAT,11,3.8625,UNSAT,11,5.3462,,UNSAT,11,3.9193,UNSAT,11,5.4589,UNSAT,11,5.4462,UNSAT,11,5.439
6s327rb19,UNSAT,3,0.15131,UNSAT,3,0.36525,,UNSAT,3,0.15423,UNSAT,3,0.37671,UNSAT,3,0.37737,UNSAT,3,0.37509
6s329rb19,unknown,,,unknown,,,,unknown,,,unknown,,,unknown,,,unknown,,
6s329rb20,unknown,,,unknown,,,,unknown,,,unknown,,,unknown,,,unknown,,
6s32,unknown,,,unknown,,,,unknown,,,unknown,,,unknown,,,unknown,,
6s330rb06,SAT,3,7.6079,SAT,1,1.059,,SAT,3,7.6841,SAT,1,1.0683,SAT,1,1.0687,SAT,1,1.0669
6s330rb11,UNSAT,5,1.7547,UNSAT,4,2.4657,,UNSAT,5,1.7787,UNSAT,4,2.4952,UNSAT,4,2.5084,UNSAT,4,2.495
6s332rb118,unknown,,,unknown,,,,unknown,,,unknown,,,unknown,,,unknown,,
6s332rb155,unknown,,,unknown,,,,unknown,,,unknown,,,unknown,,,unknown,,
6s335rb09,SAT,6,0.82638,SAT,3,0.52383,,SAT,6,0.91629,SAT,3,0.61269,SAT,3,0.54341,SAT,3,0.60057
6s335rb60,SAT,6,0.34238,SAT,4,1.1808,,SAT,6,0.34815,SAT,4,1.1991,SAT,4,1.1357,SAT,4,1.2039
6s339rb19,unknown,,,unknown,,,,unknown,,,unknown,,,unknown,,,unknown,,
6s339rb22,unknown,,,unknown,,,,unknown,,,unknown,,,unknown,,,unknown,,
6s33,unknown,,,unknown,,,,unknown,,,unknown,,,unknown,,,unknown,,
6s340rb27,unknown,,,unknown,,,,unknown,,,unknown,,,unknown,,,unknown,,
6s340rb63,unknown,,,unknown,,,,unknown,,,unknown,,,unknown,,,unknown,,
6s341r,unknown,,,unknown,,,,unknown,,,unknown,,,unknown,,,unknown,,
6s342rb122,unknown,,,unknown,,,,unknown,,,unknown,,,unknown,,,unknown,,
6s342rb131,unknown,,,unknown,,,,unknown,,,unknown,,,unknown,,,unknown,,
6s343b08,unknown,,,unknown,,,,unknown,,,unknown,,,unknown,,,unknown,,
6s343b31,unknown,,,unknown,,,,unknown,,,unknown,,,unknown,,,unknown,,
6s344rb054,UNSAT,3,0.08131,UNSAT,3,0.63512,,UNSAT,3,0.081392,UNSAT,3,0.65254,UNSAT,3,0.65223,UNSAT,3,0.65124
6s344rb150,UNSAT,8,204.8,UNSAT,10,550.35,,UNSAT,8,206.93,UNSAT,10,558.1,UNSAT,10,557.68,UNSAT,10,557.76
6s348b24,unknown,,,unknown,,,,unknown,,,unknown,,,unknown,,,unknown,,
6s348b53,unknown,,,unknown,,,,unknown,,,unknown,,,unknown,,,unknown,,
6s349rb06,unknown,,,unknown,,,,unknown,,,unknown,,,unknown,,,unknown,,
6s349rb12,UNSAT,16,203.22,UNSAT,15,218.24,,UNSAT,16,203.74,UNSAT,15,220.54,UNSAT,15,220.22,UNSAT,15,220.99
6s34,UNSAT,102,644.35,UNSAT,68,269.85,,UNSAT,102,687.12,UNSAT,68,287.75,UNSAT,68,287.86,UNSAT,68,288.14
6s350rb35,unknown,,,unknown,,,,unknown,,,unknown,,,unknown,,,unknown,,
6s350rb46,unknown,,,unknown,,,,unknown,,,unknown,,,unknown,,,unknown,,
6s351rb02,unknown,,,unknown,,,,unknown,,,unknown,,,unknown,,,unknown,,
6s351rb15,unknown,,,unknown,,,,unknown,,,unknown,,,unknown,,,unknown,,
6s353rb036,unknown,,,unknown,,,,unknown,,,unknown,,,unknown,,,unknown,,
6s353rb101,unknown,,,unknown,,,,unknown,,,unknown,,,unknown,,,unknown,,
6s355rb08740,UNSAT,3,0.093957,UNSAT,3,0.61591,,UNSAT,3,0.09437,UNSAT,3,0.6231,UNSAT,3,0.62356,UNSAT,3,0.62175
6s355rb11080,UNSAT,3,0.093607,UNSAT,3,0.6138,,UNSAT,3,0.093517,UNSAT,3,0.62218,UNSAT,3,0.62197,UNSAT,3,0.62368
6s357r,unknown,,,unknown,,,,unknown,,,unknown,,,unknown,,,unknown,,
6s358r,unknown,,,unknown,,,,unknown,,,unknown,,,unknown,,,unknown,,
6s359r,unknown,,,unknown,,,,unknown,,,unknown,,,unknown,,,unknown,,
6s35,unknown,,,unknown,,,,unknown,,,unknown,,,unknown,,,unknown,,
6s361rb52584,unknown,,,unknown,,,,unknown,,,unknown,,,unknown,,,unknown,,
6s361rb54373,unknown,,,unknown,,,,unknown,,,unknown,,,unknown,,,unknown,,
6s362rb0,unknown,,,unknown,,,,unknown,,,unknown,,,unknown,,,unknown,,
6s362rb1,UNSAT,15,1.3226,UNSAT,15,1.3989,,UNSAT,15,1.4039,UNSAT,15,1.4132,UNSAT,15,1.435,UNSAT,15,1.4025
6s364rb03158,unknown,,,unknown,,,,unknown,,,unknown,,,unknown,,,unknown,,
6s364rb12666,unknown,,,unknown,,,,unknown,,,unknown,,,unknown,,,unknown,,
6s365r,unknown,,,unknown,,,,unknown,,,unknown,,,unknown,,,unknown,,
6s366r,unknown,,,unknown,,,,unknown,,,unknown,,,unknown,,,unknown,,
6s367r,unknown,,,unknown,,,,unknown,,,unknown,,,unknown,,,unknown,,
6s36,unknown,,,unknown,,,,unknown,,,unknown,,,unknown,,,unknown,,
6s372rb26,UNSAT,13,2.9526,UNSAT,13,8.3578,,UNSAT,13,2.9929,UNSAT,13,8.5938,UNSAT,13,8.6584,UNSAT,13,8.4224
6s372rb31,UNSAT,27,120.49,UNSAT,27,308.03,,UNSAT,27,122.2,UNSAT,27,317.03,UNSAT,27,316.2,UNSAT,27,316.21
6s374b029,unknown,,,unknown,,,,unknown,,,unknown,,,unknown,,,unknown,,
6s374b114,UNSAT,4,118.87,UNSAT,4,128.72,,UNSAT,4,118.77,UNSAT,4,129.28,UNSAT,4,129.33,UNSAT,4,129.53
6s376r,unknown,,,unknown,,,,unknown,,,unknown,,,unknown,,,unknown,,
6s377r,unknown,,,unknown,,,,unknown,,,unknown,,,unknown,,,unknown,,
6s37,unknown,,,unknown,,,,unknown,,,unknown,,,unknown,,,unknown,,
6s380b129,UNSAT,20,20.878,UNSAT,18,20.666,,UNSAT,20,20.824,UNSAT,18,20.831,UNSAT,18,20.908,UNSAT,18,20.858
6s380b511,SAT,17,42.875,SAT,12,57.587,,SAT,17,42.951,SAT,12,57.819,SAT,12,58.002,SAT,12,57.951
6s381rb051,UNSAT,35,328.75,UNSAT,26,516.36,,UNSAT,35,331.4,UNSAT,26,518.11,UNSAT,26,518.1,UNSAT,26,517.59
6s381rb630,UNSAT,6,13.037,UNSAT,6,15.688,,UNSAT,6,13.07,UNSAT,6,15.749,UNSAT,6,15.761,UNSAT,6,15.715
6s382r,unknown,,,unknown,,,,unknown,,,unknown,,,unknown,,,unknown,,
6s384rb024,UNSAT,4,8.5733,UNSAT,7,13.876,,UNSAT,4,8.635,UNSAT,7,13.867,UNSAT,7,13.869,UNSAT,7,13.882
6s384rb194,unknown,,,unknown,,,,unknown,,,unknown,,,unknown,,,unknown,,
6s385rb267,UNSAT,13,659.95,UNSAT,13,506.89,,UNSAT,13,662.41,UNSAT,13,506.19,UNSAT,13,512.17,UNSAT,13,507.6
6s385rb444,unknown,,,UNSAT,12,102.68,,unknown,,,UNSAT,12,103.37,UNSAT,12,103.13,UNSAT,12,103.35
6s386rb07,unknown,,,unknown,,,,unknown,,,unknown,,,unknown,,,unknown,,
6s386rb08,unknown,,,unknown,,,,unknown,,,unknown,,,unknown,,,unknown,,
6s387rb181,unknown,,,unknown,,,,unknown,,,unknown,,,unknown,,,unknown,,
6s387rb291,unknown,,,unknown,,,,unknown,,,unknown,,,unknown,,,unknown,,
6s388b07,SAT,1,0.25304,SAT,1,0.42545,,SAT,1,0.25612,SAT,1,0.42821,SAT,1,0.42715,SAT,1,0.42919
6s388b09,SAT,1,0.25509,SAT,1,0.42462,,SAT,1,0.25684,SAT,1,0.42953,SAT,1,0.4292,SAT,1,0.42979
6s389b02,SAT,1,0.25237,SAT,1,0.42405,,SAT,1,0.25317,SAT,1,0.42569,SAT,1,0.42772,SAT,1,0.42918
6s389b11,SAT,5,1.1804,SAT,4,1.6027,,SAT,5,1.1907,SAT,4,1.6125,SAT,4,1.6176,SAT,4,1.6167
6s38,unknown,,,unknown,,,,unknown,,,unknown,,,unknown,,,unknown,,
6s391rb365,unknown,,,unknown,,,,unknown,,,unknown,,,unknown,,,unknown,,
6s391rb379,UNSAT,4,0.2434,UNSAT,4,0.47355,,UNSAT,4,0.2681,UNSAT,4,0.48665,UNSAT,4,0.45682,UNSAT,4,0.47628
6s392r,unknown,,,unknown,,,,unknown,,,unknown,,,unknown,,,unknown,,
6s393r,unknown,,,unknown,,,,unknown,,,unknown,,,unknown,,,unknown,,
6s394r,unknown,,,unknown,,,,unknown,,,unknown,,,unknown,,,unknown,,
6s398b09,unknown,,,unknown,,,,unknown,,,unknown,,,unknown,,,unknown,,
6s398b16,unknown,,,unknown,,,,unknown,,,unknown,,,unknown,,,unknown,,
6s399b02,unknown,,,unknown,,,,unknown,,,unknown,,,unknown,,,unknown,,
6s399b03,unknown,,,unknown,,,,unknown,,,unknown,,,unknown,,,unknown,,
6s39,unknown,,,unknown,,,,unknown,,,unknown,,,unknown,,,unknown,,
6s3,UNSAT,10,4.0107,UNSAT,8,6.6373,,UNSAT,10,4.131,UNSAT,8,6.8071,UNSAT,8,6.8168,UNSAT,8,6.6559
6s400rb02672,unknown,,,unknown,,,,unknown,,,unknown,,,unknown,,,unknown,,
6s400rb07819,UNSAT,3,0.091052,UNSAT,3,0.58673,,UNSAT,3,0.090201,UNSAT,3,0.60038,UNSAT,3,0.59727,UNSAT,3,0.598
6s401rb051,unknown,,,unknown,,,,unknown,,,unknown,,,unknown,,,unknown,,
6s401rb086,unknown,,,unknown,,,,unknown,,,unknown,,,unknown,,,unknown,,
6s402rb0342,unknown,,,unknown,,,,unknown,,,unknown,,,unknown,,,unknown,,
6s402rb2219,unknown,,,unknown,,,,unknown,,,unknown,,,unknown,,,unknown,,
6s403rb0609,UNSAT,9,31.492,UNSAT,9,38.227,,UNSAT,9,31.703,UNSAT,9,38.159,UNSAT,9,38.238,UNSAT,9,38.318
6s403rb1342,UNSAT,9,31.396,UNSAT,7,39.33,,UNSAT,9,31.501,UNSAT,7,39.354,UNSAT,7,39.453,UNSAT,7,39.301
6s404rb1,UNSAT,9,285.4,UNSAT,8,446.01,,UNSAT,9,287.13,UNSAT,8,448.84,UNSAT,8,450.97,UNSAT,8,451.75
6s404rb4,UNSAT,11,675.62,unknown,,,,UNSAT,11,670.76,unknown,,,unknown,,,unknown,,
6s405rb015,UNSAT,9,135.41,UNSAT,7,131.04,,UNSAT,9,135.34,UNSAT,7,132.02,UNSAT,7,131.97,UNSAT,7,131.44
6s405rb611,UNSAT,9,134.16,UNSAT,7,143.5,,UNSAT,9,134.53,UNSAT,7,144.03,UNSAT,7,144.21,UNSAT,7,144.2
6s406rb067,UNSAT,5,4.5498,UNSAT,5,6.3068,,UNSAT,5,4.57,UNSAT,5,6.3589,UNSAT,5,6.3482,UNSAT,5,6.343
6s406rb111,unknown,,,unknown,,,,unknown,,,unknown,,,unknown,,,unknown,,
6s407rb034,unknown,,,unknown,,,,unknown,,,unknown,,,unknown,,,unknown,,
6s407rb296,unknown,,,unknown,,,,unknown,,,unknown,,,unknown,,,unknown,,
6s408rb191,unknown,,,unknown,,,,unknown,,,unknown,,,unknown,,,unknown,,
6s408rb223,UNSAT,7,823.67,unknown,,,,UNSAT,7,820.73,unknown,,,unknown,,,unknown,,
6s409rb054,unknown,,,unknown,,,,unknown,,,unknown,,,unknown,,,unknown,,
6s409rb131,unknown,,,unknown,,,,unknown,,,unknown,,,unknown,,,unknown,,
6s40p0,unknown,,,unknown,,,,unknown,,,unknown,,,unknown,,,unknown,,
6s40p1,SAT,1,0.28583,SAT,1,0.51412,,SAT,1,0.2866,SAT,1,0.52174,SAT,1,0.51602,SAT,1,0.52141
6s40p2,SAT,1,0.28646,SAT,1,0.51631,,SAT,1,0.28793,SAT,1,0.52024,SAT,1,0.52194,SAT,1,0.51924
6s410rb043,UNSAT,6,285.7,UNSAT,6,386.54,,UNSAT,6,286.34,UNSAT,6,386.63,UNSAT,6,387.19,UNSAT,6,387.15
6s410rb236,unknown,,,unknown,,,,unknown,,,unknown,,,unknown,,,unknown,,
6s413b299,UNSAT,15,396.67,UNSAT,14,453.13,,UNSAT,15,403.84,UNSAT,14,460.43,UNSAT,14,460.3,UNSAT,14,464.26
6s413b398,unknown,,,unknown,,,,unknown,,,unknown,,,unknown,,,unknown,,
6s416r,unknown,,,unknown,,,,unknown,,,unknown,,,unknown,,,unknown,,
6s41,unknown,,,unknown,,,,unknown,,,unknown,,,unknown,,,unknown,,
6s421rb050,UNSAT,6,1.2925,UNSAT,4,1.9523,,UNSAT,6,1.3923,UNSAT,4,1.9052,UNSAT,4,2.002,UNSAT,4,1.9749
6s421rb083,UNSAT,6,1.2888,UNSAT,6,1.9923,,UNSAT,6,1.3099,UNSAT,6,2.161,UNSAT,6,2.1452,UNSAT,6,2.1373
6s428rb093,unknown,,,unknown,,,,unknown,,,unknown,,,unknown,,,unknown,,
6s428rb098,unknown,,,unknown,,,,unknown,,,unknown,,,unknown,,,unknown,,
6s42,unknown,,,unknown,,,,unknown,,,unknown,,,unknown,,,unknown,,
6s43,UNSAT,20,142.07,UNSAT,19,99.044,,UNSAT,20,145.7,UNSAT,19,102.18,UNSAT,19,102.6,UNSAT,19,102.4
6s44,unknown,,,unknown,,,,unknown,,,unknown,,,unknown,,,unknown,,
6s45,unknown,,,unknown,,,,unknown,,,unknown,,,unknown,,,unknown,,
6s46,unknown,,,unknown,,,,unknown,,,unknown,,,unknown,,,unknown,,
6s47,unknown,,,unknown,,,,unknown,,,unknown,,,unknown,,,unknown,,
6s48p0,unknown,,,unknown,,,,unknown,,,unknown,,,unknown,,,unknown,,
6s48p1,unknown,,,unknown,,,,unknown,,,unknown,,,unknown,,,unknown,,
6s49,unknown,,,unknown,,,,unknown,,,unknown,,,unknown,,,unknown,,
6s4,unknown,,,unknown,,,,unknown,,,unknown,,,unknown,,,unknown,,
6s50,unknown,,,unknown,,,,unknown,,,unknown,,,unknown,,,unknown,,
6s514r,unknown,,,unknown,,,,unknown,,,unknown,,,unknown,,,unknown,,
6s515rb1,UNSAT,6,0.056178,UNSAT,4,0.10208,,UNSAT,6,0.052965,UNSAT,4,0.10347,UNSAT,4,0.10327,UNSAT,4,0.076877
6s516r,unknown,,,unknown,,,,unknown,,,unknown,,,unknown,,,unknown,,
6s517rb0,unknown,,,unknown,,,,unknown,,,unknown,,,unknown,,,unknown,,
6s51,unknown,,,unknown,,,,unknown,,,unknown,,,unknown,,,unknown,,
6s52,unknown,,,unknown,,,,unknown,,,unknown,,,unknown,,,unknown,,
6s53,unknown,,,unknown,,,,unknown,,,unknown,,,unknown,,,unknown,,
6s54,unknown,,,unknown,,,,unknown,,,unknown,,,unknown,,,unknown,,
6s5,unknown,,,unknown,,,,unknown,,,unknown,,,unknown,,,unknown,,
6s6,UNSAT,24,73.164,UNSAT,23,106.8,,UNSAT,24,76.034,UNSAT,23,110.78,UNSAT,23,111.18,UNSAT,23,110.8
6s7,unknown,,,unknown,,,,unknown,,,unknown,,,unknown,,,unknown,,
6s8,unknown,,,unknown,,,,unknown,,,unknown,,,unknown,,,unknown,,
6s9,unknown,,,unknown,,,,unknown,,,unknown,,,unknown,,,unknown,,
abp4p2ff,SAT,17,3.5607,SAT,16,6.9457,,SAT,17,3.5491,SAT,16,7.2247,SAT,16,7.222,SAT,16,6.9873
abp4p2tt,SAT,18,4.9498,SAT,16,5.8939,,SAT,18,5.1675,SAT,16,6.0814,SAT,16,5.8096,SAT,16,5.9097
abp4pold,SAT,17,3.7577,SAT,14,3.3965,,SAT,17,3.806,SAT,14,3.4977,SAT,14,3.4836,SAT,14,3.5275
abp4ptimo,SAT,19,5.6747,SAT,17,6.9087,,SAT,19,5.7372,SAT,17,7.0472,SAT,17,7.0265,SAT,17,7.1257
abp4ptimoneg,SAT,19,5.6525,SAT,17,8.8059,,SAT,19,5.7266,SAT,17,8.9856,SAT,17,9.0401,SAT,17,8.8896
bc57sensorsp0,SAT,62,160.43,SAT,54,320.83,,SAT,62,166.61,SAT,54,331.56,SAT,54,332.23,SAT,54,330.8
bc57sensorsp0neg,SAT,79,792.83,SAT,65,696.86,,SAT,79,826.75,SAT,65,728.53,SAT,65,736.87,SAT,65,736.69
bc57sensorsp1,unknown,,,SAT,63,216.32,,unknown,,,SAT,63,220.59,SAT,63,220.4,SAT,63,220.34
bc57sensorsp1neg,SAT,88,719.18,SAT,63,217.82,,SAT,88,724.89,SAT,63,221.73,SAT,63,222.72,SAT,63,222.15
bc57sensorsp2,SAT,71,817.39,unknown,,,,SAT,71,864.09,unknown,,,unknown,,,unknown,,
bc57sensorsp2neg,SAT,54,431.97,SAT,67,322.59,,SAT,54,448.86,SAT,67,331.12,SAT,67,334.36,SAT,67,335.53
bc57sensorsp3,SAT,78,512.17,SAT,80,419,,SAT,78,532.28,SAT,80,430.23,SAT,80,436.09,SAT,80,435.77
beemadd3b1,SAT,8,81.4,SAT,7,7.2316,,SAT,8,86.269,SAT,7,7.3733,SAT,7,7.4632,SAT,7,7.3754
beemadd4b1,unknown,,,SAT,7,455.84,,unknown,,,SAT,7,503.45,SAT,7,507.61,SAT,7,511.56
beemandrsn4b1,UNSAT,16,691.61,unknown,,,,UNSAT,16,732.23,unknown,,,unknown,,,unknown,,
beemandrsn6b1,unknown,,,unknown,,,,unknown,,,unknown,,,unknown,,,unknown,,
beemandrsn7f1,SAT,10,877.1,unknown,,,,unknown,,,unknown,,,unknown,,,unknown,,
beemat1b1,unknown,,,unknown,,,,unknown,,,unknown,,,unknown,,,unknown,,
beemat1f1,unknown,,,UNSAT,31,218.41,,unknown,,,UNSAT,31,226.46,UNSAT,31,226.29,UNSAT,31,227.4
beemat4f1,unknown,,,unknown,,,,unknown,,,unknown,,,unknown,,,unknown,,
beembkry1b1,UNSAT,20,20.192,UNSAT,11,19.656,,UNSAT,20,20.646,UNSAT,11,20.531,UNSAT,11,20.381,UNSAT,11,20.398
beembkry5b1,unknown,,,unknown,,,,unknown,,,unknown,,,unknown,,,unknown,,
beembkry7f1,unknown,,,unknown,,,,unknown,,,unknown,,,unknown,,,unknown,,
beemblks2b1,unknown,,,unknown,,,,unknown,,,unknown,,,unknown,,,unknown,,
beemblks3f1,unknown,,,unknown,,,,unknown,,,unknown,,,unknown,,,unknown,,
beembrdg2f1,unknown,,,unknown,,,,unknown,,,unknown,,,unknown,,,unknown,,
beembrdg3b1,unknown,,,unknown,,,,unknown,,,unknown,,,unknown,,,unknown,,
beembrdg3f1,unknown,,,unknown,,,,unknown,,,unknown,,,unknown,,,unknown,,
beembrp1f1,UNSAT,105,322.62,UNSAT,100,429.56,,UNSAT,105,327.64,UNSAT,100,449.09,UNSAT,100,449.02,UNSAT,100,448.77
beembrptwo1b2,unknown,,,unknown,,,,unknown,,,unknown,,,unknown,,,unknown,,
beembrptwo1f2,UNSAT,59,47.487,UNSAT,37,88.732,,UNSAT,59,48.477,UNSAT,37,91.758,UNSAT,37,91.226,UNSAT,37,91.788
beembrptwo4b1,SAT,33,57.185,SAT,46,126.49,,SAT,33,58.239,SAT,46,130.42,SAT,46,129.88,SAT,46,129.8
beembrptwo5f2,unknown,,,unknown,,,,unknown,,,unknown,,,unknown,,,unknown,,
beemcmbrdg1b1,unknown,,,unknown,,,,unknown,,,unknown,,,unknown,,,unknown,,
beemcmbrdg1f1,unknown,,,unknown,,,,unknown,,,unknown,,,unknown,,,unknown,,
beemcoll1b1,UNSAT,14,40.809,UNSAT,13,46.018,,UNSAT,14,44.893,UNSAT,13,55.821,UNSAT,13,56.659,UNSAT,13,56.743
beemcoll3b1,unknown,,,unknown,,,,unknown,,,unknown,,,unknown,,,unknown,,
beemcoll4b1,unknown,,,unknown,,,,unknown,,,unknown,,,unknown,,,unknown,,
beemexit5f1,UNSAT,20,40.559,UNSAT,20,50.123,,UNSAT,20,42.001,UNSAT,20,53.783,UNSAT,20,52.973,UNSAT,20,53.339
beemextnc1b1,unknown,,,unknown,,,,unknown,,,unknown,,,unknown,,,unknown,,
beemextnc3b1,SAT,7,211.4,unknown,,,,SAT,7,215.89,unknown,,,unknown,,,unknown,,
beemfish4f1,UNSAT,14,19.795,UNSAT,23,39.269,,UNSAT,14,20.394,UNSAT,23,41.553,UNSAT,23,40.95,UNSAT,23,40.013
beemfish6b1,unknown,,,unknown,,,,unknown,,,unknown,,,unknown,,,unknown,,
beemfrogs1b1,SAT,10,894.86,SAT,9,486.1,,unknown,,,SAT,9,548.21,SAT,9,551.03,SAT,9,555.96
beemfrogs1f1,SAT,16,371.43,SAT,17,151.43,,SAT,16,389.87,SAT,17,156.48,SAT,17,156.81,SAT,17,158
beemfwt1b1,unknown,,,unknown,,,,unknown,,,unknown,,,unknown,,,unknown,,
beemfwt1f1,unknown,,,unknown,,,,unknown,,,unknown,,,unknown,,,unknown,,
beemfwt5f2,unknown,,,unknown,,,,unknown,,,unknown,,,unknown,,,unknown,,
beemgear1f1,unknown,,,unknown,,,,unknown,,,unknown,,,unknown,,,unknown,,
beemgear2b1,SAT,8,4.1007,SAT,17,12.2,,SAT,8,4.1955,SAT,17,12.678,SAT,17,12.736,SAT,17,12.651
beemgear2f1,unknown,,,unknown,,,,unknown,,,unknown,,,unknown,,,unknown,,
beemhanoi1b1,SAT,7,244.69,unknown,,,,SAT,7,243.53,unknown,,,unknown,,,unknown,,
beemhanoi1f1,unknown,,,unknown,,,,unknown,,,unknown,,,unknown,,,unknown,,
beemkrebs3b1,unknown,,,unknown,,,,unknown,,,unknown,,,unknown,,,unknown,,
beemkrebs3f1,unknown,,,unknown,,,,unknown,,,unknown,,,unknown,,,unknown,,
beemkrebs4b1,unknown,,,unknown,,,,unknown,,,unknown,,,unknown,,,unknown,,
beemlann2b1,unknown,,,unknown,,,,unknown,,,unknown,,,unknown,,,unknown,,
beemlann2f1,UNSAT,48,854.03,UNSAT,37,57.663,,UNSAT,48,826.62,UNSAT,37,55.73,UNSAT,37,54.951,UNSAT,37,54.117
beemlann4b1,unknown,,,unknown,,,,unknown,,,unknown,,,unknown,,,unknown,,
beemldelec1b1,unknown,,,unknown,,,,unknown,,,unknown,,,unknown,,,unknown,,
beemldelec4b1,SAT,5,146.84,SAT,3,66.043,,SAT,5,147.53,SAT,3,67.786,SAT,3,66.496,SAT,3,64.167
beemldfilt1f1,UNSAT,117,886.01,unknown,,,,UNSAT,117,834.75,unknown,,,unknown,,,unknown,,
beemldfilt3b1,unknown,,,unknown,,,,unknown,,,unknown,,,unknown,,,unknown,,
beemldfilt4b1,unknown,,,unknown,,,,UNSAT,18,879.02,unknown,,,unknown,,,unknown,,
beemldfilt5b1,unknown,,,unknown,,,,unknown,,,unknown,,,unknown,,,unknown,,
beemlifts2b1,unknown,,,unknown,,,,unknown,,,unknown,,,unknown,,,unknown,,
beemlifts3b1,unknown,,,unknown,,,,unknown,,,unknown,,,unknown,,,unknown,,
beemlifts8b1,SAT,6,60.44,SAT,4,331.32,,SAT,6,64.062,SAT,4,339.45,SAT,4,342.39,SAT,4,348.8
beemlmprt1b1,UNSAT,19,143.53,UNSAT,19,148.04,,UNSAT,19,144.45,UNSAT,19,142.51,UNSAT,19,141.99,UNSAT,19,141.16
beemlmprt5b1,unknown,,,unknown,,,,unknown,,,unknown,,,unknown,,,unknown,,
beemlmprt5f1,UNSAT,24,11.387,UNSAT,18,9.7789,,UNSAT,24,11.376,UNSAT,18,9.7029,UNSAT,18,9.5754,UNSAT,18,9.6408
beemlmprt7b1,unknown,,,unknown,,,,unknown,,,unknown,,,unknown,,,unknown,,
beemloyd2b1,SAT,8,10.35,SAT,6,10.613,,SAT,8,10.471,SAT,6,11.094,SAT,6,11.008,SAT,6,10.97
beemloyd3b1,unknown,,,unknown,,,,unknown,,,unknown,,,unknown,,,unknown,,
beemlptna5f1,UNSAT,23,51.331,UNSAT,20,104.39,,UNSAT,23,51.783,UNSAT,20,105.54,UNSAT,20,105.09,UNSAT,20,104.78
beemmcs1f1,UNSAT,31,12.99,UNSAT,14,3.8922,,UNSAT,31,13.234,UNSAT,14,4.0744,UNSAT,14,3.8934,UNSAT,14,4.0942
beemmcs3b1,unknown,,,unknown,,,,unknown,,,unknown,,,unknown,,,unknown,,
beemmcs4b1,UNSAT,16,469.28,UNSAT,16,745.04,,UNSAT,16,453.65,UNSAT,16,727.48,UNSAT,16,731.7,UNSAT,16,736.09
beemmsmie1b1,UNSAT,13,175.13,UNSAT,13,168.92,,UNSAT,13,172.54,UNSAT,13,169.42,UNSAT,13,169.58,UNSAT,13,169.24
beemmsmie3b1,unknown,,,unknown,,,,unknown,,,unknown,,,unknown,,,unknown,,
beemmsmie3f1,UNSAT,17,769.76,unknown,,,,UNSAT,17,754.03,unknown,,,unknown,,,unknown,,
beemndhm2b2,unknown,,,unknown,,,,unknown,,,unknown,,,unknown,,,unknown,,
beemndhm2f2,UNSAT,11,52.39,UNSAT,12,104.11,,UNSAT,11,53.393,UNSAT,12,98.485,UNSAT,12,99.095,UNSAT,12,100.14
beemndhm3b2,unknown,,,unknown,,,,unknown,,,unknown,,,unknown,,,unknown,,
beempgmprot1b1,UNSAT,17,35.07,UNSAT,17,84.268,,UNSAT,17,36.673,UNSAT,17,80.62,UNSAT,17,80.808,UNSAT,17,80.825
beempgmprot1b2,unknown,,,unknown,,,,unknown,,,unknown,,,unknown,,,unknown,,
beempgmprot7b1,UNSAT,15,287.57,UNSAT,29,641.41,,UNSAT,15,250.91,UNSAT,29,601.65,UNSAT,29,620.17,UNSAT,29,615.86
beempgsol2b1,unknown,,,unknown,,,,unknown,,,unknown,,,unknown,,,unknown,,
beempgsol5b1,SAT,4,92.318,unknown,,,,SAT,4,87.266,unknown,,,unknown,,,unknown,,
beemplc1b2,unknown,,,unknown,,,,unknown,,,unknown,,,unknown,,,unknown,,
beemprdcell2f1,unknown,,,unknown,,,,unknown,,,unknown,,,unknown,,,unknown,,
beemprng1b1,SAT,3,159.82,SAT,3,123.02,,SAT,3,144.14,SAT,3,137.78,SAT,3,135.16,SAT,3,131.36
beemptrsn1b1,UNSAT,14,103.7,UNSAT,14,97.972,,UNSAT,14,98.967,UNSAT,14,98.691,UNSAT,14,98.301,UNSAT,14,98.189
beemptrsn4b1,unknown,,,unknown,,,,unknown,,,unknown,,,unknown,,,unknown,,
beemptrsn7b1,unknown,,,unknown,,,,unknown,,,unknown,,,unknown,,,unknown,,
beemptrsn7f1,unknown,,,unknown,,,,unknown,,,unknown,,,unknown,,,unknown,,
beemrether3b1,unknown,,,unknown,,,,unknown,,,unknown,,,unknown,,,unknown,,
beemrether4f1,unknown,,,unknown,,,,unknown,,,unknown,,,unknown,,,unknown,,
beemrether6b1,SAT,10,7.1083,SAT,11,113.01,,SAT,10,7.1193,SAT,11,107.45,SAT,11,110.96,SAT,11,112.22
beemrshr2b1,unknown,,,unknown,,,,unknown,,,unknown,,,unknown,,,unknown,,
beemrshr2f1,unknown,,,unknown,,,,unknown,,,unknown,,,unknown,,,unknown,,
beemrshr3b1,unknown,,,unknown,,,,unknown,,,unknown,,,unknown,,,unknown,,
beemskbn1f1,unknown,,,unknown,,,,unknown,,,unknown,,,unknown,,,unknown,,
beemskbn2b1,unknown,,,unknown,,,,unknown,,,unknown,,,unknown,,,unknown,,
beemskbn2f1,unknown,,,unknown,,,,unknown,,,SAT,38,884,SAT,38,890.02,SAT,38,894.8
beemsnpse4f1,UNSAT,18,44.261,UNSAT,18,69.924,,UNSAT,18,44.238,UNSAT,18,58.11,UNSAT,18,62.233,UNSAT,18,65.27
beemsnpse7b1,unknown,,,unknown,,,,UNSAT,33,811.2,unknown,,,unknown,,,unknown,,
beemszmsk1b1,unknown,,,unknown,,,,unknown,,,unknown,,,unknown,,,unknown,,
beemszmsk1f1,UNSAT,51,582.68,UNSAT,40,340.49,,UNSAT,51,571.86,UNSAT,40,320.63,UNSAT,40,325.05,UNSAT,40,324.54
beemtlphn4b1,unknown,,,unknown,,,,unknown,,,unknown,,,unknown,,,unknown,,
beemtlphn5f1,UNSAT,20,232.2,UNSAT,14,120.5,,UNSAT,20,224.8,UNSAT,14,111.8,UNSAT,14,108.48,UNSAT,14,107.48
beemtrngt2b1,UNSAT,31,52.784,unknown,,,,UNSAT,31,52.187,unknown,,,unknown,,,unknown,,
beemtrngt3f1,SAT,30,394.37,SAT,27,202.68,,SAT,30,387.53,SAT,27,196.26,SAT,27,196.42,SAT,27,195.33
beemtrngt4b1,UNSAT,27,116.28,UNSAT,19,276.81,,UNSAT,27,114.82,UNSAT,19,259.51,UNSAT,19,261.21,UNSAT,19,261.89
beemtrngt5f1,unknown,,,unknown,,,,unknown,,,unknown,,,unknown,,,unknown,,
bj08amba2g3f3,UNSAT,12,0.6519,UNSAT,11,0.87246,,UNSAT,12,0.63733,UNSAT,11,0.86127,UNSAT,11,0.87189,UNSAT,11,0.87068
bjrb07amba10andenv,UNSAT,13,334.04,UNSAT,10,390.31,,UNSAT,13,290.96,UNSAT,10,396.36,UNSAT,10,405.21,UNSAT,10,395.18
bjrb07amba3andenv,UNSAT,9,5.5038,UNSAT,9,5.3838,,UNSAT,9,5.2895,UNSAT,9,5.5042,UNSAT,9,5.4522,UNSAT,9,5.3151
bjrb07amba4andenv,UNSAT,8,8.0932,UNSAT,9,13.544,,UNSAT,8,7.6714,UNSAT,9,14.245,UNSAT,9,14.121,UNSAT,9,13.585
bjrb07amba5andenv,UNSAT,9,20.863,UNSAT,11,32.617,,UNSAT,9,19.021,UNSAT,11,34.141,UNSAT,11,33.057,UNSAT,11,33.002
bjrb07amba6andenv,UNSAT,9,59.693,UNSAT,9,70.796,,UNSAT,9,50.932,UNSAT,9,71.82,UNSAT,9,71.308,UNSAT,9,71.104
bjrb07amba7andenv,UNSAT,11,30.417,UNSAT,12,40.198,,UNSAT,11,26.578,UNSAT,12,40.442,UNSAT,12,41.145,UNSAT,12,40.943
bjrb07amba9andenv,UNSAT,11,170.9,UNSAT,9,157.44,,UNSAT,11,138.03,UNSAT,9,159.8,UNSAT,9,160.15,UNSAT,9,158.33
bob05,UNSAT,23,196.31,UNSAT,35,80.971,,UNSAT,23,190.97,UNSAT,35,81.531,UNSAT,35,79.427,UNSAT,35,79.013
bob12s01,unknown,,,unknown,,,,unknown,,,unknown,,,unknown,,,unknown,,
bob12s02,unknown,,,unknown,,,,unknown,,,unknown,,,unknown,,,unknown,,
bob12s03,unknown,,,unknown,,,,unknown,,,unknown,,,unknown,,,unknown,,
bob12s04,unknown,,,SAT,1,51.56,,unknown,,,SAT,1,51.09,SAT,1,50.331,SAT,1,51.177
bob12s05,unknown,,,unknown,,,,unknown,,,unknown,,,unknown,,,unknown,,
bob12s06,unknown,,,unknown,,,,unknown,,,unknown,,,unknown,,,unknown,,
bob12s07,unknown,,,unknown,,,,unknown,,,unknown,,,unknown,,,unknown,,
bob12s08,unknown,,,unknown,,,,unknown,,,unknown,,,unknown,,,unknown,,
bob12s09,unknown,,,unknown,,,,unknown,,,unknown,,,unknown,,,unknown,,
bob12s10,unknown,,,unknown,,,,unknown,,,unknown,,,unknown,,,unknown,,
bob1u05cu,UNSAT,18,91.045,UNSAT,15,91.643,,UNSAT,18,91.004,UNSAT,15,90.103,UNSAT,15,90.125,UNSAT,15,90.201
bob3,UNSAT,23,13.394,UNSAT,23,13.446,,UNSAT,23,13.32,UNSAT,23,13.146,UNSAT,23,13.03,UNSAT,23,13.186
bob9234redmiter,SAT,296,541.33,unknown,,,,SAT,296,528.08,unknown,,,unknown,,,unknown,,
bob9234spec4neg,SAT,553,33.999,SAT,553,57.568,,SAT,553,33.915,SAT,553,55.041,SAT,553,54.694,SAT,553,54.636
bob9234spec5neg,SAT,284,67.568,SAT,292,134.5,,SAT,284,66.952,SAT,292,121,SAT,292,121.01,SAT,292,121.24
bob9234spec6neg,SAT,273,105,SAT,290,94.929,,SAT,273,103.74,SAT,290,91.361,SAT,290,90.913,SAT,290,91.297
bob9234spec7neg,SAT,287,13.123,SAT,287,21.665,,SAT,287,13.066,SAT,287,21.164,SAT,287,21.114,SAT,287,21.127
bobaesdinvdmit,UNSAT,20,434.66,UNSAT,18,570.03,,UNSAT,20,415.09,UNSAT,18,539.98,UNSAT,18,541.29,UNSAT,18,538.18
bobcohdoptdcd4,UNSAT,17,86.608,UNSAT,15,124.96,,UNSAT,17,81.12,UNSAT,15,120.14,UNSAT,15,120.06,UNSAT,15,119.53
boblivea,UNSAT,18,8.0363,UNSAT,19,10.137,,UNSAT,18,8.0208,UNSAT,19,10.033,UNSAT,19,10.051,UNSAT,19,10.105
boblivear,UNSAT,21,74.919,UNSAT,21,76.488,,UNSAT,21,73.595,UNSAT,21,73.882,UNSAT,21,72.629,UNSAT,21,73.602
bobmiterbm1or,SAT,1,0.012839,SAT,1,0.030834,,SAT,1,0.012113,SAT,1,0.030867,SAT,1,0.031016,SAT,1,0.025855
bobmitersynbm,unknown,,,unknown,,,,unknown,,,unknown,,,unknown,,,unknown,,
bobpci215,SAT,8,4.619,SAT,8,10.626,,SAT,8,4.4785,SAT,8,10.258,SAT,8,10.247,SAT,8,10.168
bobpcihm,unknown,,,unknown,,,,unknown,,,unknown,,,unknown,,,unknown,,
bobsm38584,unknown,,,unknown,,,,unknown,,,unknown,,,unknown,,,unknown,,
bobsm5378d2,UNSAT,27,11.229,UNSAT,30,15.173,,UNSAT,27,10.929,UNSAT,30,15.031,UNSAT,30,14.896,UNSAT,30,14.724
bobsm9234,unknown,,,unknown,,,,unknown,,,unknown,,,unknown,,,unknown,,
bobsmcodic,unknown,,,unknown,,,,unknown,,,unknown,,,unknown,,,unknown,,
bobsmdct,UNSAT,13,3.238,UNSAT,13,3.2689,,UNSAT,13,3.1921,UNSAT,13,3.2911,UNSAT,13,3.2537,UNSAT,13,3.0787
bobsmfpu,unknown,,,unknown,,,,unknown,,,unknown,,,unknown,,,unknown,,
bobsmhdlc1,unknown,,,unknown,,,,unknown,,,unknown,,,unknown,,,unknown,,
bobsmhdlc2,unknown,,,unknown,,,,unknown,,,unknown,,,unknown,,,unknown,,
bobsmhdlc3,unknown,,,unknown,,,,unknown,,,unknown,,,unknown,,,unknown,,
bobsmhdlc,unknown,,,unknown,,,,unknown,,,unknown,,,unknown,,,unknown,,
bobsmi2c,UNSAT,56,68.25,UNSAT,56,67.917,,UNSAT,56,68.474,UNSAT,56,69.255,UNSAT,56,68.154,UNSAT,56,67.904
bobsmmem,unknown,,,unknown,,,,unknown,,,unknown,,,unknown,,,unknown,,
bobsmminiuart,unknown,,,unknown,,,,unknown,,,unknown,,,unknown,,,unknown,,
bobsmmips,unknown,,,unknown,,,,unknown,,,unknown,,,unknown,,,unknown,,
bobsmnut1,UNSAT,86,103.62,UNSAT,84,193.38,,UNSAT,86,102.11,UNSAT,84,186.2,UNSAT,84,184.57,UNSAT,84,184.64
bobsmnut2,UNSAT,57,2.6046,UNSAT,62,3.7823,,UNSAT,57,2.7532,UNSAT,62,3.556,UNSAT,62,3.5632,UNSAT,62,3.5083
bobsmoci,unknown,,,unknown,,,,unknown,,,unknown,,,unknown,,,unknown,,
bobsmrisc,UNSAT,19,545.41,UNSAT,21,598.67,,UNSAT,19,576.56,UNSAT,21,616.5,UNSAT,21,612.31,UNSAT,21,617.48
bobsmvhd3,unknown,,,unknown,,,,unknown,,,unknown,,,unknown,,,unknown,,
bobsynth00neg,SAT,1,0.12992,SAT,1,0.22587,,SAT,1,0.11106,SAT,1,0.22763,SAT,1,0.24369,SAT,1,0.24364
bobsynth01neg,UNSAT,7,2.0101,UNSAT,9,2.7229,,UNSAT,7,1.9618,UNSAT,9,2.7345,UNSAT,9,2.7411,UNSAT,9,2.7336
bobsynth04neg,SAT,3,0.31604,SAT,1,0.23126,,SAT,3,0.28516,SAT,1,0.21516,SAT,1,0.23339,SAT,1,0.21377
bobsynth06neg,SAT,20,296.3,SAT,20,514.93,,SAT,20,294.96,SAT,20,512.31,SAT,20,513.07,SAT,20,511.88
bobsynth07neg,SAT,15,94.11,SAT,21,285.52,,SAT,15,92.689,SAT,21,284.62,SAT,21,283.52,SAT,21,283.43
bobsynth08neg,SAT,18,460.09,unknown,,,,SAT,18,453.58,unknown,,,unknown,,,unknown,,
bobsynth09neg,UNSAT,6,1.6515,UNSAT,6,2.6515,,UNSAT,6,1.658,UNSAT,6,2.6208,UNSAT,6,2.6249,UNSAT,6,2.6184
bobsynth11neg,SAT,14,53.11,SAT,11,23.286,,SAT,14,52.525,SAT,11,23.187,SAT,11,23.387,SAT,11,23.139
bobsynth12neg,SAT,12,58.843,SAT,12,35.01,,SAT,12,58.621,SAT,12,34.818,SAT,12,34.921,SAT,12,34.782
bobsynth13neg,SAT,17,126.13,SAT,16,147.55,,SAT,17,125.71,SAT,16,144.01,SAT,16,145.55,SAT,16,144.61
bobsynthetic2,SAT,5,578.55,SAT,3,639.43,,SAT,5,599.35,SAT,3,573.12,SAT,3,573.3,SAT,3,579.79
bobsynthetic,SAT,5,46.137,SAT,3,44.609,,SAT,5,46.481,SAT,3,45.625,SAT,3,46,SAT,3,46.411
bobtuint04neg,UNSAT,15,0.44335,UNSAT,15,0.99872,,UNSAT,15,0.42833,UNSAT,15,1.0585,UNSAT,15,1.0411,UNSAT,15,0.87603
bobtuint05neg,UNSAT,15,0.43766,UNSAT,15,0.99167,,UNSAT,15,0.40444,UNSAT,15,1.2346,UNSAT,15,0.91459,UNSAT,15,0.87199
bobtuint06,SAT,1,0.012578,SAT,1,0.033211,,SAT,1,0.013409,SAT,1,0.033385,SAT,1,0.023035,SAT,1,0.034195
bobtuint06neg,UNSAT,11,0.11033,UNSAT,10,0.28591,,UNSAT,11,0.10588,UNSAT,10,0.35129,UNSAT,10,0.29877,UNSAT,10,0.27336
bobtuint07neg,UNSAT,15,0.38418,UNSAT,15,0.95592,,UNSAT,15,0.38375,UNSAT,15,1.0783,UNSAT,15,1.0879,UNSAT,15,1.2631
bobtuint08neg,UNSAT,9,0.22738,UNSAT,7,0.17781,,UNSAT,9,0.19707,UNSAT,7,0.24412,UNSAT,7,0.24252,UNSAT,7,0.252
bobtuint09neg,UNSAT,14,0.79498,UNSAT,16,1.0316,,UNSAT,14,0.83459,UNSAT,16,1.4775,UNSAT,16,1.137,UNSAT,16,1.1891
bobtuint10neg,UNSAT,7,0.07006,UNSAT,7,0.18699,,UNSAT,7,0.089116,UNSAT,7,0.28874,UNSAT,7,0.19142,UNSAT,7,0.19403
bobtuint11neg,UNSAT,5,0.029521,UNSAT,5,0.098026,,UNSAT,5,0.035937,UNSAT,5,0.10072,UNSAT,5,0.069664,UNSAT,5,0.11042
bobtuint12neg,UNSAT,5,0.026603,UNSAT,5,0.089769,,UNSAT,5,0.023727,UNSAT,5,0.099447,UNSAT,5,0.064447,UNSAT,5,0.1034
bobtuint13neg,UNSAT,10,0.090388,UNSAT,9,0.25787,,UNSAT,10,0.11208,UNSAT,9,0.33509,UNSAT,9,0.22508,UNSAT,9,0.34406
bobtuint14neg,UNSAT,5,0.020033,UNSAT,5,0.095569,,UNSAT,5,0.020331,UNSAT,5,0.081652,UNSAT,5,0.064483,UNSAT,5,0.10082
bobtuint15neg,UNSAT,9,0.099585,UNSAT,9,0.24239,,UNSAT,9,0.11305,UNSAT,9,0.21482,UNSAT,9,0.2152,UNSAT,9,0.2677
bobtuint16neg,UNSAT,5,0.031048,UNSAT,5,0.073329,,UNSAT,5,0.028572,UNSAT,5,0.10211,UNSAT,5,0.063827,UNSAT,5,0.10172
bobtuint17neg,UNSAT,9,0.090475,UNSAT,9,0.21754,,UNSAT,9,0.13016,UNSAT,9,0.34228,UNSAT,9,0.22366,UNSAT,9,0.33803
bobtuint18neg,UNSAT,5,0.019183,UNSAT,5,0.078611,,UNSAT,5,0.031867,UNSAT,5,0.10237,UNSAT,5,0.10084,UNSAT,5,0.10278
bobtuint19neg,UNSAT,10,0.11172,UNSAT,9,0.21701,,UNSAT,10,0.14002,UNSAT,9,0.33846,UNSAT,9,0.24128,UNSAT,9,0.3467
bobtuint20neg,UNSAT,5,0.03061,UNSAT,5,0.080677,,UNSAT,5,0.032128,UNSAT,5,0.099779,UNSAT,5,0.085818,UNSAT,5,0.10009
bobtuint21neg,UNSAT,9,0.091763,UNSAT,9,0.25313,,UNSAT,9,0.13422,UNSAT,9,0.33408,UNSAT,9,0.25412,UNSAT,9,0.29936
bobtuint22neg,UNSAT,5,0.025037,UNSAT,5,0.073962,,UNSAT,5,0.031581,UNSAT,5,0.10002,UNSAT,5,0.097508,UNSAT,5,0.11211
bobtuint23neg,UNSAT,9,0.13225,UNSAT,9,0.2336,,UNSAT,9,0.1138,UNSAT,9,0.30129,UNSAT,9,0.26419,UNSAT,9,0.33141
bobtuint24neg,UNSAT,5,0.031651,UNSAT,5,0.081378,,UNSAT,5,0.028567,UNSAT,5,0.099034,UNSAT,5,0.065518,UNSAT,5,0.10144
bobtuint25neg,UNSAT,8,0.14389,UNSAT,9,0.25364,,UNSAT,8,0.11233,UNSAT,9,0.30507,UNSAT,9,0.33302,UNSAT,9,0.35005
bobtuint26neg,UNSAT,13,0.22498,UNSAT,12,0.47071,,UNSAT,13,0.22995,UNSAT,12,0.56697,UNSAT,12,0.57474,UNSAT,12,0.63558
bobtuint27neg,UNSAT,21,7.156,UNSAT,20,12.061,,UNSAT,21,7.1518,UNSAT,20,12.33,UNSAT,20,12.326,UNSAT,20,13.278
bobtuint28neg,UNSAT,12,0.053949,UNSAT,12,0.23812,,UNSAT,12,0.088691,UNSAT,12,0.2775,UNSAT,12,0.20832,UNSAT,12,0.2209
bobtuint29neg,UNSAT,5,0.062215,UNSAT,5,0.12179,,UNSAT,5,0.044585,UNSAT,5,0.12637,UNSAT,5,0.16077,UNSAT,5,0.16823
bobtuint30neg,UNSAT,12,0.093236,UNSAT,12,0.21022,,UNSAT,12,0.084194,UNSAT,12,0.30646,UNSAT,12,0.29084,UNSAT,12,0.24025
bobtuint31neg,UNSAT,27,1.6454,UNSAT,30,2.8246,,UNSAT,27,1.6399,UNSAT,30,3.2316,UNSAT,30,2.8897,UNSAT,30,4.2608
bobtuintorneg,UNSAT,3,0.002553,UNSAT,3,0.019538,,UNSAT,3,0.00397,UNSAT,3,0.030604,UNSAT,3,0.025175,UNSAT,3,0.024564
bobtutt,SAT,3,0.65523,SAT,3,2.356,,SAT,3,0.69019,SAT,3,2.366,SAT,3,2.6579,SAT,3,3.2491
bobtuttt,unknown,,,unknown,,,,unknown,,,unknown,,,unknown,,,unknown,,
cmudme1,unknown,,,unknown,,,,unknown,,,unknown,,,unknown,,,unknown,,
cmudme2,unknown,,,unknown,,,,unknown,,,unknown,,,unknown,,,unknown,,
csmacdp0,SAT,7,65.556,SAT,3,5.123,,SAT,7,65.222,SAT,3,5.1366,SAT,3,5.1021,SAT,3,4.9668
csmacdp0neg,SAT,7,65.828,SAT,5,25.764,,SAT,7,65.392,SAT,5,26.08,SAT,5,25.773,SAT,5,25.531
csmacdp2,SAT,5,22.19,SAT,5,22.293,,SAT,5,22.19,SAT,5,22.448,SAT,5,22.15,SAT,5,22.043
csmacdp2neg,SAT,5,31.315,SAT,5,31.46,,SAT,5,31.583,SAT,5,31.455,SAT,5,31.09,SAT,5,31.159
eijkbs1512,UNSAT,181,131.08,UNSAT,175,155.48,,UNSAT,181,130.07,UNSAT,175,151.84,UNSAT,175,151.49,UNSAT,175,152.17
eijkbs3271,unknown,,,unknown,,,,unknown,,,unknown,,,unknown,,,unknown,,
eijkbs3330,UNSAT,8,22.358,UNSAT,6,30.984,,UNSAT,8,23.073,UNSAT,6,31.2,UNSAT,6,30.553,UNSAT,6,30.044
eijkbs3384,unknown,,,unknown,,,,unknown,,,unknown,,,unknown,,,unknown,,
eijkbs4863,UNSAT,6,5.0468,UNSAT,4,8.7913,,UNSAT,6,5.0604,UNSAT,4,8.8037,UNSAT,4,8.7297,UNSAT,4,8.4149
eijkbs6669,unknown,,,unknown,,,,unknown,,,unknown,,,unknown,,,unknown,,
eijks1423,unknown,,,unknown,,,,unknown,,,unknown,,,unknown,,,unknown,,
eijks208,UNSAT,28,0.15241,UNSAT,28,0.19844,,UNSAT,28,0.16007,UNSAT,28,0.20391,UNSAT,28,0.17868,UNSAT,28,0.20414
eijks208c,UNSAT,27,0.19004,UNSAT,27,0.19529,,UNSAT,27,0.18127,UNSAT,27,0.1798,UNSAT,27,0.18138,UNSAT,27,0.19662
eijks208o,UNSAT,9,0.025811,UNSAT,9,0.030908,,UNSAT,9,0.032557,UNSAT,9,0.032718,UNSAT,9,0.033207,UNSAT,9,0.02605
eijks382,UNSAT,64,182.48,UNSAT,64,174.26,,UNSAT,64,184.62,UNSAT,64,179.71,UNSAT,64,174.97,UNSAT,64,173.67
eijks420,UNSAT,837,413.01,UNSAT,837,364.68,,UNSAT,837,420.01,UNSAT,837,382.08,UNSAT,837,376.31,UNSAT,837,370.46
eijks444,UNSAT,64,36.339,UNSAT,64,34.813,,UNSAT,64,36.033,UNSAT,64,34.847,UNSAT,64,34.943,UNSAT,64,34.59
eijks526,unknown,,,UNSAT,60,280.81,,unknown,,,UNSAT,60,263.96,UNSAT,60,264.54,UNSAT,60,262.92
eijks5378,UNSAT,36,148.48,UNSAT,28,173.56,,UNSAT,36,145.89,UNSAT,28,171.66,UNSAT,28,168.53,UNSAT,28,170.96
eijks641,UNSAT,6,0.10284,UNSAT,4,0.11738,,UNSAT,6,0.080566,UNSAT,4,0.092739,UNSAT,4,0.073327,UNSAT,4,0.087009
eijks713,UNSAT,6,0.063789,UNSAT,4,0.11564,,UNSAT,6,0.079275,UNSAT,4,0.091327,UNSAT,4,0.073114,UNSAT,4,0.062954
eijks838,unknown,,,unknown,,,,unknown,,,unknown,,,unknown,,,unknown,,
irstdme4,SAT,37,387.78,SAT,25,12.888,,SAT,37,371.23,SAT,25,12.859,SAT,25,12.995,SAT,25,12.62
irstdme5,SAT,25,17.266,SAT,27,22.844,,SAT,25,17.149,SAT,27,23.616,SAT,27,23.035,SAT,27,22.436
irstdme6,SAT,31,46.807,SAT,24,20.614,,SAT,31,46.465,SAT,24,20.848,SAT,24,20.215,SAT,24,20.201
kenflashp05,UNSAT,3,0.046655,UNSAT,3,0.13156,,UNSAT,3,0.046487,UNSAT,3,0.2197,UNSAT,3,0.15752,UNSAT,3,0.12968
kenflashp11,UNSAT,3,0.038933,UNSAT,3,0.16698,,UNSAT,3,0.047122,UNSAT,3,0.2557,UNSAT,3,0.13809,UNSAT,3,0.20173
mentorbm1and,SAT,12,646.29,SAT,8,162.2,,SAT,12,647.33,SAT,8,158.35,SAT,8,161.7,SAT,8,162.08
mentorbm1p00,UNSAT,13,13.637,UNSAT,8,13.026,,UNSAT,13,13.606,UNSAT,8,12.97,UNSAT,8,12.984,UNSAT,8,12.931
mentorbm1p01,UNSAT,41,515.59,UNSAT,22,865.22,,UNSAT,41,519.88,UNSAT,22,858.59,UNSAT,22,860.74,UNSAT,22,869.37
mentorbm1p04,UNSAT,6,2.8698,UNSAT,7,4.909,,UNSAT,6,2.8608,UNSAT,7,4.9361,UNSAT,7,4.9113,UNSAT,7,4.9189
mentorbm1p05,UNSAT,20,218.79,UNSAT,20,696.94,,UNSAT,20,218.15,UNSAT,20,682.67,UNSAT,20,683.9,UNSAT,20,697.55
mentorbm1p07,unknown,,,unknown,,,,unknown,,,unknown,,,unknown,,,unknown,,
mentorbm1p08,UNSAT,20,104.83,UNSAT,14,46.268,,UNSAT,20,104.67,UNSAT,14,46.128,UNSAT,14,46.176,UNSAT,14,46.023
mentorbm1p10,unknown,,,unknown,,,,unknown,,,unknown,,,unknown,,,unknown,,
mentorbm1p11,unknown,,,SAT,12,552.56,,unknown,,,SAT,12,533.04,SAT,12,532.48,SAT,12,535.2
mentorbm1p12,unknown,,,SAT,9,617,,unknown,,,SAT,9,598.31,SAT,9,599.78,SAT,9,604.55
neclabakery001,UNSAT,76,11.61,UNSAT,76,11.382,,UNSAT,76,11.51,UNSAT,76,11.502,UNSAT,76,11.553,UNSAT,76,11.473
neclaftp1001,UNSAT,30,767.03,unknown,,,,UNSAT,30,753.49,unknown,,,unknown,,,unknown,,
neclaftp1002,unknown,,,unknown,,,,unknown,,,unknown,,,unknown,,,unknown,,
neclaftp2001,UNSAT,47,635.18,UNSAT,44,777.09,,UNSAT,47,640.2,UNSAT,44,758.12,UNSAT,44,758.35,UNSAT,44,759.9
neclaftp2002,unknown,,,unknown,,,,unknown,,,unknown,,,unknown,,,unknown,,
neclaftp3001,SAT,5,2.1903,SAT,5,2.8657,,SAT,5,2.2016,SAT,5,2.8729,SAT,5,2.8899,SAT,5,2.897
neclaftp3002,SAT,7,2.4981,SAT,7,3.5719,,SAT,7,2.5005,SAT,7,3.6171,SAT,7,3.6127,SAT,7,3.6132
nusmvbrp,UNSAT,22,3.6104,UNSAT,22,3.586,,UNSAT,22,3.4979,UNSAT,22,3.6232,UNSAT,22,3.6153,UNSAT,22,3.6117
nusmvdme116,unknown,,,unknown,,,,unknown,,,unknown,,,unknown,,,unknown,,
nusmvdme216,unknown,,,unknown,,,,unknown,,,unknown,,,unknown,,,unknown,,
nusmvguidancep2,UNSAT,21,5.934,UNSAT,18,10.257,,UNSAT,21,5.8002,UNSAT,18,10.281,UNSAT,18,10.254,UNSAT,18,10.108
nusmvguidancep4,UNSAT,4,0.031038,UNSAT,4,0.082278,,UNSAT,4,0.02045,UNSAT,4,0.082887,UNSAT,4,0.071109,UNSAT,4,0.082063
nusmvguidancep5,UNSAT,17,3.9303,UNSAT,18,4.5988,,UNSAT,17,3.7325,UNSAT,18,4.6718,UNSAT,18,4.6181,UNSAT,18,4.6365
nusmvguidancep6,UNSAT,15,3.6524,UNSAT,10,3.1438,,UNSAT,15,3.5229,UNSAT,10,3.0926,UNSAT,10,3.2055,UNSAT,10,3.0455
nusmvguidancep7,UNSAT,25,13.947,UNSAT,19,17.606,,UNSAT,25,13.916,UNSAT,19,17.885,UNSAT,19,17.854,UNSAT,19,17.464
nusmvguidancep8,UNSAT,20,4.3204,UNSAT,20,7.5281,,UNSAT,20,4.1907,UNSAT,20,7.6537,UNSAT,20,7.4295,UNSAT,20,7.4665
nusmvguidancep9,UNSAT,21,11.772,UNSAT,14,2.6804,,UNSAT,21,11.302,UNSAT,14,2.7245,UNSAT,14,2.6009,UNSAT,14,2.6783
nusmvqueue,unknown,,,unknown,,,,unknown,,,unknown,,,unknown,,,unknown,,
nusmvreactorp2,unknown,,,unknown,,,,unknown,,,unknown,,,unknown,,,unknown,,
nusmvreactorp6,UNSAT,134,880.95,unknown,,,,UNSAT,134,882.39,unknown,,,unknown,,,unknown,,
nusmvtcasp5,SAT,25,28.688,SAT,23,40.998,,SAT,25,28.845,SAT,23,41.531,SAT,23,41.094,SAT,23,40.746
nusmvtcastp5,SAT,25,21.379,SAT,23,33.183,,SAT,25,21.723,SAT,23,33.201,SAT,23,33.07,SAT,23,32.764
oski1rub00i,unknown,,,unknown,,,,unknown,,,unknown,,,unknown,,,unknown,,
oski1rub01i,unknown,,,unknown,,,,unknown,,,unknown,,,unknown,,,unknown,,
oski1rub02i,unknown,,,unknown,,,,unknown,,,unknown,,,unknown,,,unknown,,
oski1rub03i,unknown,,,unknown,,,,unknown,,,unknown,,,unknown,,,unknown,,
oski1rub04i,unknown,,,unknown,,,,unknown,,,unknown,,,unknown,,,unknown,,
oski1rub05i,UNSAT,3,0.13006,UNSAT,3,1.3177,,UNSAT,3,0.12904,UNSAT,3,1.3126,UNSAT,3,1.3162,UNSAT,3,1.317
oski1rub07i,UNSAT,6,648.44,UNSAT,8,568.16,,UNSAT,6,638.31,UNSAT,8,562.62,UNSAT,8,562.16,UNSAT,8,564.33
oski1rub08i,unknown,,,unknown,,,,unknown,,,unknown,,,unknown,,,unknown,,
oski1rub09i,unknown,,,unknown,,,,unknown,,,unknown,,,unknown,,,unknown,,
oski1rub10i,unknown,,,unknown,,,,unknown,,,unknown,,,unknown,,,unknown,,
oski2ub0i,unknown,,,unknown,,,,unknown,,,unknown,,,unknown,,,unknown,,
oski2ub1i,unknown,,,unknown,,,,unknown,,,unknown,,,unknown,,,unknown,,
oski2ub2i,unknown,,,unknown,,,,unknown,,,unknown,,,unknown,,,unknown,,
oski2ub3i,unknown,,,unknown,,,,unknown,,,unknown,,,unknown,,,unknown,,
oski2ub4i,unknown,,,unknown,,,,unknown,,,unknown,,,unknown,,,unknown,,
oski2ub5i,unknown,,,unknown,,,,unknown,,,unknown,,,unknown,,,unknown,,
oski3ub0i,unknown,,,unknown,,,,unknown,,,unknown,,,unknown,,,unknown,,
oski3ub1i,unknown,,,unknown,,,,unknown,,,unknown,,,unknown,,,unknown,,
oski3ub2i,UNSAT,8,13.36,UNSAT,9,72.004,,UNSAT,8,13.165,UNSAT,9,71.96,UNSAT,9,71.271,UNSAT,9,71.216
oski3ub3i,unknown,,,unknown,,,,unknown,,,unknown,,,unknown,,,unknown,,
oski3ub4i,unknown,,,unknown,,,,unknown,,,unknown,,,unknown,,,unknown,,
oski3ub5i,unknown,,,unknown,,,,unknown,,,unknown,,,unknown,,,unknown,,
oski4ui,unknown,,,unknown,,,,unknown,,,unknown,,,unknown,,,unknown,,
oski5ui,unknown,,,unknown,,,,unknown,,,unknown,,,unknown,,,unknown,,
pdtfifo1to0,unknown,,,unknown,,,,unknown,,,unknown,,,unknown,,,unknown,,
pdtpmsam2901,UNSAT,4,1.6498,UNSAT,4,42.04,,UNSAT,4,1.5032,UNSAT,4,41.634,UNSAT,4,41.403,UNSAT,4,42.167
pdtpmsbufferalloc,unknown,,,unknown,,,,unknown,,,unknown,,,unknown,,,unknown,,
pdtpmscoherence,UNSAT,18,47.095,UNSAT,13,51.432,,UNSAT,18,45.631,UNSAT,13,51.748,UNSAT,13,51.164,UNSAT,13,50.322
pdtpmseisenberg,unknown,,,unknown,,,,unknown,,,unknown,,,unknown,,,unknown,,
pdtpmsfpmult,UNSAT,6,3.4772,UNSAT,6,3.4348,,UNSAT,6,3.6822,UNSAT,6,3.6441,UNSAT,6,3.5084,UNSAT,6,3.5841
pdtpmsgigamax,UNSAT,5,1.3052,UNSAT,5,1.2951,,UNSAT,5,1.4675,UNSAT,5,1.4398,UNSAT,5,1.4581,UNSAT,5,1.2965
pdtpmsgoodbakery,unknown,,,unknown,,,,unknown,,,unknown,,,unknown,,,unknown,,
pdtpmsheap,UNSAT,25,6.3205,UNSAT,23,9.6238,,UNSAT,25,6.5037,UNSAT,23,9.7913,UNSAT,23,9.8489,UNSAT,23,9.7504
pdtpmsmiim,UNSAT,52,2.97,UNSAT,37,4.0497,,UNSAT,52,3.1189,UNSAT,37,3.9998,UNSAT,37,4.139,UNSAT,37,4.0501
pdtpmsns2,UNSAT,17,48.114,UNSAT,17,46.343,,UNSAT,17,47.628,UNSAT,17,47.467,UNSAT,17,47.588,UNSAT,17,47.198
pdtpmsns3,unknown,,,unknown,,,,unknown,,,unknown,,,unknown,,,unknown,,
pdtpmspalu,UNSAT,7,18.132,UNSAT,7,17.319,,UNSAT,7,17.806,UNSAT,7,17.993,UNSAT,7,17.861,UNSAT,7,17.469
pdtpmsretherrtf,unknown,,,unknown,,,,unknown,,,unknown,,,unknown,,,unknown,,
pdtpmsrethersqo,unknown,,,unknown,,,,unknown,,,unknown,,,unknown,,,unknown,,
pdtpmssfeistel,UNSAT,22,376,UNSAT,17,443.63,,UNSAT,22,384.55,UNSAT,17,459.51,UNSAT,17,459.22,UNSAT,17,458.69
pdtpmstimeout,unknown,,,unknown,,,,unknown,,,unknown,,,unknown,,,unknown,,
pdtpmstwo,UNSAT,4,0.27952,UNSAT,4,0.2053,,UNSAT,4,0.28107,UNSAT,4,0.28569,UNSAT,4,0.28386,UNSAT,4,0.28544
pdtpmsudc12,unknown,,,unknown,,,,unknown,,,unknown,,,unknown,,,unknown,,
pdtpmsudc16,unknown,,,unknown,,,,unknown,,,unknown,,,unknown,,,unknown,,
pdtpmsudc8,unknown,,,unknown,,,,unknown,,,unknown,,,unknown,,,unknown,,
pdtpmsviper,UNSAT,10,400.08,UNSAT,7,793.91,,UNSAT,10,394.1,UNSAT,7,744.39,UNSAT,7,742.17,UNSAT,7,738.07
pdtpmsvsa16a,UNSAT,11,25.601,UNSAT,9,47.206,,UNSAT,11,25.49,UNSAT,9,46.276,UNSAT,9,45.75,UNSAT,9,44.972
pdtpmsvsar,UNSAT,11,34.945,UNSAT,11,35.769,,UNSAT,11,35.311,UNSAT,11,34.655,UNSAT,11,34.275,UNSAT,11,34.08
pdtswvibs8x8p0,SAT,11,0.35636,SAT,6,0.54022,,SAT,11,0.38467,SAT,6,0.54174,SAT,6,0.52748,SAT,6,0.53106
pdtswvibs8x8p1,UNSAT,39,38.487,UNSAT,56,50.539,,UNSAT,39,38.674,UNSAT,56,49.034,UNSAT,56,48.605,UNSAT,56,48.641
pdtswvqis10x6p0,SAT,35,5.8245,SAT,33,5.9337,,SAT,35,5.6587,SAT,33,5.7491,SAT,33,5.6205,SAT,33,5.6411
pdtswvqis10x6p1,UNSAT,117,204.01,UNSAT,117,263.01,,UNSAT,117,201.67,UNSAT,117,254.81,UNSAT,117,255.6,UNSAT,117,255.53
pdtswvqis10x6p2,unknown,,,unknown,,,,unknown,,,unknown,,,unknown,,,unknown,,
pdtswvqis8x8p0,SAT,27,9.2087,SAT,27,9.2283,,SAT,27,9.1351,SAT,27,9.0971,SAT,27,9.0562,SAT,27,8.9372
pdtswvqis8x8p1,UNSAT,97,144.39,UNSAT,97,143.85,,UNSAT,97,143.86,UNSAT,97,141.06,UNSAT,97,140.38,UNSAT,97,140.08
pdtswvqis8x8p2,unknown,,,unknown,,,,unknown,,,unknown,,,unknown,,,unknown,,
pdtswvrod6x8p1,unknown,,,unknown,,,,unknown,,,unknown,,,unknown,,,unknown,,
pdtswvrod6x8p2,unknown,,,unknown,,,,unknown,,,unknown,,,unknown,,,unknown,,
pdtswvroz10x6p1,UNSAT,53,7.9254,UNSAT,53,12.535,,UNSAT,53,7.7736,UNSAT,53,12.528,UNSAT,53,12.568,UNSAT,53,12.529
pdtswvroz10x6p2,UNSAT,103,48.493,UNSAT,90,51.527,,UNSAT,103,48.502,UNSAT,90,51.535,UNSAT,90,51.321,UNSAT,90,51.144
pdtswvroz8x8p1,UNSAT,70,7.7789,UNSAT,49,8.7798,,UNSAT,70,7.6557,UNSAT,49,8.7328,UNSAT,49,8.7954,UNSAT,49,8.7474
pdtswvroz8x8p2,UNSAT,98,24.733,UNSAT,100,40.531,,UNSAT,98,24.799,UNSAT,100,40.608,UNSAT,100,40.265,UNSAT,100,40.432
pdtswvsam4x8p4,unknown,,,unknown,,,,unknown,,,unknown,,,unknown,,,unknown,,
pdtswvsam6x8p0,SAT,15,4.403,SAT,18,7.036,,SAT,15,4.5282,SAT,18,7.0841,SAT,18,7.0343,SAT,18,6.9626
pdtswvsam6x8p1,UNSAT,13,0.88838,UNSAT,10,1.3881,,UNSAT,13,0.89162,UNSAT,10,1.3942,UNSAT,10,1.3875,UNSAT,10,1.2713
pdtswvsam6x8p2,UNSAT,18,0.70987,UNSAT,17,1.5354,,UNSAT,18,0.73232,UNSAT,17,1.4339,UNSAT,17,1.5213,UNSAT,17,1.516
pdtswvsam6x8p3,UNSAT,43,216.93,UNSAT,45,267.33,,UNSAT,43,215.71,UNSAT,45,265.99,UNSAT,45,265.58,UNSAT,45,265.71
pdtswvsam6x8p4,unknown,,,unknown,,,,unknown,,,unknown,,,unknown,,,unknown,,
pdtswvtma6x4p2,UNSAT,52,143.11,UNSAT,52,140.1,,UNSAT,52,141.72,UNSAT,52,141.61,UNSAT,52,141.68,UNSAT,52,141.82
pdtswvtma6x4p3,UNSAT,56,729.55,UNSAT,56,717.62,,UNSAT,56,738.87,UNSAT,56,744.49,UNSAT,56,746.13,UNSAT,56,746.05
pdtswvtma6x6p1,UNSAT,54,121.17,UNSAT,56,158.46,,UNSAT,54,118.88,UNSAT,56,160.34,UNSAT,56,159.26,UNSAT,56,159.24
pdtswvtma6x6p2,UNSAT,60,804.54,UNSAT,57,881.35,,UNSAT,60,793.55,unknown,,,unknown,,,unknown,,
pdtswvtma6x6p3,unknown,,,unknown,,,,unknown,,,unknown,,,unknown,,,unknown,,
pdtswvtms10x8p1,UNSAT,20,32.593,UNSAT,14,34.245,,UNSAT,20,33.034,UNSAT,14,35.313,UNSAT,14,34.918,UNSAT,14,34.553
pdtswvtms12x8p1,UNSAT,21,33.205,UNSAT,14,45.467,,UNSAT,21,33.373,UNSAT,14,46.821,UNSAT,14,46.543,UNSAT,14,45.667
pdtswvtms14x8p1,UNSAT,26,34.848,UNSAT,13,76.929,,UNSAT,26,35.124,UNSAT,13,77.594,UNSAT,13,76.542,UNSAT,13,77.153
pdtvisbakery0,UNSAT,32,9.1831,UNSAT,36,26.427,,UNSAT,32,9.3144,UNSAT,36,26.591,UNSAT,36,26.769,UNSAT,36,26.827
pdtvisbakery1,UNSAT,30,11.12,UNSAT,31,13.331,,UNSAT,30,11.155,UNSAT,31,13.286,UNSAT,31,13.46,UNSAT,31,13.288
pdtvisbakery2,UNSAT,33,20.294,UNSAT,37,81.038,,UNSAT,33,20.676,UNSAT,37,81.795,UNSAT,37,81.482,UNSAT,37,81.423
pdtvisbufferalloc,unknown,,,unknown,,,,unknown,,,unknown,,,unknown,,,unknown,,
pdtviscoherence4,UNSAT,9,0.65936,UNSAT,8,0.72399,,UNSAT,9,0.59752,UNSAT,8,0.76129,UNSAT,8,0.6017,UNSAT,8,0.72492
pdtviscoherence5,UNSAT,11,0.50968,UNSAT,9,1.3345,,UNSAT,11,0.45913,UNSAT,9,1.3453,UNSAT,9,1.1975,UNSAT,9,1.2165
pdtviseisenberg0,UNSAT,14,1.8103,UNSAT,21,8.8645,,UNSAT,14,1.7914,UNSAT,21,8.7558,UNSAT,21,8.8945,UNSAT,21,8.872
pdtviseisenberg1,UNSAT,14,1.0225,UNSAT,15,1.6827,,UNSAT,14,1.1806,UNSAT,15,1.5769,UNSAT,15,1.6776,UNSAT,15,1.6305
pdtviseisenberg2,UNSAT,20,3.8463,UNSAT,14,2.4064,,UNSAT,20,4.0293,UNSAT,14,2.3885,UNSAT,14,2.5187,UNSAT,14,2.4948
pdtvisgigamax0,UNSAT,5,0.04928,UNSAT,5,0.083881,,UNSAT,5,0.059532,UNSAT,5,0.12327,UNSAT,5,0.12609,UNSAT,5,0.094604
pdtvisgigamax1,UNSAT,5,0.06033,UNSAT,5,0.082505,,UNSAT,5,0.040949,UNSAT,5,0.13719,UNSAT,5,0.10842,UNSAT,5,0.12057
pdtvisgigamax2,UNSAT,5,0.030324,UNSAT,6,0.11202,,UNSAT,5,0.049311,UNSAT,6,0.17017,UNSAT,6,0.17177,UNSAT,6,0.17364
pdtvisgoodbakery0,UNSAT,30,7.4668,UNSAT,25,13.611,,UNSAT,30,7.6356,UNSAT,25,14.251,UNSAT,25,14.191,UNSAT,25,14.175
pdtvisgoodbakery1,UNSAT,32,11.139,UNSAT,32,12.595,,UNSAT,32,11.345,UNSAT,32,13.257,UNSAT,32,13.24,UNSAT,32,13.118
pdtvisgoodbakery2,UNSAT,40,42.191,UNSAT,27,52.176,,UNSAT,40,43.17,UNSAT,27,53.768,UNSAT,27,53.687,UNSAT,27,53.403
pdtvisns2p0,UNSAT,13,2.4882,UNSAT,13,2.5464,,UNSAT,13,2.5238,UNSAT,13,2.4484,UNSAT,13,2.6429,UNSAT,13,2.6014
pdtvisns2p1,UNSAT,13,3.732,UNSAT,13,3.883,,UNSAT,13,3.9095,UNSAT,13,4.0353,UNSAT,13,3.8147,UNSAT,13,3.9515
pdtvisns2p2,UNSAT,12,1.3312,UNSAT,12,1.2082,,UNSAT,12,1.2967,UNSAT,12,1.365,UNSAT,12,1.3581,UNSAT,12,1.2234
pdtvisns3p00,UNSAT,14,6.5331,UNSAT,11,30.274,,UNSAT,14,6.4938,UNSAT,11,30.932,UNSAT,11,30.803,UNSAT,11,31.064
pdtvisns3p01,UNSAT,19,17.727,UNSAT,13,16.831,,UNSAT,19,17.933,UNSAT,13,17.274,UNSAT,13,17.559,UNSAT,13,17.354
pdtvisns3p02,UNSAT,13,6.1417,UNSAT,12,11.848,,UNSAT,13,6.2215,UNSAT,12,12.224,UNSAT,12,12.03,UNSAT,12,12.204
pdtvisns3p03,UNSAT,13,8.7737,UNSAT,10,10.127,,UNSAT,13,9.0095,UNSAT,10,10.446,UNSAT,10,10.491,UNSAT,10,10.588
pdtvisns3p04,UNSAT,16,15.322,UNSAT,11,52.267,,UNSAT,16,15.554,UNSAT,11,53.47,UNSAT,11,53.53,UNSAT,11,53.258
pdtvisns3p05,UNSAT,17,7.6495,UNSAT,12,31.279,,UNSAT,17,7.7747,UNSAT,12,32.197,UNSAT,12,32.524,UNSAT,12,32.146
pdtvisns3p06,UNSAT,19,24.025,UNSAT,16,29.953,,UNSAT,19,24.377,UNSAT,16,30.882,UNSAT,16,30.508,UNSAT,16,30.819
pdtvisns3p07,UNSAT,14,5.1404,UNSAT,20,27.501,,UNSAT,14,5.0917,UNSAT,20,27.667,UNSAT,20,27.729,UNSAT,20,28.079
pdtvisns3p08,UNSAT,11,1.4863,UNSAT,10,2.4655,,UNSAT,11,1.5127,UNSAT,10,2.6647,UNSAT,10,2.6728,UNSAT,10,2.6965
pdtvisns3p09,UNSAT,13,1.9954,UNSAT,11,2.687,,UNSAT,13,2.0197,UNSAT,11,2.795,UNSAT,11,2.8631,UNSAT,11,2.9132
pdtvisrethersqo4,UNSAT,39,20.219,UNSAT,39,20.144,,UNSAT,39,20.238,UNSAT,39,20.407,UNSAT,39,20.136,UNSAT,39,20.424
pdtvissfeistel,UNSAT,22,99.486,UNSAT,17,131.74,,UNSAT,22,100.88,UNSAT,17,134.55,UNSAT,17,135.64,UNSAT,17,135.7
pdtvissoap1,UNSAT,13,3.4204,UNSAT,19,14.512,,UNSAT,13,3.3072,UNSAT,19,14.882,UNSAT,19,14.993,UNSAT,19,15.024
pdtvissoap2,UNSAT,14,3.224,UNSAT,13,2.7786,,UNSAT,14,3.1251,UNSAT,13,2.8676,UNSAT,13,2.8905,UNSAT,13,2.7476
pdtvistimeout0,unknown,,,unknown,,,,unknown,,,unknown,,,unknown,,,unknown,,
pdtvisvending01,UNSAT,24,24.171,UNSAT,16,15.529,,UNSAT,24,24.148,UNSAT,16,15.585,UNSAT,16,15.357,UNSAT,16,15.425
pdtvisvsa16a27,UNSAT,9,1.2202,UNSAT,9,3.1302,,UNSAT,9,1.1802,UNSAT,9,3.198,UNSAT,9,3.1027,UNSAT,9,2.9837
pdtvisvsa16a29,unknown,,,unknown,,,,unknown,,,unknown,,,unknown,,,unknown,,
pdtvisvsar27,UNSAT,10,0.26985,UNSAT,9,0.4998,,UNSAT,10,0.25988,UNSAT,9,0.5079,UNSAT,9,0.49712,UNSAT,9,0.48087
pdtvisvsar29,unknown,,,unknown,,,,unknown,,,unknown,,,unknown,,,unknown,,
pdtvsar8multip00,UNSAT,6,0.040821,UNSAT,8,0.25952,,UNSAT,6,0.051316,UNSAT,8,0.26732,UNSAT,8,0.22528,UNSAT,8,0.26457
pdtvsar8multip01,UNSAT,3,0.055744,UNSAT,3,0.15476,,UNSAT,3,0.050088,UNSAT,3,0.16314,UNSAT,3,0.13475,UNSAT,3,0.15746
pdtvsar8multip02,UNSAT,5,0.034967,UNSAT,4,0.11162,,UNSAT,5,0.032057,UNSAT,4,0.11346,UNSAT,4,0.11383,UNSAT,4,0.11614
pdtvsar8multip03,UNSAT,5,1.6499,UNSAT,5,4.9798,,UNSAT,5,1.6152,UNSAT,5,5.2884,UNSAT,5,5.2628,UNSAT,5,5.1401
pdtvsar8multip04,UNSAT,6,0.11645,UNSAT,6,0.51595,,UNSAT,6,0.14723,UNSAT,6,0.55657,UNSAT,6,0.6641,UNSAT,6,0.61738
pdtvsar8multip05,UNSAT,9,4.1643,UNSAT,7,7.9309,,UNSAT,9,4.2456,UNSAT,7,8.48,UNSAT,7,8.4296,UNSAT,7,8.3392
pdtvsar8multip06,UNSAT,6,0.32458,UNSAT,7,1.3054,,UNSAT,6,0.3088,UNSAT,7,1.357,UNSAT,7,1.3691,UNSAT,7,1.3458
pdtvsar8multip07,UNSAT,9,6.9362,UNSAT,9,15.258,,UNSAT,9,7.2068,UNSAT,9,16.226,UNSAT,9,16.042,UNSAT,9,15.85
pdtvsar8multip08,UNSAT,6,0.17842,UNSAT,7,0.86591,,UNSAT,6,0.16128,UNSAT,7,0.99698,UNSAT,7,1.0018,UNSAT,7,0.98891
pdtvsar8multip09,UNSAT,6,0.18727,UNSAT,6,0.7,,UNSAT,6,0.15721,UNSAT,6,0.64224,UNSAT,6,0.63661,UNSAT,6,0.73101
pdtvsar8multip10,UNSAT,9,4.3698,UNSAT,8,9.2016,,UNSAT,9,4.4509,UNSAT,8,9.5756,UNSAT,8,9.6784,UNSAT,8,9.5543
pdtvsar8multip11,UNSAT,4,0.048984,UNSAT,4,0.2329,,UNSAT,4,0.071391,UNSAT,4,0.24591,UNSAT,4,0.24699,UNSAT,4,0.24326
pdtvsar8multip12,UNSAT,8,0.22011,UNSAT,7,0.62938,,UNSAT,8,0.25052,UNSAT,7,0.6341,UNSAT,7,0.66768,UNSAT,7,0.61567
pdtvsar8multip13,UNSAT,4,0.14472,UNSAT,4,0.32657,,UNSAT,4,0.17103,UNSAT,4,0.33371,UNSAT,4,0.39234,UNSAT,4,0.33146
pdtvsar8multip14,UNSAT,4,0.092075,UNSAT,4,0.24202,,UNSAT,4,0.082136,UNSAT,4,0.21519,UNSAT,4,0.25178,UNSAT,4,0.21611
pdtvsar8multip15,UNSAT,4,0.22757,UNSAT,4,0.55424,,UNSAT,4,0.22674,UNSAT,4,0.50233,UNSAT,4,0.55173,UNSAT,4,0.498
pdtvsar8multip16,UNSAT,3,0.00449,UNSAT,3,0.050199,,UNSAT,3,0.004086,UNSAT,3,0.053741,UNSAT,3,0.052892,UNSAT,3,0.043789
pdtvsar8multip17,UNSAT,4,0.025162,UNSAT,4,0.11636,,UNSAT,4,0.02998,UNSAT,4,0.12031,UNSAT,4,0.1231,UNSAT,4,0.10473
pdtvsar8multip18,UNSAT,3,0.004289,UNSAT,3,0.049372,,UNSAT,3,0.005282,UNSAT,3,0.053174,UNSAT,3,0.054712,UNSAT,3,0.046683
pdtvsar8multip19,UNSAT,4,0.13499,UNSAT,4,0.33377,,UNSAT,4,0.14205,UNSAT,4,0.3382,UNSAT,4,0.37297,UNSAT,4,0.31172
pdtvsar8multip20,UNSAT,4,0.06953,UNSAT,3,0.14962,,UNSAT,4,0.084086,UNSAT,3,0.15216,UNSAT,3,0.1816,UNSAT,3,0.15586
pdtvsar8multip21,UNSAT,4,0.0459,UNSAT,4,0.15625,,UNSAT,4,0.045049,UNSAT,4,0.13495,UNSAT,4,0.16307,UNSAT,4,0.13604
pdtvsar8multip22,UNSAT,4,0.096325,UNSAT,4,0.23566,,UNSAT,4,0.10089,UNSAT,4,0.23972,UNSAT,4,0.2855,UNSAT,4,0.278
pdtvsar8multip23,UNSAT,4,0.06508,UNSAT,4,0.18701,,UNSAT,4,0.070936,UNSAT,4,0.16818,UNSAT,4,0.19473,UNSAT,4,0.17044
pdtvsar8multip24,UNSAT,4,0.028759,UNSAT,4,0.11303,,UNSAT,4,0.024975,UNSAT,4,0.12027,UNSAT,4,0.10412,UNSAT,4,0.10048
pdtvsar8multip25,UNSAT,4,0.050717,UNSAT,4,0.154,,UNSAT,4,0.044744,UNSAT,4,0.13588,UNSAT,4,0.16053,UNSAT,4,0.15918
pdtvsar8multip26,UNSAT,4,0.050456,UNSAT,4,0.13797,,UNSAT,4,0.042175,UNSAT,4,0.13702,UNSAT,4,0.13325,UNSAT,4,0.15628
pdtvsar8multip27,UNSAT,11,0.75398,UNSAT,8,1.3425,,UNSAT,11,0.7351,UNSAT,8,1.5393,UNSAT,8,1.4476,UNSAT,8,1.4079
pdtvsar8multip28,UNSAT,3,0.004863,UNSAT,3,0.050882,,UNSAT,3,0.003466,UNSAT,3,0.07632,UNSAT,3,0.048995,UNSAT,3,0.048544
pdtvsar8multip29,unknown,,,unknown,,,,unknown,,,unknown,,,unknown,,,unknown,,
pdtvsar8multip30,unknown,,,unknown,,,,unknown,,,unknown,,,unknown,,,unknown,,
pdtvsar8multip31,UNSAT,4,0.16351,UNSAT,4,0.33712,,UNSAT,4,0.13347,UNSAT,4,0.38392,UNSAT,4,0.37873,UNSAT,4,0.34708
pdtvsar8multip32,UNSAT,3,0.20263,UNSAT,3,0.34203,,UNSAT,3,0.16662,UNSAT,3,0.39179,UNSAT,3,0.39921,UNSAT,3,0.34086
pdtvsarmultip00,UNSAT,6,0.02879,UNSAT,6,0.075554,,UNSAT,6,0.019789,UNSAT,6,0.085914,UNSAT,6,0.1024,UNSAT,6,0.10782
pdtvsarmultip01,UNSAT,3,0.024576,UNSAT,3,0.063161,,UNSAT,3,0.014691,UNSAT,3,0.05461,UNSAT,3,0.073569,UNSAT,3,0.047746
pdtvsarmultip02,UNSAT,5,0.021537,UNSAT,4,0.066348,,UNSAT,5,0.011394,UNSAT,4,0.045807,UNSAT,4,0.047205,UNSAT,4,0.065946
pdtvsarmultip03,UNSAT,5,0.27739,UNSAT,5,0.80094,,UNSAT,5,0.26896,UNSAT,5,0.68878,UNSAT,5,0.75894,UNSAT,5,0.80158
pdtvsarmultip04,UNSAT,6,0.043045,UNSAT,6,0.22283,,UNSAT,6,0.074393,UNSAT,6,0.17001,UNSAT,6,0.16934,UNSAT,6,0.21011
pdtvsarmultip05,UNSAT,9,0.71728,UNSAT,7,1.256,,UNSAT,9,0.7629,UNSAT,7,1.1623,UNSAT,7,1.2913,UNSAT,7,1.2154
pdtvsarmultip06,UNSAT,6,0.21026,UNSAT,7,0.59547,,UNSAT,6,0.21775,UNSAT,7,0.61576,UNSAT,7,0.58383,UNSAT,7,0.60356
pdtvsarmultip07,UNSAT,9,1.1931,UNSAT,9,2.2966,,UNSAT,9,1.1444,UNSAT,9,2.4033,UNSAT,9,2.2468,UNSAT,9,2.2369
pdtvsarmultip08,UNSAT,6,0.12806,UNSAT,7,0.43148,,UNSAT,6,0.12212,UNSAT,7,0.42871,UNSAT,7,0.42991,UNSAT,7,0.42139
pdtvsarmultip09,UNSAT,6,0.11242,UNSAT,6,0.36634,,UNSAT,6,0.13164,UNSAT,6,0.29605,UNSAT,6,0.29284,UNSAT,6,0.29263
pdtvsarmultip10,UNSAT,9,0.74872,UNSAT,7,1.1867,,UNSAT,9,0.76984,UNSAT,7,1.2498,UNSAT,7,1.2702,UNSAT,7,1.1494
pdtvsarmultip11,UNSAT,4,0.020338,UNSAT,4,0.065626,,UNSAT,4,0.046001,UNSAT,4,0.091269,UNSAT,4,0.090066,UNSAT,4,0.07853
pdtvsarmultip12,UNSAT,8,0.10617,UNSAT,7,0.31007,,UNSAT,8,0.1514,UNSAT,7,0.30426,UNSAT,7,0.29771,UNSAT,7,0.24815
pdtvsarmultip13,UNSAT,4,0.049496,UNSAT,5,0.14476,,UNSAT,4,0.073449,UNSAT,5,0.15283,UNSAT,5,0.15038,UNSAT,5,0.16367
pdtvsarmultip14,UNSAT,4,0.039703,UNSAT,4,0.11159,,UNSAT,4,0.060368,UNSAT,4,0.094707,UNSAT,4,0.094627,UNSAT,4,0.13202
pdtvsarmultip15,UNSAT,4,0.12139,UNSAT,4,0.27023,,UNSAT,4,0.14411,UNSAT,4,0.27186,UNSAT,4,0.21501,UNSAT,4,0.25005
pdtvsarmultip16,UNSAT,3,0.002102,UNSAT,3,0.029086,,UNSAT,3,0.002031,UNSAT,3,0.0315,UNSAT,3,0.031103,UNSAT,3,0.02102
pdtvsarmultip17,UNSAT,4,0.019635,UNSAT,4,0.068807,,UNSAT,4,0.014964,UNSAT,4,0.066643,UNSAT,4,0.069155,UNSAT,4,0.049825
pdtvsarmultip18,UNSAT,3,0.002767,UNSAT,3,0.0319,,UNSAT,3,0.003704,UNSAT,3,0.031909,UNSAT,3,0.031517,UNSAT,3,0.021202
pdtvsarmultip19,UNSAT,4,0.062296,UNSAT,4,0.13887,,UNSAT,4,0.044532,UNSAT,4,0.13968,UNSAT,4,0.13919,UNSAT,4,0.11495
pdtvsarmultip20,UNSAT,4,0.031052,UNSAT,3,0.079855,,UNSAT,4,0.042704,UNSAT,3,0.08007,UNSAT,3,0.070384,UNSAT,3,0.067893
pdtvsarmultip21,UNSAT,4,0.029072,UNSAT,4,0.088339,,UNSAT,4,0.028912,UNSAT,4,0.066834,UNSAT,4,0.087962,UNSAT,4,0.06619
pdtvsarmultip22,UNSAT,4,0.035422,UNSAT,4,0.11443,,UNSAT,4,0.031308,UNSAT,4,0.10674,UNSAT,4,0.10404,UNSAT,4,0.10025
pdtvsarmultip23,UNSAT,4,0.033451,UNSAT,4,0.09219,,UNSAT,4,0.034852,UNSAT,4,0.069154,UNSAT,4,0.089652,UNSAT,4,0.082315
pdtvsarmultip24,UNSAT,4,0.015514,UNSAT,4,0.064675,,UNSAT,4,0.023704,UNSAT,4,0.049201,UNSAT,4,0.06625,UNSAT,4,0.04893
pdtvsarmultip25,UNSAT,4,0.026732,UNSAT,4,0.079468,,UNSAT,4,0.027433,UNSAT,4,0.058952,UNSAT,4,0.078736,UNSAT,4,0.070563
pdtvsarmultip26,UNSAT,4,0.024252,UNSAT,4,0.068568,,UNSAT,4,0.029275,UNSAT,4,0.087468,UNSAT,4,0.066964,UNSAT,4,0.066528
pdtvsarmultip27,UNSAT,11,0.29211,UNSAT,8,0.53445,,UNSAT,11,0.29668,UNSAT,8,0.54319,UNSAT,8,0.52917,UNSAT,8,0.50989
pdtvsarmultip28,UNSAT,3,0.003092,UNSAT,3,0.031595,,UNSAT,3,0.003316,UNSAT,3,0.027616,UNSAT,3,0.021147,UNSAT,3,0.02553
pdtvsarmultip29,unknown,,,unknown,,,,unknown,,,unknown,,,unknown,,,unknown,,
pdtvsarmultip30,UNSAT,3,0.003506,UNSAT,3,0.031751,,UNSAT,3,0.003391,UNSAT,3,0.030379,UNSAT,3,0.031682,UNSAT,3,0.031785
pdtvsarmultip31,UNSAT,4,0.074803,UNSAT,4,0.11134,,UNSAT,4,0.076157,UNSAT,4,0.15238,UNSAT,4,0.14245,UNSAT,4,0.15049
pdtvsarmultip32,UNSAT,22,84.923,UNSAT,19,71.201,,UNSAT,22,82.008,UNSAT,19,69.525,UNSAT,19,68.961,UNSAT,19,69.8
pj2005,UNSAT,9,4.5946,UNSAT,9,11.381,,UNSAT,9,4.4871,UNSAT,9,10.48,UNSAT,9,10.358,UNSAT,9,10.534
pj2006,UNSAT,15,35.575,UNSAT,12,88.818,,UNSAT,15,33.118,UNSAT,12,74.193,UNSAT,12,78.836,UNSAT,12,80.553
pj2008,UNSAT,7,2.4525,UNSAT,8,7.9427,,UNSAT,7,2.3055,UNSAT,8,6.7806,UNSAT,8,7.1679,UNSAT,8,6.9886
pj2009,UNSAT,6,0.60791,UNSAT,7,3.0172,,UNSAT,6,0.57682,UNSAT,7,2.685,UNSAT,7,2.8208,UNSAT,7,2.8339
pj2013,UNSAT,4,0.42358,UNSAT,4,1.0668,,UNSAT,4,0.41884,UNSAT,4,1.048,UNSAT,4,1.0499,UNSAT,4,1.0501
pj2016,UNSAT,8,8.0626,UNSAT,9,440.4,,UNSAT,8,7.639,UNSAT,9,399.4,UNSAT,9,400.83,UNSAT,9,401.46
pj2017,UNSAT,22,321.68,UNSAT,31,759.19,,UNSAT,22,321.2,UNSAT,31,742.71,UNSAT,31,736.55,UNSAT,31,743.13
pj2018,UNSAT,20,125.43,UNSAT,20,182.09,,UNSAT,20,131.14,UNSAT,20,172.34,UNSAT,20,168.28,UNSAT,20,158.82
pj2019,UNSAT,5,2.6188,UNSAT,4,7.9858,,UNSAT,5,2.6469,UNSAT,4,8.4952,UNSAT,4,8.1275,UNSAT,4,7.7313
prodcellp0neg,SAT,73,63.96,SAT,76,103.78,,SAT,73,63.976,SAT,76,104.21,SAT,76,103.33,SAT,76,103.3
prodcellp1,SAT,56,72.919,SAT,80,220.03,,SAT,56,71.365,SAT,80,217.06,SAT,80,217.05,SAT,80,216.42
prodcellp1neg,SAT,58,73.683,SAT,77,183.55,,SAT,58,69.026,SAT,77,182.12,SAT,77,181.35,SAT,77,182.15
prodcellp2,SAT,62,89.889,SAT,109,299.33,,SAT,62,83.406,SAT,109,295.37,SAT,109,295.48,SAT,109,296.24
prodcellp2neg,SAT,62,90.849,SAT,95,190.33,,SAT,62,83.764,SAT,95,190.8,SAT,95,191.34,SAT,95,191.25
prodcellp3,SAT,69,105.37,SAT,76,103.42,,SAT,69,99.012,SAT,76,103.34,SAT,76,103.74,SAT,76,103.76
prodcellp4,SAT,80,95.797,SAT,58,85.636,,SAT,80,94.725,SAT,58,85.824,SAT,58,85.802,SAT,58,85.762
prodcellp4neg,SAT,64,81.343,SAT,70,102.86,,SAT,64,82.985,SAT,70,102.87,SAT,70,103.1,SAT,70,103.14
prodconsp0,SAT,18,4.4612,SAT,16,4.4478,,SAT,18,4.5378,SAT,16,4.3244,SAT,16,4.4676,SAT,16,4.331
prodconsp0neg,SAT,20,7.0487,SAT,17,5.0485,,SAT,20,7.1552,SAT,17,5.049,SAT,17,5.057,SAT,17,5.1969
prodconsp1,SAT,15,2.0628,SAT,16,3.9692,,SAT,15,2.063,SAT,16,3.9718,SAT,16,3.9601,SAT,16,4.0862
prodconsp1negnv,SAT,18,3.6896,SAT,16,6.7827,,SAT,18,3.8275,SAT,16,7.0023,SAT,16,6.8504,SAT,16,6.8176
prodconsp5,SAT,15,2.5378,SAT,15,6.4204,,SAT,15,2.5263,SAT,15,6.5806,SAT,15,6.5039,SAT,15,6.4018
prodconsp5neg,SAT,16,2.5349,SAT,16,5.3385,,SAT,16,2.5544,SAT,16,5.3807,SAT,16,5.2641,SAT,16,5.2262
prodconspold1,SAT,16,3.0804,SAT,17,6.1517,,SAT,16,3.114,SAT,17,6.3194,SAT,17,6.2782,SAT,17,6.2786
prodconspold3,SAT,16,2.7933,SAT,17,3.8667,,SAT,16,2.6837,SAT,17,3.7769,SAT,17,3.9334,SAT,17,3.9329
prodconspold4,SAT,16,2.6992,SAT,16,4.1827,,SAT,16,2.6831,SAT,16,4.066,SAT,16,4.0787,SAT,16,4.2341
texaspimainp15,UNSAT,5,0.099323,UNSAT,4,0.18118,,UNSAT,5,0.096622,UNSAT,4,0.20959,UNSAT,4,0.18382,UNSAT,4,0.1831
vis4arbitp1,UNSAT,7,0.14801,UNSAT,7,0.20505,,UNSAT,7,0.19082,UNSAT,7,0.20467,UNSAT,7,0.20615,UNSAT,7,0.20826
visbakery,SAT,22,4.2861,SAT,22,4.3662,,SAT,22,4.4442,SAT,22,4.3639,SAT,22,4.3687,SAT,22,4.3302
viselevatorp3,UNSAT,5,0.064244,UNSAT,5,0.085795,,UNSAT,5,0.10234,UNSAT,5,0.10662,UNSAT,5,0.082695,UNSAT,5,0.11044
visprodcellp22,UNSAT,17,5.4452,UNSAT,16,2.9029,,UNSAT,17,5.5315,UNSAT,16,2.9563,UNSAT,16,3.0507,UNSAT,16,3.0252
