6s0,timeout,,,timeout,,,timeout,,,timeout,,,timeout,,,timeout,,,timeout,,
6s100,timeout,,,timeout,,,timeout,,,timeout,,,timeout,,,timeout,,,timeout,,
6s102,timeout,,,timeout,,,UNSAT,15,313.19,timeout,,,UNSAT,15,366.74,timeout,,,timeout,,
6s105,timeout,,,timeout,,,timeout,,,timeout,,,timeout,,,timeout,,,timeout,,
6s108,UNSAT,15,23.206,UNSAT,12,30.279,UNSAT,13,30.019,UNSAT,12,28.804,UNSAT,12,34.806,UNSAT,15,52.123,UNSAT,15,49.211
6s109,UNSAT,17,237.43,UNSAT,16,337.62,UNSAT,18,652.02,UNSAT,16,459.74,UNSAT,16,472.58,UNSAT,14,607.01,timeout,,
6s10,timeout,,,timeout,,,timeout,,,timeout,,,timeout,,,timeout,,,timeout,,
6s119,timeout,,,timeout,,,timeout,,,timeout,,,timeout,,,timeout,,,timeout,,
6s11,timeout,,,timeout,,,timeout,,,timeout,,,timeout,,,timeout,,,timeout,,
6s120,UNSAT,8,0.91806,UNSAT,8,1.288,UNSAT,8,1.2534,UNSAT,8,1.3231,UNSAT,8,1.2354,UNSAT,8,1.0049,UNSAT,8,1.032
6s121,UNSAT,27,100.4,UNSAT,25,220.46,timeout,,,timeout,,,timeout,,,UNSAT,31,470.98,timeout,,
6s122,timeout,,,timeout,,,timeout,,,timeout,,,timeout,,,timeout,,,timeout,,
6s126,SAT,1,287.86,SAT,1,284.61,SAT,1,291.58,SAT,1,294.5,SAT,1,293.8,SAT,1,294.22,SAT,1,303.16
6s127,timeout,,,timeout,,,timeout,,,timeout,,,timeout,,,timeout,,,timeout,,
6s128,timeout,,,timeout,,,timeout,,,timeout,,,timeout,,,timeout,,,timeout,,
6s129,timeout,,,timeout,,,timeout,,,timeout,,,timeout,,,timeout,,,timeout,,
6s12,timeout,,,timeout,,,timeout,,,timeout,,,timeout,,,timeout,,,timeout,,
6s130,timeout,,,timeout,,,timeout,,,timeout,,,timeout,,,timeout,,,timeout,,
6s131,timeout,,,timeout,,,timeout,,,timeout,,,timeout,,,timeout,,,timeout,,
6s132,UNSAT,7,9.7392,UNSAT,8,11.777,UNSAT,7,11.991,UNSAT,7,12.272,UNSAT,9,13.455,UNSAT,9,13.655,UNSAT,9,14.33
6s133,timeout,,,timeout,,,timeout,,,timeout,,,timeout,,,timeout,,,timeout,,
6s134,timeout,,,timeout,,,timeout,,,timeout,,,timeout,,,timeout,,,timeout,,
6s136,timeout,,,timeout,,,timeout,,,timeout,,,timeout,,,timeout,,,timeout,,
6s13,timeout,,,timeout,,,timeout,,,timeout,,,timeout,,,timeout,,,timeout,,
6s144,timeout,,,timeout,,,timeout,,,timeout,,,timeout,,,timeout,,,timeout,,
6s145,timeout,,,timeout,,,timeout,,,timeout,,,timeout,,,timeout,,,timeout,,
6s147,timeout,,,timeout,,,timeout,,,timeout,,,timeout,,,timeout,,,timeout,,
6s148,timeout,,,timeout,,,timeout,,,timeout,,,timeout,,,timeout,,,timeout,,
6s149,timeout,,,timeout,,,timeout,,,timeout,,,timeout,,,timeout,,,timeout,,
6s14,timeout,,,timeout,,,timeout,,,timeout,,,timeout,,,timeout,,,timeout,,
6s150,timeout,,,timeout,,,timeout,,,timeout,,,timeout,,,timeout,,,timeout,,
6s151,timeout,,,timeout,,,timeout,,,timeout,,,timeout,,,timeout,,,timeout,,
6s152,timeout,,,timeout,,,timeout,,,timeout,,,timeout,,,timeout,,,timeout,,
6s157,SAT,3,0.15246,SAT,3,0.22172,SAT,3,0.3355,SAT,3,0.4205,SAT,3,0.49305,SAT,3,0.70166,SAT,3,0.91586
6s158,timeout,,,timeout,,,timeout,,,timeout,,,timeout,,,timeout,,,timeout,,
6s159,UNSAT,12,0.039638,UNSAT,32,4.0401,UNSAT,12,0.06803,UNSAT,12,0.081755,UNSAT,12,0.090359,UNSAT,12,0.10258,UNSAT,12,0.085907
6s15,timeout,,,timeout,,,timeout,,,timeout,,,timeout,,,timeout,,,timeout,,
6s160,timeout,,,timeout,,,timeout,,,timeout,,,timeout,,,timeout,,,timeout,,
6s161,timeout,,,timeout,,,timeout,,,timeout,,,timeout,,,timeout,,,timeout,,
6s162,timeout,,,timeout,,,timeout,,,timeout,,,timeout,,,timeout,,,timeout,,
6s163,timeout,,,timeout,,,timeout,,,timeout,,,timeout,,,timeout,,,timeout,,
6s164,UNSAT,36,37.372,UNSAT,32,53.176,UNSAT,30,47.469,UNSAT,33,47.587,UNSAT,29,58.979,UNSAT,31,53.248,UNSAT,33,92.66
6s16,timeout,,,timeout,,,timeout,,,timeout,,,timeout,,,timeout,,,timeout,,
6s171,timeout,,,timeout,,,timeout,,,timeout,,,timeout,,,timeout,,,timeout,,
6s172,SAT,27,578.88,timeout,,,SAT,27,217.44,timeout,,,SAT,20,55.576,SAT,23,801.44,timeout,,
6s173,UNSAT,26,66.389,UNSAT,19,69.964,UNSAT,23,122.39,UNSAT,19,127.78,UNSAT,20,180.82,UNSAT,19,320.39,UNSAT,29,746.43
6s174,timeout,,,timeout,,,timeout,,,timeout,,,timeout,,,timeout,,,timeout,,
6s177,timeout,,,timeout,,,timeout,,,timeout,,,timeout,,,timeout,,,timeout,,
6s178,timeout,,,timeout,,,timeout,,,timeout,,,timeout,,,timeout,,,timeout,,
6s179,timeout,,,timeout,,,timeout,,,timeout,,,timeout,,,timeout,,,timeout,,
6s17,timeout,,,timeout,,,timeout,,,timeout,,,timeout,,,timeout,,,timeout,,
6s180,timeout,,,timeout,,,timeout,,,timeout,,,timeout,,,timeout,,,timeout,,
6s181,timeout,,,timeout,,,timeout,,,timeout,,,timeout,,,timeout,,,timeout,,
6s182,timeout,,,timeout,,,timeout,,,timeout,,,timeout,,,timeout,,,timeout,,
6s183,timeout,,,timeout,,,timeout,,,timeout,,,timeout,,,timeout,,,timeout,,
6s184,timeout,,,timeout,,,timeout,,,timeout,,,timeout,,,timeout,,,timeout,,
6s185,timeout,,,timeout,,,timeout,,,timeout,,,timeout,,,timeout,,,timeout,,
6s186,timeout,,,timeout,,,timeout,,,timeout,,,timeout,,,timeout,,,timeout,,
6s187,timeout,,,timeout,,,timeout,,,timeout,,,timeout,,,timeout,,,timeout,,
6s188,timeout,,,timeout,,,timeout,,,timeout,,,timeout,,,timeout,,,timeout,,
6s189,timeout,,,timeout,,,timeout,,,timeout,,,timeout,,,timeout,,,timeout,,
6s18,timeout,,,timeout,,,timeout,,,timeout,,,timeout,,,timeout,,,timeout,,
6s190,timeout,,,timeout,,,timeout,,,timeout,,,timeout,,,timeout,,,timeout,,
6s191,timeout,,,timeout,,,timeout,,,timeout,,,timeout,,,timeout,,,timeout,,
6s192,timeout,,,timeout,,,timeout,,,timeout,,,timeout,,,timeout,,,timeout,,
6s193,timeout,,,timeout,,,timeout,,,timeout,,,timeout,,,timeout,,,timeout,,
6s194,UNSAT,42,432.17,UNSAT,34,265.58,UNSAT,38,601.14,timeout,,,UNSAT,41,496.23,timeout,,,timeout,,
6s195,timeout,,,timeout,,,timeout,,,timeout,,,timeout,,,timeout,,,timeout,,
6s196,timeout,,,timeout,,,timeout,,,timeout,,,timeout,,,timeout,,,timeout,,
6s197,timeout,,,timeout,,,timeout,,,timeout,,,timeout,,,timeout,,,timeout,,
6s198,timeout,,,timeout,,,timeout,,,timeout,,,timeout,,,timeout,,,timeout,,
6s199,timeout,,,timeout,,,timeout,,,timeout,,,timeout,,,timeout,,,timeout,,
6s19,timeout,,,timeout,,,timeout,,,timeout,,,timeout,,,timeout,,,timeout,,
6s1,timeout,,,timeout,,,timeout,,,timeout,,,timeout,,,timeout,,,timeout,,
6s202b00,timeout,,,timeout,,,timeout,,,timeout,,,timeout,,,timeout,,,timeout,,
6s202b41,timeout,,,timeout,,,timeout,,,timeout,,,timeout,,,timeout,,,timeout,,
6s203b19,timeout,,,timeout,,,timeout,,,timeout,,,timeout,,,timeout,,,timeout,,
6s203b41,timeout,,,timeout,,,timeout,,,timeout,,,timeout,,,timeout,,,timeout,,
6s204b16,timeout,,,timeout,,,timeout,,,timeout,,,timeout,,,timeout,,,timeout,,
6s204b19,timeout,,,timeout,,,timeout,,,timeout,,,timeout,,,timeout,,,timeout,,
6s205b16,timeout,,,timeout,,,timeout,,,timeout,,,timeout,,,timeout,,,timeout,,
6s205b20,timeout,,,timeout,,,timeout,,,timeout,,,timeout,,,timeout,,,timeout,,
6s206rb025,UNSAT,5,29.907,UNSAT,5,30.02,UNSAT,5,30.421,UNSAT,5,30.826,UNSAT,5,31.315,UNSAT,5,32.594,UNSAT,5,33.246
6s206rb103,UNSAT,11,56.578,UNSAT,11,56.457,UNSAT,11,56.925,UNSAT,11,57.562,UNSAT,11,58.245,UNSAT,11,59.654,UNSAT,11,60.879
6s207rb16,timeout,,,timeout,,,timeout,,,timeout,,,timeout,,,timeout,,,timeout,,
6s207rb28,timeout,,,timeout,,,timeout,,,timeout,,,timeout,,,SAT,8,407.68,timeout,,
6s209b0,UNSAT,7,11.345,UNSAT,7,9.139,UNSAT,7,11.928,UNSAT,7,12.569,UNSAT,7,13.11,UNSAT,7,14.1,UNSAT,7,15.437
6s209b1,timeout,,,timeout,,,timeout,,,UNSAT,23,842.2,UNSAT,23,863.07,timeout,,,timeout,,
6s20,timeout,,,timeout,,,timeout,,,timeout,,,timeout,,,timeout,,,timeout,,
6s210b037,SAT,6,0.21264,SAT,6,0.12907,SAT,6,0.12945,SAT,6,0.1285,SAT,6,0.19313,SAT,6,0.85321,SAT,6,0.9745
6s210b105,SAT,6,0.21863,SAT,6,0.14103,SAT,6,0.1469,SAT,6,0.14322,SAT,6,0.1871,SAT,6,0.17647,SAT,6,0.209
6s215rb0,SAT,9,5.8652,SAT,9,6.7647,SAT,9,3.6893,SAT,9,5.8407,SAT,9,3.6195,SAT,9,8.0434,SAT,9,10.57
6s216rb0,SAT,13,24.903,SAT,13,5.9957,SAT,13,35.188,SAT,15,300.25,SAT,13,9.0729,SAT,13,10.388,SAT,15,11.009
6s218b1246,timeout,,,timeout,,,timeout,,,timeout,,,timeout,,,timeout,,,timeout,,
6s218b2950,timeout,,,timeout,,,timeout,,,timeout,,,timeout,,,timeout,,,timeout,,
6s21,timeout,,,timeout,,,timeout,,,timeout,,,timeout,,,timeout,,,timeout,,
6s221rb14,timeout,,,timeout,,,timeout,,,UNSAT,8,830.55,UNSAT,8,853.62,UNSAT,8,862.69,UNSAT,8,873.9
6s221rb18,UNSAT,3,1.1129,UNSAT,3,1.6384,UNSAT,3,2.5768,UNSAT,3,2.903,UNSAT,3,3.8124,UNSAT,3,4.9587,UNSAT,3,6.4368
6s22,timeout,,,timeout,,,timeout,,,timeout,,,timeout,,,timeout,,,timeout,,
6s23,timeout,,,timeout,,,timeout,,,timeout,,,timeout,,,timeout,,,timeout,,
6s24,timeout,,,timeout,,,timeout,,,timeout,,,timeout,,,timeout,,,timeout,,
6s25,timeout,,,timeout,,,timeout,,,timeout,,,timeout,,,timeout,,,timeout,,
6s266rb2,timeout,,,timeout,,,timeout,,,timeout,,,timeout,,,timeout,,,timeout,,
6s267rb3,timeout,,,timeout,,,timeout,,,timeout,,,timeout,,,timeout,,,timeout,,
6s268r,timeout,,,timeout,,,timeout,,,timeout,,,timeout,,,timeout,,,timeout,,
6s269r,timeout,,,timeout,,,timeout,,,timeout,,,timeout,,,timeout,,,timeout,,
6s26,timeout,,,timeout,,,timeout,,,timeout,,,timeout,,,timeout,,,timeout,,
6s270b1,timeout,,,timeout,,,timeout,,,timeout,,,timeout,,,timeout,,,timeout,,
6s271rb045,UNSAT,8,109.7,UNSAT,7,104.37,UNSAT,7,111.49,UNSAT,7,86.785,UNSAT,7,91.205,UNSAT,7,95.391,UNSAT,7,97.348
6s271rb079,UNSAT,8,27.679,UNSAT,8,28.044,UNSAT,8,27.903,UNSAT,8,28.484,UNSAT,8,29.421,UNSAT,8,31.047,UNSAT,8,32.556
6s273b11,UNSAT,20,298.08,UNSAT,20,259.23,UNSAT,24,281.91,UNSAT,20,216.21,UNSAT,17,144.39,UNSAT,21,224.95,UNSAT,21,296.38
6s273b37,UNSAT,18,123.33,UNSAT,18,93.271,UNSAT,18,137.25,UNSAT,18,156.22,UNSAT,18,141,UNSAT,18,149.07,UNSAT,18,175.02
6s274r,timeout,,,timeout,,,timeout,,,timeout,,,timeout,,,timeout,,,timeout,,
6s275rb253,UNSAT,6,6.6534,UNSAT,6,6.4054,UNSAT,6,6.6559,UNSAT,6,6.8658,UNSAT,6,7.017,UNSAT,6,7.6362,UNSAT,6,8.5307
6s275rb318,UNSAT,6,6.9775,UNSAT,6,6.7004,UNSAT,6,6.5826,UNSAT,6,7.0983,UNSAT,6,7.4443,UNSAT,6,8.2236,UNSAT,6,8.9711
6s276rb318,UNSAT,12,8.4564,UNSAT,12,8.4083,UNSAT,12,8.7967,UNSAT,12,8.7992,UNSAT,12,8.9995,UNSAT,12,9.9407,UNSAT,12,11.183
6s276rb342,UNSAT,12,6.8151,UNSAT,12,6.8601,UNSAT,12,7.1561,UNSAT,12,7.1868,UNSAT,12,7.4755,UNSAT,12,7.9966,UNSAT,12,9.0069
6s277rb292,UNSAT,12,9.0552,UNSAT,12,8.4773,UNSAT,12,8.7424,UNSAT,12,8.7485,UNSAT,12,9.0406,UNSAT,12,9.9066,UNSAT,12,10.903
6s277rb342,UNSAT,12,6.9839,UNSAT,12,6.846,UNSAT,12,7.2093,UNSAT,12,7.16,UNSAT,12,7.3221,UNSAT,12,8.0766,UNSAT,12,8.9312
6s279r,timeout,,,timeout,,,timeout,,,timeout,,,timeout,,,timeout,,,timeout,,
6s27,timeout,,,timeout,,,timeout,,,timeout,,,timeout,,,timeout,,,timeout,,
6s280r,timeout,,,timeout,,,timeout,,,timeout,,,timeout,,,timeout,,,timeout,,
6s281b35,timeout,,,timeout,,,timeout,,,timeout,,,timeout,,,timeout,,,timeout,,
6s281b50,timeout,,,timeout,,,timeout,,,timeout,,,timeout,,,timeout,,,timeout,,
6s282b01,UNSAT,5,0.12248,UNSAT,5,0.13224,UNSAT,5,0.13978,UNSAT,5,0.1578,UNSAT,5,0.16631,UNSAT,5,0.19697,UNSAT,5,0.23751
6s282b15,UNSAT,20,143.09,UNSAT,20,106.36,UNSAT,19,112.58,UNSAT,20,132.24,UNSAT,20,99.032,UNSAT,20,104.67,UNSAT,20,121.12
6s284rb1,timeout,,,timeout,,,timeout,,,timeout,,,timeout,,,timeout,,,timeout,,
6s286rb07843,timeout,,,timeout,,,timeout,,,timeout,,,timeout,,,timeout,,,timeout,,
6s286rb30297,timeout,,,timeout,,,timeout,,,timeout,,,timeout,,,timeout,,,timeout,,
6s288r,UNSAT,27,129.19,UNSAT,21,173.93,UNSAT,23,489.79,UNSAT,20,284.47,UNSAT,22,670.37,UNSAT,18,322.23,UNSAT,21,316.88
6s289rb00529,SAT,3,7.2055,SAT,3,6.7773,SAT,3,7.5214,SAT,3,7.6315,SAT,3,7.87,SAT,3,8.1793,SAT,3,8.555
6s289rb05233,SAT,5,8.9961,SAT,5,8.0063,SAT,5,8.1285,SAT,5,9.4048,SAT,5,9.7569,SAT,5,10.08,SAT,5,10.422
6s28,timeout,,,timeout,,,timeout,,,timeout,,,timeout,,,timeout,,,timeout,,
6s290,timeout,,,timeout,,,timeout,,,timeout,,,timeout,,,timeout,,,timeout,,
6s291rb18,UNSAT,76,3.8651,UNSAT,76,4.122,UNSAT,77,6.1311,UNSAT,76,4.8601,UNSAT,12,1.0383,UNSAT,14,1.9188,UNSAT,14,2.232
6s291rb77,UNSAT,30,1.847,UNSAT,76,4.2176,UNSAT,77,4.8217,UNSAT,76,5.3611,UNSAT,12,1.0447,UNSAT,14,1.8978,UNSAT,14,2.2872
6s292rb024,timeout,,,timeout,,,timeout,,,timeout,,,timeout,,,timeout,,,timeout,,
6s292rb037,timeout,,,timeout,,,timeout,,,timeout,,,timeout,,,timeout,,,timeout,,
6s299b685,timeout,,,timeout,,,timeout,,,timeout,,,timeout,,,timeout,,,timeout,,
6s299b892,timeout,,,timeout,,,timeout,,,timeout,,,timeout,,,timeout,,,timeout,,
6s29,timeout,,,timeout,,,timeout,,,timeout,,,timeout,,,timeout,,,timeout,,
6s2,UNSAT,13,31.665,UNSAT,16,40.546,UNSAT,18,56.072,UNSAT,14,35.593,UNSAT,18,53.708,UNSAT,18,64.466,UNSAT,18,54.615
6s301rb106,timeout,,,timeout,,,timeout,,,timeout,,,timeout,,,timeout,,,timeout,,
6s301rb527,SAT,3,82.763,SAT,3,79.366,SAT,3,87.99,SAT,3,88.235,SAT,3,89.281,SAT,3,91.896,SAT,3,94.1
6s302rb09,timeout,,,timeout,,,timeout,,,timeout,,,timeout,,,timeout,,,timeout,,
6s305rb069,UNSAT,21,282.27,UNSAT,25,742.45,UNSAT,15,202.72,UNSAT,17,425.64,UNSAT,18,303.36,UNSAT,15,341.62,UNSAT,16,388.64
6s305rb108,timeout,,,timeout,,,timeout,,,UNSAT,33,544.76,timeout,,,timeout,,,UNSAT,28,493.68
6s306rb03,UNSAT,18,146.57,UNSAT,18,185.12,UNSAT,18,157.71,UNSAT,18,146.63,UNSAT,18,138.41,UNSAT,18,185.16,UNSAT,18,264.45
6s306rb23,UNSAT,25,22.527,UNSAT,25,21.204,UNSAT,25,22.525,UNSAT,25,23.707,UNSAT,25,23.698,UNSAT,25,25.869,UNSAT,25,26.948
6s307rb06,timeout,,,SAT,11,569.29,timeout,,,SAT,12,711.73,timeout,,,timeout,,,timeout,,
6s307rb09,timeout,,,UNSAT,17,51.44,UNSAT,14,434.91,UNSAT,15,337.54,UNSAT,15,88.678,UNSAT,13,98.805,UNSAT,15,156.99
6s309b034,timeout,,,timeout,,,timeout,,,timeout,,,timeout,,,timeout,,,timeout,,
6s309b046,timeout,,,timeout,,,timeout,,,timeout,,,timeout,,,timeout,,,timeout,,
6s30,timeout,,,timeout,,,timeout,,,timeout,,,timeout,,,timeout,,,timeout,,
6s310r,timeout,,,timeout,,,timeout,,,timeout,,,timeout,,,timeout,,,timeout,,
6s311rb1,SAT,4,851.7,timeout,,,timeout,,,timeout,,,timeout,,,timeout,,,timeout,,
6s313r,timeout,,,timeout,,,timeout,,,timeout,,,timeout,,,timeout,,,timeout,,
6s315r,timeout,,,timeout,,,timeout,,,timeout,,,timeout,,,timeout,,,timeout,,
6s316b421,timeout,,,timeout,,,timeout,,,timeout,,,timeout,,,timeout,,,timeout,,
6s316b460,timeout,,,timeout,,,timeout,,,timeout,,,timeout,,,timeout,,,timeout,,
6s317b14,UNSAT,11,2.2814,UNSAT,11,6.4922,UNSAT,11,7.7645,UNSAT,11,12.43,UNSAT,11,14.768,UNSAT,11,17.689,UNSAT,11,17.698
6s317b18,UNSAT,12,20.828,UNSAT,10,8.7459,UNSAT,10,10.044,UNSAT,10,5.8099,UNSAT,10,5.9269,UNSAT,9,4.5535,UNSAT,9,5.0638
6s318r,SAT,3,0.01738,SAT,3,0.018474,SAT,3,0.032464,SAT,3,0.036319,SAT,3,0.026926,SAT,3,0.030956,SAT,3,0.044044
6s319r,timeout,,,timeout,,,timeout,,,timeout,,,timeout,,,timeout,,,timeout,,
6s31,timeout,,,timeout,,,timeout,,,timeout,,,timeout,,,timeout,,,timeout,,
6s320rb0,timeout,,,timeout,,,timeout,,,timeout,,,timeout,,,timeout,,,timeout,,
6s320rb1,timeout,,,timeout,,,timeout,,,timeout,,,timeout,,,timeout,,,timeout,,
6s321b1,timeout,,,timeout,,,timeout,,,timeout,,,timeout,,,timeout,,,timeout,,
6s321b5,timeout,,,timeout,,,timeout,,,timeout,,,timeout,,,timeout,,,timeout,,
6s322rb265,UNSAT,3,2.9267,UNSAT,3,4.066,UNSAT,3,6.8152,UNSAT,3,8.652,UNSAT,3,9.9617,UNSAT,3,13.216,UNSAT,3,16.293
6s322rb646,timeout,,,timeout,,,timeout,,,timeout,,,timeout,,,timeout,,,timeout,,
6s325rb072,UNSAT,5,0.3518,UNSAT,6,0.4,UNSAT,5,0.41232,UNSAT,5,0.44516,UNSAT,5,0.4927,UNSAT,5,0.59028,UNSAT,5,0.74609
6s325rb107,UNSAT,30,21.671,UNSAT,30,21.346,UNSAT,46,65.939,UNSAT,30,29.977,UNSAT,30,32.41,UNSAT,48,182.47,UNSAT,52,812.14
6s326rb02,UNSAT,15,10.866,UNSAT,15,6.4048,UNSAT,15,9.0381,UNSAT,15,7.0105,UNSAT,15,8.8973,UNSAT,15,10.447,UNSAT,15,16.602
6s326rb08,UNSAT,11,7.7297,UNSAT,11,6.7327,UNSAT,11,8.0965,UNSAT,11,14.279,UNSAT,11,7.9105,UNSAT,11,8.0696,UNSAT,11,10.308
6s327rb10,UNSAT,11,2.4858,UNSAT,11,2.526,UNSAT,11,2.7716,UNSAT,11,2.8101,UNSAT,11,2.9678,UNSAT,11,3.4327,UNSAT,11,3.7669
6s327rb19,UNSAT,3,0.080246,UNSAT,3,0.11573,UNSAT,3,0.11775,UNSAT,3,0.16542,UNSAT,3,0.18342,UNSAT,3,0.19384,UNSAT,3,0.25977
6s329rb19,timeout,,,timeout,,,timeout,,,timeout,,,timeout,,,timeout,,,timeout,,
6s329rb20,timeout,,,timeout,,,timeout,,,timeout,,,timeout,,,timeout,,,timeout,,
6s32,timeout,,,timeout,,,timeout,,,timeout,,,timeout,,,timeout,,,timeout,,
6s330rb06,SAT,3,7.0223,SAT,3,0.96593,SAT,3,9.4153,SAT,3,10.163,SAT,3,10.172,SAT,3,11.4,SAT,3,12.171
6s330rb11,UNSAT,5,1.1119,UNSAT,5,1.2367,UNSAT,5,1.3489,UNSAT,5,1.5461,UNSAT,5,1.5728,UNSAT,5,1.8619,UNSAT,5,2.1496
6s332rb118,timeout,,,timeout,,,timeout,,,timeout,,,timeout,,,timeout,,,timeout,,
6s332rb155,timeout,,,timeout,,,timeout,,,timeout,,,timeout,,,timeout,,,timeout,,
6s335rb09,SAT,6,0.38714,SAT,6,0.37254,SAT,6,0.47462,SAT,6,0.30911,SAT,6,0.15826,SAT,6,0.50385,SAT,6,0.57599
6s335rb60,SAT,6,0.1458,SAT,6,0.36102,SAT,6,0.46549,SAT,6,0.25464,SAT,6,0.12153,SAT,6,0.21362,SAT,6,0.24693
6s339rb19,timeout,,,timeout,,,timeout,,,timeout,,,timeout,,,timeout,,,timeout,,
6s339rb22,timeout,,,timeout,,,timeout,,,timeout,,,timeout,,,timeout,,,timeout,,
6s33,timeout,,,timeout,,,timeout,,,timeout,,,timeout,,,timeout,,,timeout,,
6s340rb27,timeout,,,timeout,,,timeout,,,timeout,,,timeout,,,timeout,,,timeout,,
6s340rb63,timeout,,,timeout,,,timeout,,,timeout,,,timeout,,,timeout,,,timeout,,
6s341r,timeout,,,timeout,,,timeout,,,timeout,,,timeout,,,timeout,,,timeout,,
6s342rb122,timeout,,,timeout,,,timeout,,,timeout,,,timeout,,,timeout,,,timeout,,
6s342rb131,timeout,,,timeout,,,timeout,,,timeout,,,timeout,,,timeout,,,timeout,,
6s343b08,timeout,,,timeout,,,timeout,,,timeout,,,timeout,,,timeout,,,timeout,,
6s343b31,timeout,,,timeout,,,timeout,,,timeout,,,timeout,,,timeout,,,timeout,,
6s344rb054,UNSAT,3,0.1058,UNSAT,3,0.1568,UNSAT,3,0.19399,UNSAT,3,0.22751,UNSAT,3,0.29106,UNSAT,3,0.36842,UNSAT,3,0.44591
6s344rb150,UNSAT,10,269.72,UNSAT,15,454.74,UNSAT,13,288.8,timeout,,,UNSAT,16,893.57,UNSAT,15,366.94,UNSAT,15,296.43
6s348b24,timeout,,,timeout,,,timeout,,,timeout,,,timeout,,,timeout,,,timeout,,
6s348b53,timeout,,,timeout,,,timeout,,,timeout,,,timeout,,,timeout,,,timeout,,
6s349rb06,timeout,,,timeout,,,timeout,,,timeout,,,timeout,,,timeout,,,timeout,,
6s349rb12,UNSAT,12,108.61,UNSAT,16,182.04,UNSAT,15,125.31,UNSAT,16,209.68,UNSAT,16,149.08,UNSAT,15,178.66,UNSAT,14,171.81
6s34,UNSAT,88,180.82,UNSAT,100,614.99,timeout,,,UNSAT,94,667.26,timeout,,,timeout,,,timeout,,
6s350rb35,timeout,,,timeout,,,timeout,,,timeout,,,timeout,,,timeout,,,timeout,,
6s350rb46,timeout,,,timeout,,,timeout,,,timeout,,,timeout,,,timeout,,,timeout,,
6s351rb02,timeout,,,timeout,,,timeout,,,timeout,,,timeout,,,timeout,,,timeout,,
6s351rb15,timeout,,,timeout,,,timeout,,,timeout,,,timeout,,,timeout,,,timeout,,
6s353rb036,timeout,,,timeout,,,timeout,,,timeout,,,timeout,,,timeout,,,timeout,,
6s353rb101,timeout,,,timeout,,,timeout,,,timeout,,,timeout,,,timeout,,,timeout,,
6s355rb08740,UNSAT,3,0.12248,UNSAT,3,0.16011,UNSAT,3,0.211,UNSAT,3,0.25476,UNSAT,3,0.28615,UNSAT,3,0.37652,UNSAT,3,0.46903
6s355rb11080,UNSAT,3,0.12227,UNSAT,3,0.16195,UNSAT,3,0.21252,UNSAT,3,0.24698,UNSAT,3,0.28509,UNSAT,3,0.67647,UNSAT,3,0.46029
6s357r,timeout,,,timeout,,,timeout,,,timeout,,,timeout,,,timeout,,,timeout,,
6s358r,timeout,,,timeout,,,timeout,,,timeout,,,timeout,,,timeout,,,timeout,,
6s359r,timeout,,,timeout,,,timeout,,,timeout,,,timeout,,,timeout,,,timeout,,
6s35,timeout,,,timeout,,,timeout,,,timeout,,,timeout,,,timeout,,,timeout,,
6s361rb52584,timeout,,,timeout,,,timeout,,,timeout,,,timeout,,,timeout,,,timeout,,
6s361rb54373,timeout,,,timeout,,,timeout,,,timeout,,,timeout,,,timeout,,,timeout,,
6s362rb0,timeout,,,timeout,,,timeout,,,timeout,,,timeout,,,timeout,,,timeout,,
6s362rb1,UNSAT,17,0.64062,UNSAT,17,0.49927,UNSAT,20,8.0694,UNSAT,20,1.714,UNSAT,19,1.2642,UNSAT,19,1.6272,UNSAT,19,1.5072
6s364rb03158,timeout,,,timeout,,,timeout,,,timeout,,,timeout,,,timeout,,,timeout,,
6s364rb12666,timeout,,,timeout,,,timeout,,,timeout,,,timeout,,,timeout,,,timeout,,
6s365r,timeout,,,timeout,,,timeout,,,timeout,,,timeout,,,timeout,,,timeout,,
6s366r,timeout,,,timeout,,,timeout,,,timeout,,,timeout,,,timeout,,,timeout,,
6s367r,timeout,,,timeout,,,timeout,,,timeout,,,timeout,,,timeout,,,timeout,,
6s36,timeout,,,timeout,,,timeout,,,timeout,,,timeout,,,timeout,,,timeout,,
6s372rb26,UNSAT,13,1.1461,UNSAT,14,1.722,UNSAT,14,3.278,UNSAT,13,1.3426,UNSAT,13,1.1856,UNSAT,13,1.6779,UNSAT,13,1.8204
6s372rb31,UNSAT,29,54.433,UNSAT,33,144.46,UNSAT,34,230.99,UNSAT,34,285.35,UNSAT,29,203.14,UNSAT,28,160.31,UNSAT,29,190.41
6s374b029,timeout,,,timeout,,,timeout,,,timeout,,,timeout,,,timeout,,,timeout,,
6s374b114,UNSAT,4,81.003,UNSAT,4,81.872,UNSAT,4,83.352,UNSAT,4,85.009,UNSAT,4,86.846,UNSAT,4,91.527,UNSAT,4,94.648
6s376r,timeout,,,timeout,,,timeout,,,timeout,,,timeout,,,timeout,,,timeout,,
6s377r,timeout,,,timeout,,,timeout,,,timeout,,,timeout,,,timeout,,,timeout,,
6s37,timeout,,,timeout,,,timeout,,,timeout,,,timeout,,,timeout,,,timeout,,
6s380b129,UNSAT,19,12,UNSAT,20,11.16,UNSAT,20,11.298,UNSAT,19,10.614,UNSAT,20,11.947,UNSAT,19,13.561,UNSAT,19,14.966
6s380b511,SAT,17,119.74,SAT,17,50.834,SAT,17,74.909,SAT,16,79.789,SAT,16,176.99,SAT,16,46.59,SAT,16,37.729
6s381rb051,UNSAT,36,272.21,UNSAT,36,298.11,UNSAT,35,244.59,UNSAT,45,401.53,UNSAT,35,273.8,UNSAT,35,322.62,UNSAT,35,522.48
6s381rb630,UNSAT,6,8.7142,UNSAT,6,8.6879,UNSAT,6,8.9333,UNSAT,6,9.0862,UNSAT,6,9.4201,UNSAT,6,9.9523,UNSAT,6,10.354
6s382r,timeout,,,timeout,,,timeout,,,timeout,,,timeout,,,timeout,,,timeout,,
6s384rb024,UNSAT,4,5.7849,UNSAT,4,5.8846,UNSAT,4,5.9985,UNSAT,4,6.1142,UNSAT,4,6.2666,UNSAT,4,6.5249,UNSAT,4,6.8376
6s384rb194,timeout,,,timeout,,,timeout,,,timeout,,,timeout,,,timeout,,,timeout,,
6s385rb267,UNSAT,13,476.15,UNSAT,13,163.34,UNSAT,13,396.27,UNSAT,13,274.93,UNSAT,13,215.17,UNSAT,13,708.99,UNSAT,13,247.52
6s385rb444,timeout,,,timeout,,,timeout,,,timeout,,,UNSAT,14,357.81,timeout,,,timeout,,
6s386rb07,timeout,,,timeout,,,timeout,,,timeout,,,timeout,,,timeout,,,timeout,,
6s386rb08,timeout,,,timeout,,,timeout,,,timeout,,,timeout,,,timeout,,,timeout,,
6s387rb181,timeout,,,timeout,,,timeout,,,timeout,,,timeout,,,timeout,,,timeout,,
6s387rb291,timeout,,,timeout,,,timeout,,,timeout,,,timeout,,,timeout,,,timeout,,
6s388b07,SAT,1,0.094025,SAT,1,0.1141,SAT,1,0.13099,SAT,1,0.15607,SAT,1,0.16881,SAT,1,0.21119,SAT,1,0.25644
6s388b09,SAT,1,0.11632,SAT,1,0.1145,SAT,1,0.13429,SAT,1,0.15544,SAT,1,0.16708,SAT,1,0.21378,SAT,1,0.25796
6s389b02,SAT,1,0.098756,SAT,1,0.11303,SAT,1,0.13269,SAT,1,0.15621,SAT,1,0.16659,SAT,1,0.21192,SAT,1,0.25792
6s389b11,SAT,5,0.69419,SAT,5,0.47946,SAT,5,0.50704,SAT,5,0.4799,SAT,5,0.7399,SAT,5,0.83285,SAT,5,0.90967
6s38,timeout,,,timeout,,,timeout,,,timeout,,,timeout,,,timeout,,,timeout,,
6s391rb365,timeout,,,timeout,,,timeout,,,timeout,,,timeout,,,timeout,,,timeout,,
6s391rb379,UNSAT,4,0.12862,UNSAT,4,0.13949,UNSAT,4,0.14956,UNSAT,4,0.15969,UNSAT,4,0.17351,UNSAT,4,0.20076,UNSAT,4,0.23778
6s392r,timeout,,,timeout,,,timeout,,,timeout,,,timeout,,,timeout,,,timeout,,
6s393r,timeout,,,timeout,,,timeout,,,timeout,,,timeout,,,timeout,,,timeout,,
6s394r,timeout,,,timeout,,,timeout,,,timeout,,,timeout,,,timeout,,,timeout,,
6s398b09,timeout,,,timeout,,,timeout,,,timeout,,,timeout,,,timeout,,,timeout,,
6s398b16,timeout,,,timeout,,,timeout,,,timeout,,,timeout,,,timeout,,,timeout,,
6s399b02,timeout,,,timeout,,,timeout,,,timeout,,,timeout,,,timeout,,,timeout,,
6s399b03,timeout,,,timeout,,,timeout,,,timeout,,,timeout,,,timeout,,,timeout,,
6s39,timeout,,,timeout,,,timeout,,,timeout,,,timeout,,,timeout,,,timeout,,
6s3,UNSAT,11,2.5828,UNSAT,9,2.6979,UNSAT,8,2.494,UNSAT,8,2.4854,UNSAT,8,2.7218,UNSAT,8,2.434,UNSAT,8,2.5604
6s400rb02672,timeout,,,timeout,,,timeout,,,timeout,,,timeout,,,timeout,,,timeout,,
6s400rb07819,UNSAT,3,0.11456,UNSAT,3,0.14755,UNSAT,3,0.1984,UNSAT,3,0.23183,UNSAT,3,0.26949,UNSAT,3,0.36479,UNSAT,3,0.4291
6s401rb051,timeout,,,timeout,,,timeout,,,timeout,,,timeout,,,timeout,,,timeout,,
6s401rb086,timeout,,,timeout,,,timeout,,,timeout,,,timeout,,,timeout,,,timeout,,
6s402rb0342,timeout,,,timeout,,,timeout,,,timeout,,,timeout,,,timeout,,,timeout,,
6s402rb2219,timeout,,,timeout,,,timeout,,,timeout,,,timeout,,,timeout,,,timeout,,
6s403rb0609,UNSAT,9,18.696,UNSAT,9,19.107,UNSAT,9,19.614,UNSAT,9,20.148,UNSAT,9,20.779,UNSAT,9,22.002,UNSAT,9,23.337
6s403rb1342,UNSAT,9,18.767,UNSAT,9,18.993,UNSAT,9,19.534,UNSAT,9,20.118,UNSAT,9,20.803,UNSAT,9,22.048,UNSAT,9,23.348
6s404rb1,UNSAT,9,227.38,UNSAT,10,160.46,UNSAT,9,93.129,UNSAT,9,330.4,UNSAT,9,291.18,UNSAT,9,298.3,UNSAT,9,311.71
6s404rb4,UNSAT,10,409.76,UNSAT,10,332.11,UNSAT,10,380.97,UNSAT,10,646.03,UNSAT,10,660.03,UNSAT,10,621.77,UNSAT,10,633
6s405rb015,UNSAT,9,84.447,UNSAT,9,83.023,UNSAT,9,83.761,UNSAT,9,86.437,UNSAT,9,88.521,UNSAT,9,92.321,UNSAT,9,96.517
6s405rb611,UNSAT,9,84.885,UNSAT,9,82.736,UNSAT,9,84.273,UNSAT,9,87.353,UNSAT,9,88.582,UNSAT,9,92.811,UNSAT,9,96.35
6s406rb067,UNSAT,5,2.1235,UNSAT,5,2.2636,UNSAT,5,2.4004,UNSAT,5,2.5717,UNSAT,5,2.7147,UNSAT,5,3.0175,UNSAT,5,3.3868
6s406rb111,timeout,,,timeout,,,timeout,,,timeout,,,timeout,,,timeout,,,timeout,,
6s407rb034,timeout,,,timeout,,,timeout,,,timeout,,,timeout,,,timeout,,,timeout,,
6s407rb296,timeout,,,timeout,,,timeout,,,timeout,,,timeout,,,timeout,,,timeout,,
6s408rb191,UNSAT,7,639.28,UNSAT,7,597.24,UNSAT,7,627.11,UNSAT,7,640.1,UNSAT,7,658.55,UNSAT,7,665.84,UNSAT,7,697.59
6s408rb223,UNSAT,7,603.54,UNSAT,7,559.56,UNSAT,7,553.32,UNSAT,7,565.6,UNSAT,7,580.99,UNSAT,7,586.4,UNSAT,7,628.39
6s409rb054,timeout,,,timeout,,,timeout,,,timeout,,,timeout,,,timeout,,,timeout,,
6s409rb131,timeout,,,timeout,,,timeout,,,timeout,,,timeout,,,timeout,,,timeout,,
6s40p0,timeout,,,timeout,,,timeout,,,timeout,,,timeout,,,timeout,,,timeout,,
6s40p1,SAT,1,0.1616,SAT,1,0.18534,SAT,1,0.20052,SAT,1,0.22829,SAT,1,0.25194,SAT,1,0.31242,SAT,1,0.37482
6s40p2,SAT,1,0.16438,SAT,1,0.18796,SAT,1,0.20301,SAT,1,0.2317,SAT,1,0.24713,SAT,1,0.31074,SAT,1,0.37364
6s410rb043,UNSAT,6,258.81,UNSAT,7,185.55,UNSAT,6,181.59,UNSAT,6,191.27,UNSAT,6,196.84,UNSAT,6,208.29,UNSAT,6,220.74
6s410rb236,timeout,,,timeout,,,timeout,,,timeout,,,timeout,,,timeout,,,timeout,,
6s413b299,UNSAT,19,259.18,UNSAT,15,215.14,UNSAT,15,308.95,UNSAT,16,271.17,UNSAT,15,332.07,UNSAT,16,373.21,UNSAT,19,455.61
6s413b398,timeout,,,timeout,,,timeout,,,timeout,,,timeout,,,timeout,,,timeout,,
6s416r,timeout,,,timeout,,,timeout,,,timeout,,,timeout,,,timeout,,,timeout,,
6s41,timeout,,,timeout,,,timeout,,,timeout,,,timeout,,,timeout,,,timeout,,
6s421rb050,UNSAT,6,0.97169,UNSAT,6,1.085,UNSAT,6,0.92914,UNSAT,6,0.98977,UNSAT,6,1.0348,UNSAT,6,1.1048,UNSAT,6,1.2156
6s421rb083,UNSAT,6,0.94373,UNSAT,6,0.95983,UNSAT,6,1.0176,UNSAT,6,1.0073,UNSAT,6,1.0389,UNSAT,6,1.1467,UNSAT,6,1.2231
6s428rb093,timeout,,,timeout,,,timeout,,,timeout,,,timeout,,,timeout,,,timeout,,
6s428rb098,timeout,,,timeout,,,timeout,,,timeout,,,timeout,,,timeout,,,timeout,,
6s42,timeout,,,timeout,,,timeout,,,timeout,,,timeout,,,timeout,,,timeout,,
6s43,UNSAT,25,71.384,UNSAT,19,101.92,UNSAT,19,135.95,UNSAT,18,135.01,UNSAT,19,131.45,UNSAT,19,112.63,UNSAT,19,109.95
6s44,timeout,,,timeout,,,timeout,,,timeout,,,timeout,,,timeout,,,timeout,,
6s45,timeout,,,timeout,,,timeout,,,timeout,,,timeout,,,timeout,,,timeout,,
6s46,timeout,,,timeout,,,timeout,,,timeout,,,timeout,,,timeout,,,timeout,,
6s47,timeout,,,timeout,,,timeout,,,timeout,,,timeout,,,timeout,,,timeout,,
6s48p0,timeout,,,timeout,,,timeout,,,timeout,,,timeout,,,timeout,,,timeout,,
6s48p1,timeout,,,timeout,,,timeout,,,timeout,,,timeout,,,timeout,,,timeout,,
6s49,timeout,,,timeout,,,timeout,,,timeout,,,timeout,,,timeout,,,timeout,,
6s4,timeout,,,timeout,,,timeout,,,timeout,,,timeout,,,timeout,,,timeout,,
6s50,timeout,,,timeout,,,timeout,,,timeout,,,timeout,,,timeout,,,timeout,,
6s514r,timeout,,,timeout,,,timeout,,,timeout,,,timeout,,,timeout,,,timeout,,
6s515rb1,UNSAT,6,0.012495,UNSAT,6,0.016263,UNSAT,6,0.019587,UNSAT,6,0.022292,UNSAT,6,0.024967,UNSAT,6,0.029638,UNSAT,6,0.03745
6s516r,timeout,,,timeout,,,timeout,,,timeout,,,timeout,,,timeout,,,timeout,,
6s517rb0,timeout,,,timeout,,,timeout,,,timeout,,,timeout,,,timeout,,,timeout,,
6s51,timeout,,,timeout,,,timeout,,,timeout,,,timeout,,,timeout,,,timeout,,
6s52,timeout,,,timeout,,,timeout,,,timeout,,,timeout,,,timeout,,,timeout,,
6s53,timeout,,,timeout,,,timeout,,,timeout,,,timeout,,,timeout,,,timeout,,
6s54,timeout,,,timeout,,,timeout,,,timeout,,,timeout,,,timeout,,,timeout,,
6s5,timeout,,,timeout,,,timeout,,,timeout,,,timeout,,,timeout,,,timeout,,
6s6,UNSAT,23,42.852,UNSAT,23,45.038,UNSAT,23,66.586,UNSAT,25,53.327,UNSAT,25,70.031,UNSAT,23,71.822,UNSAT,25,84.112
6s7,timeout,,,timeout,,,timeout,,,timeout,,,timeout,,,timeout,,,timeout,,
6s8,timeout,,,timeout,,,timeout,,,timeout,,,timeout,,,timeout,,,timeout,,
6s9,timeout,,,timeout,,,timeout,,,timeout,,,timeout,,,timeout,,,timeout,,
abp4p2ff,SAT,17,1.3243,SAT,18,8.5547,SAT,17,3.0562,SAT,18,3.641,SAT,18,2.4658,SAT,17,4.85,SAT,17,3.1626
abp4p2tt,SAT,17,1.9382,SAT,18,2.966,SAT,18,5.4202,SAT,17,3.2928,SAT,18,3.5885,SAT,18,4.4228,SAT,18,4.3897
abp4pold,SAT,18,1.8664,SAT,18,3.888,SAT,18,4.7088,SAT,17,1.6013,SAT,17,2.9278,SAT,18,3.4934,SAT,17,2.8284
abp4ptimo,SAT,19,2.6339,SAT,19,3.5333,SAT,18,4.0471,SAT,19,6.6851,SAT,19,5.737,SAT,19,5.3251,SAT,19,5.5774
abp4ptimoneg,SAT,19,2.4618,SAT,19,3.1943,SAT,18,4.4903,SAT,19,6.1882,SAT,19,5.8612,SAT,19,5.7902,SAT,19,5.5561
bc57sensorsp0,SAT,85,792.5,timeout,,,SAT,79,251.07,SAT,63,144.96,timeout,,,SAT,69,591.4,SAT,50,260.15
bc57sensorsp0neg,SAT,77,226.19,SAT,77,397.94,SAT,75,233.52,SAT,58,413.69,SAT,61,662.11,timeout,,,SAT,86,855.72
bc57sensorsp1,SAT,63,188.3,SAT,83,521.44,SAT,67,741.27,timeout,,,SAT,82,305.94,timeout,,,SAT,68,666.25
bc57sensorsp1neg,timeout,,,SAT,82,685.59,timeout,,,SAT,69,293.48,SAT,65,411.85,timeout,,,SAT,56,240.44
bc57sensorsp2,SAT,65,118.75,SAT,65,463.57,SAT,85,344.41,timeout,,,SAT,65,394.01,SAT,85,429.88,timeout,,
bc57sensorsp2neg,timeout,,,timeout,,,SAT,81,644.11,SAT,60,553.46,SAT,70,620.64,timeout,,,timeout,,
bc57sensorsp3,SAT,76,757.15,SAT,69,881.85,SAT,74,369.45,SAT,75,341.81,SAT,69,521.69,timeout,,,SAT,73,505.41
beemadd3b1,SAT,8,41.26,SAT,9,177.92,SAT,7,45.785,timeout,,,SAT,7,37.924,SAT,8,84.59,SAT,8,85.345
beemadd4b1,timeout,,,timeout,,,timeout,,,timeout,,,timeout,,,timeout,,,timeout,,
beemandrsn4b1,UNSAT,16,806.97,timeout,,,timeout,,,timeout,,,timeout,,,timeout,,,timeout,,
beemandrsn6b1,timeout,,,timeout,,,timeout,,,timeout,,,timeout,,,timeout,,,timeout,,
beemandrsn7f1,SAT,9,225.6,SAT,9,832.16,SAT,10,588.5,SAT,8,221.65,SAT,9,292.38,timeout,,,SAT,10,709.02
beemat1b1,timeout,,,UNSAT,21,550.28,timeout,,,timeout,,,timeout,,,timeout,,,timeout,,
beemat1f1,UNSAT,33,83.981,UNSAT,43,309.95,UNSAT,33,134.74,UNSAT,30,190.93,UNSAT,33,151.48,UNSAT,31,253.6,timeout,,
beemat4f1,UNSAT,30,839.33,timeout,,,timeout,,,UNSAT,30,821.54,timeout,,,timeout,,,timeout,,
beembkry1b1,UNSAT,15,9.7302,UNSAT,24,33.074,UNSAT,15,19.76,UNSAT,28,56.937,UNSAT,21,48.13,UNSAT,20,67.071,UNSAT,20,113.38
beembkry5b1,timeout,,,timeout,,,timeout,,,timeout,,,timeout,,,timeout,,,timeout,,
beembkry7f1,timeout,,,timeout,,,timeout,,,timeout,,,timeout,,,timeout,,,timeout,,
beemblks2b1,timeout,,,timeout,,,timeout,,,timeout,,,timeout,,,timeout,,,timeout,,
beemblks3f1,timeout,,,timeout,,,timeout,,,timeout,,,timeout,,,timeout,,,timeout,,
beembrdg2f1,timeout,,,timeout,,,timeout,,,timeout,,,timeout,,,timeout,,,timeout,,
beembrdg3b1,timeout,,,timeout,,,timeout,,,timeout,,,timeout,,,timeout,,,timeout,,
beembrdg3f1,timeout,,,timeout,,,timeout,,,timeout,,,timeout,,,timeout,,,timeout,,
beembrp1f1,UNSAT,85,239.59,UNSAT,105,373.38,UNSAT,88,255.01,timeout,,,UNSAT,108,590.45,UNSAT,97,653.84,timeout,,
beembrptwo1b2,timeout,,,timeout,,,timeout,,,timeout,,,timeout,,,timeout,,,timeout,,
beembrptwo1f2,UNSAT,64,256.08,UNSAT,38,32.671,UNSAT,62,225.21,UNSAT,64,537.13,UNSAT,64,719.16,timeout,,,UNSAT,65,356.83
beembrptwo4b1,SAT,25,76.669,SAT,43,112.81,SAT,41,109.38,SAT,21,21.679,SAT,39,82.79,SAT,48,464.72,SAT,50,294.64
beembrptwo5f2,UNSAT,104,169.77,UNSAT,79,640.66,UNSAT,76,865.15,UNSAT,81,597.89,timeout,,,timeout,,,timeout,,
beemcmbrdg1b1,timeout,,,timeout,,,timeout,,,timeout,,,timeout,,,timeout,,,timeout,,
beemcmbrdg1f1,timeout,,,timeout,,,timeout,,,timeout,,,timeout,,,timeout,,,timeout,,
beemcoll1b1,UNSAT,15,33.387,UNSAT,15,51.033,UNSAT,17,81.313,UNSAT,14,73.032,UNSAT,14,86.761,UNSAT,14,204.19,UNSAT,14,276.67
beemcoll3b1,timeout,,,timeout,,,timeout,,,timeout,,,timeout,,,timeout,,,timeout,,
beemcoll4b1,timeout,,,timeout,,,timeout,,,timeout,,,timeout,,,timeout,,,timeout,,
beemexit5f1,UNSAT,16,30.44,UNSAT,22,65.64,UNSAT,17,49.166,UNSAT,20,60.838,UNSAT,17,56.348,UNSAT,21,108.3,UNSAT,20,110.79
beemextnc1b1,timeout,,,timeout,,,timeout,,,timeout,,,timeout,,,timeout,,,timeout,,
beemextnc3b1,SAT,7,6.0208,SAT,7,875.56,timeout,,,timeout,,,timeout,,,SAT,7,240.29,SAT,7,230.22
beemfish4f1,UNSAT,24,38.82,UNSAT,19,55.335,UNSAT,19,34.036,UNSAT,16,42.931,UNSAT,19,50.233,UNSAT,14,19.098,UNSAT,18,21.746
beemfish6b1,timeout,,,timeout,,,timeout,,,timeout,,,timeout,,,timeout,,,timeout,,
beemfrogs1b1,timeout,,,SAT,11,871.65,timeout,,,timeout,,,SAT,10,847.59,SAT,10,272.43,timeout,,
beemfrogs1f1,SAT,17,141.23,timeout,,,timeout,,,SAT,17,283.36,timeout,,,timeout,,,SAT,15,438.44
beemfwt1b1,timeout,,,timeout,,,timeout,,,timeout,,,timeout,,,timeout,,,timeout,,
beemfwt1f1,timeout,,,timeout,,,timeout,,,timeout,,,timeout,,,timeout,,,timeout,,
beemfwt5f2,UNSAT,25,264.93,timeout,,,timeout,,,timeout,,,timeout,,,UNSAT,19,156.6,UNSAT,20,718.1
beemgear1f1,timeout,,,timeout,,,timeout,,,timeout,,,timeout,,,timeout,,,timeout,,
beemgear2b1,SAT,8,2.0556,SAT,8,3.9912,SAT,8,5.6914,SAT,8,4.7369,SAT,8,3.361,SAT,8,2.2692,SAT,8,2.2783
beemgear2f1,timeout,,,timeout,,,timeout,,,timeout,,,timeout,,,timeout,,,timeout,,
beemhanoi1b1,SAT,9,814.11,timeout,,,timeout,,,timeout,,,timeout,,,SAT,7,252.44,SAT,7,246.41
beemhanoi1f1,timeout,,,timeout,,,timeout,,,timeout,,,timeout,,,timeout,,,timeout,,
beemkrebs3b1,timeout,,,timeout,,,timeout,,,timeout,,,timeout,,,timeout,,,timeout,,
beemkrebs3f1,timeout,,,timeout,,,timeout,,,timeout,,,timeout,,,timeout,,,timeout,,
beemkrebs4b1,timeout,,,timeout,,,timeout,,,timeout,,,timeout,,,timeout,,,timeout,,
beemlann2b1,timeout,,,timeout,,,timeout,,,timeout,,,timeout,,,timeout,,,timeout,,
beemlann2f1,UNSAT,36,15.362,UNSAT,37,16.954,UNSAT,31,7.3431,UNSAT,34,21.567,UNSAT,42,240.35,timeout,,,timeout,,
beemlann4b1,timeout,,,timeout,,,timeout,,,timeout,,,timeout,,,timeout,,,timeout,,
beemldelec1b1,timeout,,,timeout,,,timeout,,,timeout,,,timeout,,,timeout,,,timeout,,
beemldelec4b1,SAT,5,116.54,SAT,5,149.94,SAT,5,209.11,SAT,5,166.37,SAT,5,160.35,SAT,5,162.21,SAT,5,163.9
beemldfilt1f1,timeout,,,timeout,,,UNSAT,73,819.93,timeout,,,timeout,,,timeout,,,timeout,,
beemldfilt3b1,timeout,,,timeout,,,timeout,,,timeout,,,timeout,,,timeout,,,timeout,,
beemldfilt4b1,timeout,,,timeout,,,timeout,,,timeout,,,timeout,,,timeout,,,timeout,,
beemldfilt5b1,timeout,,,timeout,,,timeout,,,timeout,,,timeout,,,timeout,,,timeout,,
beemlifts2b1,timeout,,,timeout,,,timeout,,,timeout,,,timeout,,,timeout,,,timeout,,
beemlifts3b1,timeout,,,timeout,,,timeout,,,timeout,,,timeout,,,timeout,,,timeout,,
beemlifts8b1,SAT,6,131.13,SAT,6,84.495,SAT,6,152.33,SAT,6,70.996,SAT,6,62.464,SAT,6,62.486,SAT,6,62.096
beemlmprt1b1,UNSAT,15,67.997,UNSAT,17,88.719,UNSAT,16,92.452,UNSAT,20,199.95,UNSAT,22,423,timeout,,,timeout,,
beemlmprt5b1,timeout,,,timeout,,,timeout,,,timeout,,,timeout,,,timeout,,,timeout,,
beemlmprt5f1,UNSAT,23,8.2364,UNSAT,30,15.802,UNSAT,20,12.957,UNSAT,23,13.881,UNSAT,22,15.191,UNSAT,23,21.541,UNSAT,24,26.684
beemlmprt7b1,timeout,,,timeout,,,timeout,,,timeout,,,timeout,,,timeout,,,timeout,,
beemloyd2b1,SAT,7,5.7503,SAT,7,3.809,SAT,10,6.4216,SAT,8,13.832,SAT,8,74.671,SAT,8,9.4791,SAT,8,9.1293
beemloyd3b1,timeout,,,timeout,,,timeout,,,timeout,,,timeout,,,timeout,,,timeout,,
beemlptna5f1,UNSAT,28,38.557,UNSAT,22,66.871,UNSAT,31,140.14,UNSAT,22,118.26,UNSAT,23,121.71,UNSAT,22,126.56,UNSAT,22,106.1
beemmcs1f1,UNSAT,24,6.0153,UNSAT,18,5.9684,UNSAT,27,14.663,UNSAT,24,10.173,UNSAT,21,13.644,UNSAT,39,67.502,UNSAT,34,137.04
beemmcs3b1,timeout,,,timeout,,,timeout,,,timeout,,,timeout,,,timeout,,,timeout,,
beemmcs4b1,UNSAT,16,448.37,UNSAT,14,532.85,UNSAT,17,675.24,UNSAT,13,686.77,timeout,,,timeout,,,timeout,,
beemmsmie1b1,UNSAT,14,57.616,UNSAT,10,45.588,UNSAT,13,112.93,timeout,,,timeout,,,timeout,,,timeout,,
beemmsmie3b1,timeout,,,timeout,,,timeout,,,timeout,,,timeout,,,timeout,,,timeout,,
beemmsmie3f1,UNSAT,16,720.68,UNSAT,17,703.01,timeout,,,timeout,,,UNSAT,16,586.38,UNSAT,17,887.36,timeout,,
beemndhm2b2,timeout,,,timeout,,,timeout,,,timeout,,,timeout,,,timeout,,,timeout,,
beemndhm2f2,UNSAT,10,27.742,UNSAT,10,40.45,UNSAT,9,35.792,UNSAT,11,60.84,UNSAT,15,100.53,UNSAT,11,56.157,UNSAT,11,50.627
beemndhm3b2,timeout,,,timeout,,,timeout,,,timeout,,,timeout,,,timeout,,,timeout,,
beempgmprot1b1,UNSAT,17,39.073,UNSAT,15,63.701,UNSAT,17,105.34,UNSAT,21,127.26,UNSAT,17,135.09,UNSAT,17,165.4,UNSAT,17,176.92
beempgmprot1b2,timeout,,,timeout,,,timeout,,,timeout,,,timeout,,,timeout,,,timeout,,
beempgmprot7b1,UNSAT,15,544.6,UNSAT,15,889.42,UNSAT,15,169.94,UNSAT,15,527.68,UNSAT,15,449.66,timeout,,,UNSAT,15,620.71
beempgsol2b1,timeout,,,timeout,,,timeout,,,timeout,,,timeout,,,timeout,,,timeout,,
beempgsol5b1,SAT,4,29.384,SAT,4,213.69,SAT,4,121,SAT,4,94.258,SAT,4,93.227,SAT,4,93.628,SAT,4,93.971
beemplc1b2,timeout,,,timeout,,,timeout,,,timeout,,,timeout,,,timeout,,,timeout,,
beemprdcell2f1,SAT,21,110.83,SAT,35,507.13,SAT,21,557.69,timeout,,,SAT,29,660.24,timeout,,,timeout,,
beemprng1b1,SAT,4,2.613,SAT,4,3.8435,SAT,4,5.8003,SAT,4,4.4976,SAT,4,4.5445,SAT,4,4.4924,SAT,4,4.5149
beemptrsn1b1,UNSAT,19,78.22,UNSAT,21,116.18,UNSAT,19,122.41,UNSAT,18,118.07,UNSAT,19,127.22,UNSAT,21,493.15,timeout,,
beemptrsn4b1,timeout,,,timeout,,,timeout,,,timeout,,,timeout,,,timeout,,,timeout,,
beemptrsn7b1,timeout,,,timeout,,,timeout,,,timeout,,,timeout,,,timeout,,,timeout,,
beemptrsn7f1,timeout,,,timeout,,,timeout,,,timeout,,,timeout,,,timeout,,,timeout,,
beemrether3b1,timeout,,,timeout,,,timeout,,,timeout,,,timeout,,,timeout,,,timeout,,
beemrether4f1,timeout,,,timeout,,,timeout,,,timeout,,,timeout,,,timeout,,,timeout,,
beemrether6b1,SAT,10,10.491,SAT,10,9.103,SAT,10,86.113,SAT,14,379.27,SAT,10,26.13,SAT,10,15.562,SAT,10,6.1053
beemrshr2b1,SAT,11,459.84,timeout,,,timeout,,,timeout,,,timeout,,,timeout,,,timeout,,
beemrshr2f1,timeout,,,timeout,,,timeout,,,timeout,,,timeout,,,timeout,,,timeout,,
beemrshr3b1,timeout,,,timeout,,,timeout,,,timeout,,,timeout,,,timeout,,,timeout,,
beemskbn1f1,timeout,,,timeout,,,timeout,,,timeout,,,timeout,,,timeout,,,timeout,,
beemskbn2b1,timeout,,,timeout,,,timeout,,,timeout,,,timeout,,,timeout,,,timeout,,
beemskbn2f1,timeout,,,timeout,,,timeout,,,timeout,,,timeout,,,timeout,,,timeout,,
beemsnpse4f1,UNSAT,21,17.566,UNSAT,25,21.743,UNSAT,21,27.554,UNSAT,24,30.061,UNSAT,26,56.225,UNSAT,17,39.183,UNSAT,18,72.639
beemsnpse7b1,UNSAT,36,838.98,timeout,,,timeout,,,timeout,,,timeout,,,timeout,,,timeout,,
beemszmsk1b1,timeout,,,timeout,,,timeout,,,timeout,,,timeout,,,timeout,,,timeout,,
beemszmsk1f1,UNSAT,45,190.3,UNSAT,42,381.78,timeout,,,timeout,,,UNSAT,62,624.3,timeout,,,timeout,,
beemtlphn4b1,timeout,,,timeout,,,timeout,,,timeout,,,timeout,,,timeout,,,timeout,,
beemtlphn5f1,UNSAT,14,35.842,UNSAT,22,162.84,UNSAT,22,408.69,UNSAT,14,78.481,UNSAT,15,69.995,UNSAT,23,345.82,UNSAT,20,298.14
beemtrngt2b1,UNSAT,17,1.3699,UNSAT,25,10.192,UNSAT,19,4.7585,UNSAT,28,73.457,UNSAT,23,15.646,UNSAT,28,93.172,UNSAT,23,12.14
beemtrngt3f1,timeout,,,timeout,,,SAT,32,688.05,SAT,34,591.32,SAT,31,449.63,SAT,39,725.34,SAT,38,661.35
beemtrngt4b1,UNSAT,27,227.51,UNSAT,25,26.376,UNSAT,17,7.9004,UNSAT,26,309.35,UNSAT,26,560.25,UNSAT,23,29.983,UNSAT,27,153.28
beemtrngt5f1,timeout,,,timeout,,,timeout,,,timeout,,,timeout,,,timeout,,,timeout,,
bj08amba2g3f3,UNSAT,10,0.26118,UNSAT,11,0.49482,UNSAT,12,0.61546,UNSAT,12,0.83459,UNSAT,12,0.97081,UNSAT,12,1.2052,UNSAT,12,0.91979
bjrb07amba10andenv,UNSAT,9,321.17,UNSAT,14,711.2,timeout,,,timeout,,,timeout,,,timeout,,,timeout,,
bjrb07amba3andenv,UNSAT,10,2.6296,UNSAT,10,4.3901,UNSAT,11,6.4402,UNSAT,11,8.6333,UNSAT,11,11.815,UNSAT,11,10.453,UNSAT,11,4.8362
bjrb07amba4andenv,UNSAT,9,9.728,UNSAT,8,9.9418,UNSAT,9,15.964,UNSAT,8,22.395,UNSAT,8,21.454,UNSAT,8,7.3419,UNSAT,8,7.3531
bjrb07amba5andenv,UNSAT,9,16.267,UNSAT,9,19.868,UNSAT,9,39.377,UNSAT,9,61.428,UNSAT,9,70.666,UNSAT,9,20.261,UNSAT,9,18.769
bjrb07amba6andenv,UNSAT,9,52.068,UNSAT,9,62.227,UNSAT,9,113.51,UNSAT,9,209.77,UNSAT,9,242.3,UNSAT,9,56.864,UNSAT,9,57.056
bjrb07amba7andenv,UNSAT,11,33.049,UNSAT,14,62.985,UNSAT,13,74.362,UNSAT,13,145.86,UNSAT,13,261.74,UNSAT,13,367.23,UNSAT,13,223.39
bjrb07amba9andenv,UNSAT,11,155.26,UNSAT,9,162.81,UNSAT,9,243.95,UNSAT,9,507.23,timeout,,,timeout,,,UNSAT,11,243.57
bob05,UNSAT,18,37.316,UNSAT,24,42.301,timeout,,,UNSAT,22,117.61,UNSAT,20,289.06,UNSAT,22,172.04,UNSAT,18,74.465
bob12s01,timeout,,,timeout,,,timeout,,,timeout,,,timeout,,,timeout,,,timeout,,
bob12s02,timeout,,,timeout,,,timeout,,,timeout,,,timeout,,,timeout,,,timeout,,
bob12s03,timeout,,,timeout,,,timeout,,,timeout,,,timeout,,,timeout,,,timeout,,
bob12s04,timeout,,,timeout,,,timeout,,,timeout,,,timeout,,,timeout,,,timeout,,
bob12s05,timeout,,,timeout,,,timeout,,,timeout,,,timeout,,,timeout,,,timeout,,
bob12s06,timeout,,,timeout,,,timeout,,,timeout,,,timeout,,,timeout,,,timeout,,
bob12s07,timeout,,,timeout,,,timeout,,,timeout,,,timeout,,,timeout,,,timeout,,
bob12s08,timeout,,,timeout,,,timeout,,,timeout,,,timeout,,,timeout,,,timeout,,
bob12s09,timeout,,,timeout,,,timeout,,,timeout,,,timeout,,,timeout,,,timeout,,
bob12s10,timeout,,,timeout,,,timeout,,,timeout,,,timeout,,,timeout,,,timeout,,
bob1u05cu,UNSAT,16,53.471,UNSAT,16,56.204,timeout,,,UNSAT,22,214.29,UNSAT,33,400.94,timeout,,,UNSAT,19,253
bob3,UNSAT,25,5.4981,UNSAT,26,7.1532,UNSAT,27,12.036,UNSAT,25,9.8128,UNSAT,25,14.643,UNSAT,25,16.245,UNSAT,26,38.895
bob9234redmiter,timeout,,,timeout,,,timeout,,,timeout,,,timeout,,,timeout,,,timeout,,
bob9234spec4neg,SAT,553,13.734,SAT,703,35.623,SAT,608,26.54,SAT,675,34.908,SAT,575,30.466,SAT,585,34.577,SAT,553,35.865
bob9234spec5neg,SAT,302,31.91,SAT,319,491.96,SAT,318,406.29,SAT,321,502.42,SAT,293,202.61,SAT,300,623.39,SAT,304,298.97
bob9234spec6neg,SAT,289,51.7,SAT,309,316.31,SAT,292,276.89,SAT,334,352.4,SAT,296,196.09,SAT,277,318.26,SAT,285,334.92
bob9234spec7neg,SAT,287,4.89,SAT,330,8.3497,SAT,299,8.9275,SAT,336,12.049,SAT,278,9.6423,SAT,301,13.711,SAT,287,14.75
bobaesdinvdmit,UNSAT,20,223.04,UNSAT,20,249.3,UNSAT,20,409.71,timeout,,,timeout,,,timeout,,,timeout,,
bobcohdoptdcd4,UNSAT,20,74.329,UNSAT,16,48.517,UNSAT,18,120.08,UNSAT,18,103.28,UNSAT,18,115.7,UNSAT,18,117.31,UNSAT,17,105.18
boblivea,UNSAT,21,7.8179,UNSAT,22,7.1225,UNSAT,21,11.097,UNSAT,18,6.8714,UNSAT,21,9.4137,UNSAT,19,5.2812,UNSAT,19,4.9152
boblivear,UNSAT,18,38.533,UNSAT,20,30.836,UNSAT,25,36.778,UNSAT,20,49.231,UNSAT,21,67.817,UNSAT,18,17.912,UNSAT,20,19.068
bobmiterbm1or,SAT,1,0.005924,SAT,1,0.00762,SAT,1,0.009091,SAT,1,0.016263,SAT,1,0.0131,SAT,1,0.015084,SAT,1,0.019218
bobmitersynbm,timeout,,,timeout,,,timeout,,,timeout,,,timeout,,,timeout,,,timeout,,
bobpci215,SAT,8,1.4444,SAT,8,1.474,SAT,8,1.5427,SAT,8,1.5708,SAT,8,1.7519,SAT,8,1.7422,SAT,8,2.0249
bobpcihm,timeout,,,timeout,,,timeout,,,timeout,,,timeout,,,timeout,,,timeout,,
bobsm38584,timeout,,,timeout,,,timeout,,,timeout,,,timeout,,,timeout,,,timeout,,
bobsm5378d2,UNSAT,27,6.8982,UNSAT,31,8.3929,UNSAT,27,7.629,UNSAT,31,10.148,UNSAT,33,11.052,UNSAT,31,12.095,UNSAT,31,13.187
bobsm9234,timeout,,,timeout,,,timeout,,,timeout,,,timeout,,,timeout,,,timeout,,
bobsmcodic,timeout,,,timeout,,,timeout,,,timeout,,,timeout,,,timeout,,,timeout,,
bobsmdct,UNSAT,13,1.8372,UNSAT,13,1.3715,UNSAT,13,3.3236,UNSAT,13,3.9234,UNSAT,13,3.8341,UNSAT,13,11.604,UNSAT,13,18.568
bobsmfpu,timeout,,,timeout,,,timeout,,,timeout,,,timeout,,,timeout,,,timeout,,
bobsmhdlc1,timeout,,,timeout,,,timeout,,,timeout,,,timeout,,,timeout,,,timeout,,
bobsmhdlc2,timeout,,,timeout,,,timeout,,,timeout,,,timeout,,,timeout,,,timeout,,
bobsmhdlc3,timeout,,,timeout,,,timeout,,,timeout,,,timeout,,,timeout,,,timeout,,
bobsmhdlc,timeout,,,timeout,,,timeout,,,timeout,,,timeout,,,timeout,,,timeout,,
bobsmi2c,timeout,,,UNSAT,59,42.446,UNSAT,62,57.293,UNSAT,58,71.249,timeout,,,timeout,,,timeout,,
bobsmmem,timeout,,,timeout,,,timeout,,,timeout,,,timeout,,,timeout,,,timeout,,
bobsmminiuart,timeout,,,timeout,,,timeout,,,timeout,,,timeout,,,timeout,,,timeout,,
bobsmmips,timeout,,,timeout,,,timeout,,,timeout,,,timeout,,,timeout,,,timeout,,
bobsmnut1,UNSAT,86,29.096,UNSAT,86,182.09,UNSAT,86,109.82,UNSAT,86,117.38,UNSAT,86,189.06,UNSAT,86,403.5,UNSAT,86,279.82
bobsmnut2,UNSAT,64,1.6769,UNSAT,64,2.3073,UNSAT,64,3.0761,UNSAT,64,3.1836,UNSAT,64,3.645,UNSAT,64,4.7983,UNSAT,64,6.3327
bobsmoci,timeout,,,timeout,,,timeout,,,timeout,,,timeout,,,timeout,,,timeout,,
bobsmrisc,UNSAT,22,451.54,UNSAT,21,682.08,timeout,,,timeout,,,timeout,,,timeout,,,timeout,,
bobsmvhd3,timeout,,,timeout,,,timeout,,,timeout,,,timeout,,,timeout,,,timeout,,
bobsynth00neg,SAT,1,0.075504,SAT,1,0.095688,SAT,1,0.076818,SAT,1,0.090583,SAT,1,0.10251,SAT,1,0.12467,SAT,1,0.15109
bobsynth01neg,UNSAT,9,1.3606,UNSAT,7,1.3266,UNSAT,7,1.3876,UNSAT,7,1.3592,UNSAT,7,1.3258,UNSAT,7,1.5714,UNSAT,7,1.6776
bobsynth04neg,SAT,3,0.17838,SAT,3,0.17543,SAT,3,0.2402,SAT,3,0.20223,SAT,3,0.21213,SAT,3,0.24856,SAT,3,0.33858
bobsynth06neg,SAT,15,95.831,SAT,20,198.81,SAT,13,202.09,SAT,24,556.85,SAT,16,181.55,SAT,16,276.63,SAT,18,262.68
bobsynth07neg,SAT,14,65.819,SAT,17,139.17,SAT,14,32.28,SAT,14,60.585,SAT,13,34.487,SAT,17,48.455,SAT,18,98.477
bobsynth08neg,SAT,23,565.42,SAT,17,231.59,SAT,19,194.82,SAT,19,318.18,SAT,18,457.95,timeout,,,timeout,,
bobsynth09neg,UNSAT,6,1.0789,UNSAT,6,0.95716,UNSAT,6,1.0268,UNSAT,6,1.0398,UNSAT,6,1.0879,UNSAT,6,1.2124,UNSAT,6,1.3252
bobsynth11neg,SAT,11,13.968,SAT,14,20.463,SAT,14,18.381,SAT,14,23.397,SAT,14,23.131,SAT,14,31.112,SAT,14,41.975
bobsynth12neg,SAT,12,28.426,SAT,12,34.078,SAT,12,11.626,SAT,13,86.287,SAT,13,37.125,SAT,11,20.529,SAT,11,22.376
bobsynth13neg,SAT,16,68.466,SAT,17,76.681,SAT,17,76.943,SAT,17,108.46,SAT,15,75.173,SAT,15,72.569,SAT,13,22.459
bobsynthetic2,SAT,5,105.24,SAT,5,82.434,SAT,5,78.984,SAT,5,81.772,SAT,5,93.092,SAT,5,96.329,SAT,5,102.71
bobsynthetic,SAT,5,12.348,SAT,5,10.376,SAT,5,9.6793,SAT,5,10.014,SAT,5,11.555,SAT,5,11.758,SAT,5,11.94
bobtuint04neg,UNSAT,15,0.14279,UNSAT,14,0.1978,UNSAT,15,0.19995,UNSAT,15,0.22546,UNSAT,15,0.29502,UNSAT,15,0.33332,UNSAT,15,0.44546
bobtuint05neg,UNSAT,15,0.15255,UNSAT,14,0.18912,UNSAT,15,0.24891,UNSAT,15,0.29997,UNSAT,15,0.27843,UNSAT,15,0.35841,UNSAT,15,0.43348
bobtuint06,SAT,1,0.002549,SAT,1,0.004392,SAT,1,0.005642,SAT,1,0.006749,SAT,1,0.011679,SAT,1,0.021206,SAT,1,0.01473
bobtuint06neg,UNSAT,11,0.049006,UNSAT,11,0.031076,UNSAT,11,0.049023,UNSAT,11,0.045704,UNSAT,11,0.048383,UNSAT,11,0.072111,UNSAT,11,0.057115
bobtuint07neg,UNSAT,15,0.17812,UNSAT,15,0.17114,UNSAT,15,0.2535,UNSAT,15,0.2675,UNSAT,15,0.29173,UNSAT,15,0.41054,UNSAT,15,0.32618
bobtuint08neg,UNSAT,9,0.067795,UNSAT,9,0.062083,UNSAT,9,0.094956,UNSAT,9,0.11423,UNSAT,9,0.10432,UNSAT,9,0.10361,UNSAT,9,0.10016
bobtuint09neg,UNSAT,13,0.2157,UNSAT,14,0.36029,UNSAT,13,0.46484,UNSAT,15,0.95181,UNSAT,14,0.50809,UNSAT,14,0.48148,UNSAT,15,0.7636
bobtuint10neg,UNSAT,7,0.0354,UNSAT,8,0.034806,UNSAT,7,0.064979,UNSAT,7,0.033309,UNSAT,7,0.033765,UNSAT,7,0.076729,UNSAT,7,0.046385
bobtuint11neg,UNSAT,5,0.009068,UNSAT,5,0.008311,UNSAT,5,0.0189,UNSAT,5,0.011734,UNSAT,5,0.012573,UNSAT,5,0.028342,UNSAT,5,0.020889
bobtuint12neg,UNSAT,5,0.006419,UNSAT,5,0.007577,UNSAT,5,0.013459,UNSAT,5,0.011238,UNSAT,5,0.011419,UNSAT,5,0.036992,UNSAT,5,0.029301
bobtuint13neg,UNSAT,9,0.032037,UNSAT,8,0.043255,UNSAT,10,0.095098,UNSAT,10,0.078671,UNSAT,10,0.080819,UNSAT,10,0.10684,UNSAT,10,0.086587
bobtuint14neg,UNSAT,5,0.006653,UNSAT,5,0.00747,UNSAT,5,0.018158,UNSAT,5,0.010846,UNSAT,5,0.013542,UNSAT,5,0.019982,UNSAT,5,0.028598
bobtuint15neg,UNSAT,8,0.043653,UNSAT,9,0.04457,UNSAT,9,0.09349,UNSAT,9,0.06917,UNSAT,9,0.075133,UNSAT,9,0.075729,UNSAT,9,0.075065
bobtuint16neg,UNSAT,5,0.006137,UNSAT,5,0.009539,UNSAT,5,0.01789,UNSAT,5,0.009779,UNSAT,5,0.011686,UNSAT,5,0.017313,UNSAT,5,0.018302
bobtuint17neg,UNSAT,9,0.044326,UNSAT,8,0.035367,UNSAT,9,0.10191,UNSAT,9,0.064046,UNSAT,9,0.065185,UNSAT,9,0.096133,UNSAT,9,0.071357
bobtuint18neg,UNSAT,5,0.005124,UNSAT,5,0.010165,UNSAT,5,0.021432,UNSAT,5,0.015884,UNSAT,5,0.011317,UNSAT,5,0.042903,UNSAT,5,0.019616
bobtuint19neg,UNSAT,9,0.040074,UNSAT,10,0.051615,UNSAT,10,0.1026,UNSAT,10,0.096308,UNSAT,10,0.085509,UNSAT,10,0.12149,UNSAT,10,0.078625
bobtuint20neg,UNSAT,5,0.005573,UNSAT,5,0.010396,UNSAT,5,0.016087,UNSAT,5,0.0134,UNSAT,5,0.020599,UNSAT,5,0.017448,UNSAT,5,0.019011
bobtuint21neg,UNSAT,8,0.040268,UNSAT,8,0.036619,UNSAT,10,0.096871,UNSAT,10,0.090144,UNSAT,10,0.098204,UNSAT,10,0.11875,UNSAT,10,0.077195
bobtuint22neg,UNSAT,5,0.005141,UNSAT,5,0.008483,UNSAT,5,0.010892,UNSAT,5,0.012432,UNSAT,5,0.015338,UNSAT,5,0.016897,UNSAT,5,0.019805
bobtuint23neg,UNSAT,9,0.051859,UNSAT,8,0.047781,UNSAT,9,0.074389,UNSAT,9,0.075092,UNSAT,9,0.081455,UNSAT,9,0.093225,UNSAT,9,0.075062
bobtuint24neg,UNSAT,5,0.006928,UNSAT,5,0.009969,UNSAT,5,0.014879,UNSAT,5,0.01149,UNSAT,5,0.013531,UNSAT,5,0.01833,UNSAT,5,0.030803
bobtuint25neg,UNSAT,9,0.044724,UNSAT,10,0.039645,UNSAT,9,0.074651,UNSAT,9,0.077069,UNSAT,9,0.069789,UNSAT,9,0.071119,UNSAT,9,0.087919
bobtuint26neg,UNSAT,13,0.077772,UNSAT,12,0.070492,UNSAT,12,0.16761,UNSAT,12,0.20051,UNSAT,11,0.19027,UNSAT,13,0.23349,UNSAT,13,0.2244
bobtuint27neg,UNSAT,26,4.7285,UNSAT,22,6.8457,UNSAT,20,7.2228,UNSAT,20,6.4473,UNSAT,20,8.7298,UNSAT,20,8.7801,UNSAT,20,9.2576
bobtuint28neg,UNSAT,12,0.015743,UNSAT,12,0.039701,UNSAT,10,0.031679,UNSAT,12,0.028075,UNSAT,12,0.034388,UNSAT,12,0.04344,UNSAT,12,0.082788
bobtuint29neg,UNSAT,5,0.016092,UNSAT,5,0.023153,UNSAT,5,0.034919,UNSAT,5,0.017952,UNSAT,5,0.023124,UNSAT,5,0.031571,UNSAT,5,0.043591
bobtuint30neg,UNSAT,12,0.031724,UNSAT,12,0.029247,UNSAT,12,0.041694,UNSAT,12,0.036687,UNSAT,12,0.074455,UNSAT,12,0.085355,UNSAT,12,0.067986
bobtuint31neg,UNSAT,29,1.1428,UNSAT,28,1.1224,UNSAT,27,1.296,UNSAT,26,1.0535,UNSAT,23,1.2005,UNSAT,26,1.6707,UNSAT,26,1.8701
bobtuintorneg,UNSAT,3,0.009371,UNSAT,3,0.003816,UNSAT,3,0.004167,UNSAT,3,0.004421,UNSAT,3,0.004977,UNSAT,3,0.007018,UNSAT,3,0.008437
bobtutt,SAT,3,0.34531,SAT,3,0.6951,SAT,3,0.45147,SAT,3,0.43943,SAT,3,0.50586,SAT,3,0.60464,SAT,3,0.71089
bobtuttt,timeout,,,timeout,,,timeout,,,timeout,,,timeout,,,timeout,,,timeout,,
cmudme1,timeout,,,timeout,,,timeout,,,timeout,,,timeout,,,timeout,,,timeout,,
cmudme2,timeout,,,timeout,,,timeout,,,timeout,,,timeout,,,timeout,,,timeout,,
csmacdp0,SAT,6,10.737,timeout,,,SAT,7,22.747,SAT,7,25.181,SAT,7,25.106,SAT,7,24.524,SAT,7,26.232
csmacdp0neg,SAT,7,227.86,SAT,8,876.25,SAT,7,16.138,SAT,7,25.294,SAT,7,25.161,SAT,7,24.519,SAT,7,26.21
csmacdp2,SAT,7,58.825,SAT,8,72.245,SAT,7,60.81,SAT,7,110.61,SAT,7,108.19,SAT,7,102.68,SAT,7,110.3
csmacdp2neg,SAT,7,28.938,SAT,7,10.48,SAT,7,97.218,SAT,8,148.05,SAT,8,193.79,SAT,8,148.69,SAT,8,153
eijkbs1512,UNSAT,178,69.525,UNSAT,186,124.62,UNSAT,198,134.47,UNSAT,200,215.13,UNSAT,189,296,UNSAT,174,364.29,timeout,,
eijkbs3271,timeout,,,timeout,,,timeout,,,timeout,,,timeout,,,timeout,,,timeout,,
eijkbs3330,UNSAT,8,12.649,UNSAT,8,14.078,UNSAT,8,16.002,UNSAT,8,17.736,UNSAT,8,17.054,UNSAT,8,15.315,UNSAT,8,15.614
eijkbs3384,timeout,,,timeout,,,timeout,,,timeout,,,timeout,,,timeout,,,timeout,,
eijkbs4863,UNSAT,6,2.8334,UNSAT,6,3.96,UNSAT,6,3.5604,UNSAT,6,4.1535,UNSAT,6,3.1759,UNSAT,6,3.2811,UNSAT,6,3.614
eijkbs6669,timeout,,,timeout,,,timeout,,,timeout,,,timeout,,,timeout,,,timeout,,
eijks1423,timeout,,,timeout,,,timeout,,,timeout,,,timeout,,,timeout,,,timeout,,
eijks208,UNSAT,30,0.050598,UNSAT,30,0.056072,UNSAT,31,0.071387,UNSAT,30,0.066727,UNSAT,30,0.072017,UNSAT,30,0.083269,UNSAT,30,0.12637
eijks208c,UNSAT,31,0.06955,UNSAT,31,0.06679,UNSAT,32,0.097107,UNSAT,31,0.083213,UNSAT,31,0.12603,UNSAT,31,0.1638,UNSAT,31,0.11915
eijks208o,UNSAT,10,0.009881,UNSAT,10,0.007173,UNSAT,10,0.013897,UNSAT,10,0.009855,UNSAT,10,0.009537,UNSAT,10,0.019622,UNSAT,10,0.00812
eijks382,UNSAT,60,10.886,UNSAT,68,13.568,UNSAT,59,85.183,UNSAT,66,19.87,UNSAT,59,22.318,UNSAT,66,27.618,UNSAT,72,56.604
eijks420,UNSAT,943,247.89,UNSAT,815,214.59,UNSAT,945,314.83,UNSAT,847,277.79,UNSAT,852,379.14,UNSAT,857,347.64,UNSAT,847,384.33
eijks444,UNSAT,58,25.5,UNSAT,68,59.742,UNSAT,59,71.198,UNSAT,66,36.4,UNSAT,71,290.9,UNSAT,65,40.154,UNSAT,75,101.63
eijks526,UNSAT,63,179.05,UNSAT,57,431.51,UNSAT,71,167.49,UNSAT,64,439.57,UNSAT,67,156.41,UNSAT,65,505.23,UNSAT,65,495.01
eijks5378,UNSAT,30,67.355,UNSAT,32,74.35,UNSAT,30,74.064,UNSAT,28,70.855,UNSAT,28,75.649,UNSAT,32,87.202,UNSAT,32,97.214
eijks641,UNSAT,6,0.016284,UNSAT,6,0.039827,UNSAT,6,0.055365,UNSAT,6,0.024013,UNSAT,6,0.022269,UNSAT,6,0.049854,UNSAT,6,0.02978
eijks713,UNSAT,6,0.01654,UNSAT,6,0.035075,UNSAT,6,0.025883,UNSAT,6,0.024972,UNSAT,6,0.038812,UNSAT,6,0.036101,UNSAT,6,0.029973
eijks838,timeout,,,timeout,,,timeout,,,timeout,,,timeout,,,timeout,,,timeout,,
irstdme4,SAT,26,5.1687,SAT,29,15.963,SAT,26,6.3139,SAT,35,27.171,SAT,27,35.492,SAT,24,14.813,SAT,33,204.05
irstdme5,SAT,27,8.4364,SAT,25,2.3468,timeout,,,timeout,,,SAT,35,13.143,SAT,39,495.78,SAT,26,38.957
irstdme6,SAT,29,10.262,SAT,28,4.207,SAT,37,330.02,SAT,29,216.08,SAT,28,15.725,SAT,37,843.87,SAT,28,159.9
kenflashp05,UNSAT,3,0.030501,UNSAT,3,0.018628,UNSAT,3,0.023784,UNSAT,3,0.018717,UNSAT,3,0.041244,UNSAT,3,0.032339,UNSAT,3,0.06681
kenflashp11,UNSAT,3,0.026972,UNSAT,3,0.02175,UNSAT,3,0.030661,UNSAT,3,0.025936,UNSAT,3,0.044835,UNSAT,3,0.058552,UNSAT,3,0.053626
mentorbm1and,SAT,11,661.47,SAT,12,535.48,timeout,,,timeout,,,SAT,12,835.97,SAT,12,613.74,SAT,12,823.05
mentorbm1p00,UNSAT,8,5.6959,UNSAT,10,5.051,UNSAT,10,5.1214,UNSAT,10,5.1241,UNSAT,10,5.2535,UNSAT,10,5.7297,UNSAT,10,5.9979
mentorbm1p01,UNSAT,9,6.5178,UNSAT,13,75.722,UNSAT,10,12.392,UNSAT,36,122.26,UNSAT,25,230.87,timeout,,,UNSAT,38,131.51
mentorbm1p04,UNSAT,6,1.9054,UNSAT,6,1.8009,UNSAT,6,1.8753,UNSAT,6,1.8789,UNSAT,6,1.8027,UNSAT,6,2.0598,UNSAT,6,2.1422
mentorbm1p05,UNSAT,36,121.22,UNSAT,18,67.119,UNSAT,16,95.869,UNSAT,17,105.68,UNSAT,18,93.219,UNSAT,21,219.21,timeout,,
mentorbm1p07,timeout,,,timeout,,,timeout,,,timeout,,,timeout,,,timeout,,,timeout,,
mentorbm1p08,UNSAT,13,9.0153,UNSAT,13,16.438,UNSAT,14,13.897,UNSAT,15,60.339,UNSAT,15,29.476,UNSAT,12,26.046,UNSAT,12,24.565
mentorbm1p10,timeout,,,timeout,,,timeout,,,timeout,,,timeout,,,timeout,,,timeout,,
mentorbm1p11,timeout,,,timeout,,,timeout,,,timeout,,,SAT,15,729.3,timeout,,,timeout,,
mentorbm1p12,SAT,11,516.67,SAT,11,362.43,timeout,,,timeout,,,SAT,12,598.97,SAT,12,583.06,SAT,12,246.64
neclabakery001,UNSAT,65,4.8588,UNSAT,77,12.244,UNSAT,64,12.348,UNSAT,61,15.814,UNSAT,67,20.651,UNSAT,81,34.971,UNSAT,84,56.518
neclaftp1001,timeout,,,timeout,,,timeout,,,timeout,,,timeout,,,timeout,,,timeout,,
neclaftp1002,timeout,,,timeout,,,timeout,,,timeout,,,timeout,,,timeout,,,timeout,,
neclaftp2001,UNSAT,39,476.91,UNSAT,31,651.36,timeout,,,timeout,,,timeout,,,timeout,,,timeout,,
neclaftp2002,timeout,,,timeout,,,timeout,,,timeout,,,timeout,,,timeout,,,timeout,,
neclaftp3001,SAT,8,1.8304,SAT,5,1.5605,SAT,5,1.7076,SAT,5,1.3075,SAT,5,1.4867,SAT,5,1.585,SAT,5,1.7244
neclaftp3002,SAT,7,1.3329,SAT,7,2.1338,SAT,7,3.7556,SAT,7,3.919,SAT,7,3.8211,SAT,7,1.72,SAT,7,1.9208
nusmvbrp,UNSAT,24,1.0514,UNSAT,22,1.444,UNSAT,19,1.4033,UNSAT,22,2.2171,UNSAT,25,3.1315,UNSAT,22,3.6085,UNSAT,22,5.102
nusmvdme116,timeout,,,timeout,,,timeout,,,timeout,,,timeout,,,timeout,,,timeout,,
nusmvdme216,timeout,,,timeout,,,timeout,,,timeout,,,timeout,,,timeout,,,timeout,,
nusmvguidancep2,UNSAT,18,2.8517,UNSAT,19,3.0025,UNSAT,17,3.4203,UNSAT,22,8.1726,UNSAT,19,5.4846,UNSAT,21,8.333,UNSAT,21,7.6985
nusmvguidancep4,UNSAT,4,0.019374,UNSAT,4,0.009034,UNSAT,4,0.025789,UNSAT,4,0.009042,UNSAT,4,0.010807,UNSAT,4,0.013659,UNSAT,4,0.014625
nusmvguidancep5,UNSAT,17,3.8787,UNSAT,20,4.1231,UNSAT,15,6.3982,UNSAT,18,8.3269,UNSAT,18,5.807,UNSAT,18,7.1875,UNSAT,17,6.0007
nusmvguidancep6,UNSAT,12,1.2329,UNSAT,12,1.6806,UNSAT,14,2.7648,UNSAT,9,1.0854,UNSAT,12,2.0628,UNSAT,15,3.201,UNSAT,15,2.9056
nusmvguidancep7,UNSAT,21,7.1311,UNSAT,21,8.6027,UNSAT,20,14.156,UNSAT,21,11.034,UNSAT,21,12.166,UNSAT,23,20.687,UNSAT,24,14.303
nusmvguidancep8,UNSAT,22,4.4084,UNSAT,23,4.6833,UNSAT,19,4.6079,UNSAT,22,6.4576,UNSAT,18,3.7548,UNSAT,18,5.7767,UNSAT,20,6.0395
nusmvguidancep9,UNSAT,29,7.5081,UNSAT,20,2.8971,UNSAT,22,10.095,UNSAT,22,11.268,UNSAT,19,8.2925,UNSAT,22,13.773,UNSAT,23,15.02
nusmvqueue,timeout,,,timeout,,,timeout,,,timeout,,,timeout,,,timeout,,,timeout,,
nusmvreactorp2,UNSAT,167,301.32,timeout,,,timeout,,,timeout,,,timeout,,,timeout,,,timeout,,
nusmvreactorp6,timeout,,,timeout,,,UNSAT,112,865,timeout,,,timeout,,,timeout,,,timeout,,
nusmvtcasp5,SAT,25,13.99,SAT,25,25.796,SAT,25,21.166,SAT,25,29.675,SAT,25,20.26,SAT,25,74.561,SAT,25,75.284
nusmvtcastp5,SAT,25,9.0115,SAT,25,14.384,SAT,25,11.825,SAT,25,26.261,SAT,25,26.333,SAT,25,34.937,SAT,21,12.525
oski1rub00i,timeout,,,timeout,,,timeout,,,timeout,,,timeout,,,timeout,,,timeout,,
oski1rub01i,timeout,,,timeout,,,timeout,,,timeout,,,timeout,,,timeout,,,timeout,,
oski1rub02i,timeout,,,timeout,,,timeout,,,timeout,,,timeout,,,timeout,,,timeout,,
oski1rub03i,timeout,,,timeout,,,timeout,,,timeout,,,timeout,,,timeout,,,timeout,,
oski1rub04i,timeout,,,timeout,,,timeout,,,timeout,,,timeout,,,timeout,,,timeout,,
oski1rub05i,UNSAT,3,0.21347,UNSAT,3,0.30182,UNSAT,3,0.40741,UNSAT,3,0.40649,UNSAT,3,0.46803,UNSAT,3,0.64123,UNSAT,3,0.76313
oski1rub07i,UNSAT,6,411.97,UNSAT,6,350.02,UNSAT,6,394.13,UNSAT,6,310.86,UNSAT,6,429.48,UNSAT,6,415.71,UNSAT,6,430.27
oski1rub08i,timeout,,,timeout,,,timeout,,,timeout,,,timeout,,,timeout,,,timeout,,
oski1rub09i,timeout,,,timeout,,,timeout,,,timeout,,,timeout,,,timeout,,,timeout,,
oski1rub10i,timeout,,,timeout,,,timeout,,,timeout,,,timeout,,,timeout,,,timeout,,
oski2ub0i,timeout,,,timeout,,,timeout,,,timeout,,,timeout,,,timeout,,,timeout,,
oski2ub1i,timeout,,,timeout,,,timeout,,,timeout,,,timeout,,,timeout,,,timeout,,
oski2ub2i,timeout,,,timeout,,,timeout,,,timeout,,,timeout,,,timeout,,,timeout,,
oski2ub3i,timeout,,,timeout,,,timeout,,,timeout,,,timeout,,,timeout,,,timeout,,
oski2ub4i,timeout,,,timeout,,,timeout,,,timeout,,,timeout,,,timeout,,,timeout,,
oski2ub5i,timeout,,,timeout,,,timeout,,,timeout,,,timeout,,,timeout,,,timeout,,
oski3ub0i,timeout,,,timeout,,,timeout,,,timeout,,,timeout,,,timeout,,,timeout,,
oski3ub1i,SAT,13,318.61,SAT,13,108.85,SAT,14,59.368,SAT,14,191.33,SAT,13,278.59,SAT,13,408.41,SAT,13,389.1
oski3ub2i,UNSAT,8,3.8231,UNSAT,8,4.833,UNSAT,8,4.9936,UNSAT,8,4.7953,UNSAT,8,4.4537,UNSAT,8,4.5817,UNSAT,8,4.7354
oski3ub3i,SAT,13,410.1,SAT,13,105.08,SAT,14,74.854,SAT,14,147.61,SAT,14,343.77,SAT,13,374.6,SAT,13,375.26
oski3ub4i,SAT,13,596.9,SAT,13,121.11,SAT,13,163.7,SAT,13,216.9,SAT,14,462.52,SAT,13,545.58,SAT,13,531.2
oski3ub5i,SAT,13,837.36,SAT,13,100.34,SAT,13,173.42,SAT,14,261.71,SAT,14,558.21,SAT,13,681.92,SAT,13,664.41
oski4ui,timeout,,,timeout,,,timeout,,,timeout,,,timeout,,,timeout,,,timeout,,
oski5ui,timeout,,,timeout,,,timeout,,,timeout,,,timeout,,,timeout,,,timeout,,
pdtfifo1to0,timeout,,,timeout,,,timeout,,,timeout,,,timeout,,,timeout,,,timeout,,
pdtpmsam2901,UNSAT,4,0.93131,UNSAT,4,0.96965,UNSAT,4,1.0091,UNSAT,4,1.0157,UNSAT,4,1.0145,UNSAT,4,1.0978,UNSAT,4,1.1488
pdtpmsbufferalloc,timeout,,,timeout,,,timeout,,,timeout,,,timeout,,,timeout,,,timeout,,
pdtpmscoherence,UNSAT,15,20.088,UNSAT,19,43.263,UNSAT,17,44.049,UNSAT,15,48.463,UNSAT,15,58.351,UNSAT,15,54.15,UNSAT,15,50.072
pdtpmseisenberg,timeout,,,timeout,,,timeout,,,timeout,,,timeout,,,timeout,,,timeout,,
pdtpmsfpmult,UNSAT,7,0.69852,UNSAT,7,0.80432,UNSAT,7,0.92856,UNSAT,7,1.0746,UNSAT,7,0.89733,UNSAT,7,0.94134,UNSAT,7,1.1468
pdtpmsgigamax,UNSAT,7,0.28683,UNSAT,6,0.3626,UNSAT,6,0.3844,UNSAT,6,0.46783,UNSAT,6,0.37127,UNSAT,6,0.39365,UNSAT,6,0.41988
pdtpmsgoodbakery,timeout,,,timeout,,,timeout,,,timeout,,,timeout,,,timeout,,,timeout,,
pdtpmsheap,UNSAT,24,3.065,UNSAT,25,5.8499,UNSAT,25,6.5704,UNSAT,25,7.2668,UNSAT,24,8.9224,UNSAT,24,15.345,UNSAT,24,27.334
pdtpmsmiim,UNSAT,45,1.2767,UNSAT,51,2.256,UNSAT,48,2.7302,UNSAT,45,3.3744,UNSAT,49,3.6619,UNSAT,50,5.6433,UNSAT,38,6.2265
pdtpmsns2,UNSAT,16,45.875,UNSAT,19,50.459,UNSAT,16,37.117,UNSAT,18,44.942,UNSAT,17,48.961,UNSAT,17,67.903,UNSAT,17,74.023
pdtpmsns3,timeout,,,timeout,,,timeout,,,timeout,,,timeout,,,timeout,,,timeout,,
pdtpmspalu,UNSAT,10,13.457,UNSAT,10,7.9873,UNSAT,10,44.839,timeout,,,timeout,,,timeout,,,UNSAT,9,22.798
pdtpmsretherrtf,timeout,,,timeout,,,UNSAT,47,57.168,UNSAT,48,75.957,timeout,,,timeout,,,timeout,,
pdtpmsrethersqo,UNSAT,47,17.551,timeout,,,timeout,,,timeout,,,timeout,,,timeout,,,timeout,,
pdtpmssfeistel,UNSAT,22,330.88,UNSAT,22,424.96,UNSAT,21,575.14,UNSAT,22,631.67,UNSAT,25,766.11,timeout,,,timeout,,
pdtpmstimeout,timeout,,,timeout,,,timeout,,,timeout,,,timeout,,,timeout,,,timeout,,
pdtpmstwo,UNSAT,5,0.036704,UNSAT,5,0.038501,UNSAT,5,0.048019,UNSAT,5,0.043893,UNSAT,5,0.04718,UNSAT,5,0.098838,UNSAT,5,0.10363
pdtpmsudc12,timeout,,,timeout,,,timeout,,,timeout,,,timeout,,,timeout,,,timeout,,
pdtpmsudc16,timeout,,,timeout,,,timeout,,,timeout,,,timeout,,,timeout,,,timeout,,
pdtpmsudc8,timeout,,,timeout,,,timeout,,,timeout,,,timeout,,,timeout,,,timeout,,
pdtpmsviper,UNSAT,9,361.72,UNSAT,9,295.33,timeout,,,timeout,,,timeout,,,timeout,,,UNSAT,10,338.72
pdtpmsvsa16a,UNSAT,11,14.855,UNSAT,11,15.221,UNSAT,11,16.102,UNSAT,11,16.838,UNSAT,11,16.993,UNSAT,11,17.252,UNSAT,11,18.5
pdtpmsvsar,UNSAT,13,11.428,UNSAT,13,13.68,UNSAT,12,16.015,UNSAT,12,16.259,UNSAT,12,12.978,UNSAT,12,13.208,UNSAT,12,13.153
pdtswvibs8x8p0,SAT,11,0.12468,SAT,13,0.18095,SAT,12,0.20626,SAT,11,0.21271,SAT,11,0.26544,SAT,11,0.32331,SAT,11,0.25143
pdtswvibs8x8p1,UNSAT,64,38.944,UNSAT,40,42.654,UNSAT,60,73.162,UNSAT,55,44.752,UNSAT,37,50.252,UNSAT,37,65.775,UNSAT,36,71.057
pdtswvqis10x6p0,SAT,33,2.7001,SAT,53,16.197,SAT,31,5.2939,SAT,63,21.055,SAT,33,13.344,SAT,33,17.579,SAT,33,38.316
pdtswvqis10x6p1,UNSAT,99,129.15,UNSAT,117,296.68,UNSAT,109,525.75,UNSAT,91,648.82,timeout,,,UNSAT,130,832.31,timeout,,
pdtswvqis10x6p2,timeout,,,timeout,,,timeout,,,timeout,,,timeout,,,timeout,,,timeout,,
pdtswvqis8x8p0,SAT,29,1.2809,SAT,29,4.5637,SAT,27,5.225,SAT,27,8.3919,SAT,31,19.69,SAT,27,12.271,SAT,27,22.751
pdtswvqis8x8p1,UNSAT,94,48.973,UNSAT,94,86.736,UNSAT,87,138.38,UNSAT,96,297.56,UNSAT,96,372.87,UNSAT,78,531.18,UNSAT,93,428.44
pdtswvqis8x8p2,timeout,,,timeout,,,timeout,,,timeout,,,timeout,,,timeout,,,timeout,,
pdtswvrod6x8p1,timeout,,,timeout,,,UNSAT,59,183.12,timeout,,,UNSAT,48,194.53,timeout,,,timeout,,
pdtswvrod6x8p2,timeout,,,timeout,,,timeout,,,timeout,,,timeout,,,timeout,,,timeout,,
pdtswvroz10x6p1,UNSAT,68,5.3186,UNSAT,65,16.681,UNSAT,66,12.915,UNSAT,64,12.658,UNSAT,60,45.244,UNSAT,46,42.068,UNSAT,51,41.385
pdtswvroz10x6p2,UNSAT,102,27.615,UNSAT,87,37.065,UNSAT,119,105.44,UNSAT,101,83.159,UNSAT,98,99.33,UNSAT,101,212,UNSAT,103,314.56
pdtswvroz8x8p1,UNSAT,70,4.8934,UNSAT,58,10.258,UNSAT,46,9.6079,UNSAT,56,13.394,UNSAT,70,20.964,UNSAT,65,27.731,UNSAT,61,26.208
pdtswvroz8x8p2,UNSAT,88,22.323,UNSAT,84,37.648,UNSAT,86,49.804,UNSAT,92,93.132,UNSAT,87,98.194,UNSAT,84,168,UNSAT,106,222.2
pdtswvsam4x8p4,timeout,,,timeout,,,timeout,,,timeout,,,timeout,,,timeout,,,timeout,,
pdtswvsam6x8p0,SAT,18,2.1912,SAT,20,4.6138,SAT,16,4.1664,SAT,18,6.0429,SAT,18,16.194,SAT,12,2.2314,SAT,12,1.8982
pdtswvsam6x8p1,UNSAT,15,0.43411,UNSAT,15,0.59914,UNSAT,11,0.80866,UNSAT,15,1.2636,UNSAT,13,1.2396,UNSAT,13,1.2646,UNSAT,13,1.2718
pdtswvsam6x8p2,UNSAT,17,0.32508,UNSAT,15,0.52909,UNSAT,15,0.63174,UNSAT,18,0.74622,UNSAT,19,1.356,UNSAT,16,1.6836,UNSAT,16,1.3648
pdtswvsam6x8p3,UNSAT,39,113.04,UNSAT,42,184.93,UNSAT,40,172.53,UNSAT,37,143.88,timeout,,,UNSAT,48,736.32,UNSAT,42,600.2
pdtswvsam6x8p4,timeout,,,timeout,,,timeout,,,timeout,,,timeout,,,timeout,,,timeout,,
pdtswvtma6x4p2,UNSAT,58,65.693,UNSAT,50,118.19,UNSAT,50,187.18,UNSAT,50,248.88,UNSAT,54,328.83,UNSAT,47,312.32,UNSAT,51,416.86
pdtswvtma6x4p3,UNSAT,62,549.26,UNSAT,59,827.28,timeout,,,timeout,,,timeout,,,timeout,,,timeout,,
pdtswvtma6x6p1,UNSAT,54,90.618,UNSAT,51,161.68,UNSAT,48,249.8,UNSAT,48,261.64,UNSAT,50,352.7,UNSAT,49,422.59,UNSAT,52,492.31
pdtswvtma6x6p2,UNSAT,60,678.3,UNSAT,57,863.92,timeout,,,timeout,,,timeout,,,timeout,,,timeout,,
pdtswvtma6x6p3,timeout,,,timeout,,,timeout,,,timeout,,,timeout,,,timeout,,,timeout,,
pdtswvtms10x8p1,UNSAT,19,21.216,UNSAT,16,41.807,UNSAT,13,46.936,UNSAT,21,47.67,UNSAT,21,34.298,UNSAT,22,28.622,UNSAT,22,26.259
pdtswvtms12x8p1,UNSAT,25,36.612,UNSAT,23,39.957,UNSAT,16,59.512,UNSAT,24,59.022,UNSAT,24,63.979,UNSAT,24,55.112,UNSAT,24,49.946
pdtswvtms14x8p1,UNSAT,29,45.45,UNSAT,30,70.163,UNSAT,21,56.639,UNSAT,30,102.38,UNSAT,25,55.871,UNSAT,27,53.548,UNSAT,27,46.402
pdtvisbakery0,UNSAT,28,9.2631,UNSAT,30,18.577,UNSAT,32,25.838,UNSAT,29,30.836,UNSAT,31,49.727,UNSAT,30,78.429,UNSAT,32,127.23
pdtvisbakery1,UNSAT,30,8.1751,UNSAT,31,21.146,UNSAT,32,28.667,UNSAT,31,34.057,UNSAT,31,53.728,UNSAT,30,72.522,UNSAT,32,111.38
pdtvisbakery2,UNSAT,32,9.7518,UNSAT,31,19.606,UNSAT,30,33.256,UNSAT,27,30.7,UNSAT,33,51.795,UNSAT,31,90.823,UNSAT,31,108.95
pdtvisbufferalloc,timeout,,,timeout,,,timeout,,,timeout,,,timeout,,,timeout,,,timeout,,
pdtviscoherence4,UNSAT,9,0.33176,UNSAT,10,0.95946,UNSAT,11,0.76897,UNSAT,11,1.041,UNSAT,11,1.0368,UNSAT,11,0.90351,UNSAT,11,0.88727
pdtviscoherence5,UNSAT,10,0.45385,UNSAT,11,0.64097,UNSAT,11,0.86894,UNSAT,10,0.81865,UNSAT,10,0.88608,UNSAT,10,0.67915,UNSAT,10,0.40423
pdtviseisenberg0,UNSAT,18,4.03,UNSAT,26,22.192,UNSAT,13,1.1962,UNSAT,23,8.1772,UNSAT,12,0.74475,UNSAT,16,2.5412,UNSAT,16,2.7281
pdtviseisenberg1,UNSAT,14,0.56652,UNSAT,14,1.6795,UNSAT,17,1.9656,UNSAT,18,2.5099,UNSAT,18,3.6951,UNSAT,18,5.4994,UNSAT,18,9.5564
pdtviseisenberg2,UNSAT,17,0.57311,UNSAT,16,2.8646,UNSAT,12,1.6085,UNSAT,14,1.5744,UNSAT,18,3.3202,UNSAT,14,1.9151,UNSAT,14,1.6119
pdtvisgigamax0,UNSAT,5,0.020028,UNSAT,5,0.032075,UNSAT,5,0.045119,UNSAT,5,0.040935,UNSAT,5,0.046623,UNSAT,5,0.023225,UNSAT,5,0.022429
pdtvisgigamax1,UNSAT,5,0.036935,UNSAT,5,0.061944,UNSAT,5,0.029943,UNSAT,5,0.038971,UNSAT,5,0.033505,UNSAT,5,0.047442,UNSAT,5,0.052048
pdtvisgigamax2,UNSAT,5,0.025828,UNSAT,5,0.053028,UNSAT,5,0.027707,UNSAT,5,0.026408,UNSAT,5,0.025262,UNSAT,5,0.032073,UNSAT,5,0.034578
pdtvisgoodbakery0,UNSAT,28,10.649,UNSAT,34,17.294,UNSAT,32,23.398,UNSAT,32,31.553,UNSAT,33,65.411,UNSAT,36,127.7,UNSAT,32,110.98
pdtvisgoodbakery1,UNSAT,34,12.505,UNSAT,29,21.967,UNSAT,32,30.497,UNSAT,32,37.577,UNSAT,26,32.814,UNSAT,34,84.072,UNSAT,34,107.22
pdtvisgoodbakery2,UNSAT,34,8.0825,UNSAT,32,16.57,UNSAT,29,26.579,UNSAT,32,35.318,UNSAT,30,50.15,UNSAT,32,70.263,UNSAT,31,112.99
pdtvisns2p0,UNSAT,12,1.2555,UNSAT,13,2.1412,UNSAT,15,3.4177,UNSAT,12,3.0718,UNSAT,12,3.1424,UNSAT,12,4.0642,UNSAT,12,2.5304
pdtvisns2p1,UNSAT,10,1.0764,UNSAT,13,1.8516,UNSAT,13,4.0673,UNSAT,15,3.9334,UNSAT,13,4.0964,UNSAT,13,7.3237,UNSAT,13,10.123
pdtvisns2p2,UNSAT,13,0.40239,UNSAT,11,0.53752,UNSAT,11,0.61201,UNSAT,14,1.4565,UNSAT,14,1.8423,UNSAT,14,3.3324,UNSAT,14,3.7611
pdtvisns3p00,UNSAT,16,13.204,UNSAT,16,14.173,UNSAT,12,8.5625,UNSAT,10,7.4955,UNSAT,14,20.684,UNSAT,17,64.154,UNSAT,13,62.63
pdtvisns3p01,UNSAT,14,6.8688,UNSAT,15,8.6404,UNSAT,12,9.0956,UNSAT,10,6.9043,UNSAT,12,8.7641,UNSAT,12,14.763,UNSAT,12,12.892
pdtvisns3p02,UNSAT,16,5.2527,UNSAT,13,20.262,UNSAT,11,6.894,UNSAT,12,8.0699,UNSAT,11,8.366,UNSAT,11,9.1878,UNSAT,11,5.4513
pdtvisns3p03,UNSAT,14,5.6434,UNSAT,12,6.2977,UNSAT,11,5.3977,UNSAT,12,7.8132,UNSAT,14,11.312,UNSAT,15,36.262,UNSAT,15,85.873
pdtvisns3p04,UNSAT,14,4.9906,UNSAT,13,17.327,UNSAT,13,7.2338,UNSAT,14,9.498,UNSAT,14,11.919,UNSAT,14,21.461,UNSAT,14,134.71
pdtvisns3p05,UNSAT,21,7.4362,UNSAT,15,7.8306,UNSAT,15,9.6635,UNSAT,13,7.6951,UNSAT,18,24.493,UNSAT,12,18.359,UNSAT,12,14.084
pdtvisns3p06,UNSAT,14,17.471,UNSAT,16,15.485,UNSAT,18,16.865,UNSAT,14,21.846,UNSAT,16,31.13,UNSAT,16,65.266,UNSAT,16,201.5
pdtvisns3p07,UNSAT,12,3.7192,UNSAT,14,17.113,UNSAT,12,7.6104,UNSAT,12,8.7981,UNSAT,11,8.8043,UNSAT,11,15.551,UNSAT,11,6.8199
pdtvisns3p08,UNSAT,14,1.0657,UNSAT,12,1.7625,UNSAT,11,1.2542,UNSAT,12,3.0328,UNSAT,12,3.3392,UNSAT,12,4.4181,UNSAT,12,4.0321
pdtvisns3p09,UNSAT,15,2.0288,UNSAT,12,1.7502,UNSAT,12,2.5755,UNSAT,11,2.4451,UNSAT,11,2.7052,UNSAT,11,3.1698,UNSAT,11,2.0039
pdtvisrethersqo4,UNSAT,41,9.9926,UNSAT,51,13.29,UNSAT,51,40.464,UNSAT,46,33.591,UNSAT,53,30.691,UNSAT,56,48.814,UNSAT,52,79.899
pdtvissfeistel,UNSAT,21,88.37,UNSAT,20,84.949,UNSAT,22,86.147,UNSAT,22,78.83,UNSAT,21,101.14,UNSAT,13,28.761,UNSAT,17,47.282
pdtvissoap1,UNSAT,13,2.1418,UNSAT,14,5.0805,UNSAT,13,4.0941,UNSAT,14,7.9215,UNSAT,13,4.4581,UNSAT,12,4.3749,UNSAT,13,4.4769
pdtvissoap2,UNSAT,17,3.2151,UNSAT,15,3.4677,UNSAT,14,3.7945,UNSAT,14,4.1759,UNSAT,14,4.7581,UNSAT,14,5.235,UNSAT,14,4.9408
pdtvistimeout0,timeout,,,timeout,,,timeout,,,timeout,,,timeout,,,timeout,,,timeout,,
pdtvisvending01,UNSAT,16,17.422,UNSAT,21,31.745,UNSAT,20,42.655,UNSAT,19,42.155,UNSAT,20,41.871,UNSAT,20,63.375,UNSAT,20,155.03
pdtvisvsa16a27,UNSAT,9,0.52791,UNSAT,9,0.64878,UNSAT,9,0.44642,UNSAT,9,0.50708,UNSAT,9,0.51453,UNSAT,9,0.52292,UNSAT,9,0.61909
pdtvisvsa16a29,timeout,,,timeout,,,timeout,,,timeout,,,timeout,,,timeout,,,timeout,,
pdtvisvsar27,UNSAT,10,0.099083,UNSAT,10,0.14995,UNSAT,10,0.1294,UNSAT,10,0.20042,UNSAT,10,0.18527,UNSAT,10,0.20206,UNSAT,10,0.21223
pdtvisvsar29,timeout,,,timeout,,,timeout,,,timeout,,,timeout,,,timeout,,,timeout,,
pdtvsar8multip00,UNSAT,6,0.025461,UNSAT,6,0.032402,UNSAT,6,0.051299,UNSAT,6,0.035851,UNSAT,6,0.062532,UNSAT,6,0.063525,UNSAT,6,0.085655
pdtvsar8multip01,UNSAT,3,0.012897,UNSAT,3,0.022662,UNSAT,3,0.026304,UNSAT,3,0.024813,UNSAT,3,0.040439,UNSAT,3,0.065346,UNSAT,3,0.075845
pdtvsar8multip02,UNSAT,5,0.007597,UNSAT,5,0.01617,UNSAT,5,0.019883,UNSAT,5,0.015095,UNSAT,5,0.022072,UNSAT,5,0.051841,UNSAT,5,0.048913
pdtvsar8multip03,UNSAT,5,0.56103,UNSAT,5,0.66077,UNSAT,5,0.62979,UNSAT,5,0.81602,UNSAT,5,0.80628,UNSAT,5,0.92281,UNSAT,5,1.0255
pdtvsar8multip04,UNSAT,6,0.034275,UNSAT,6,0.092045,UNSAT,6,0.073872,UNSAT,6,0.086087,UNSAT,6,0.085994,UNSAT,6,0.11413,UNSAT,6,0.13348
pdtvsar8multip05,UNSAT,9,2.1837,UNSAT,9,3.0078,UNSAT,9,3.6876,UNSAT,9,2.6099,UNSAT,9,2.6014,UNSAT,9,2.8126,UNSAT,9,3.1355
pdtvsar8multip06,UNSAT,6,0.14131,UNSAT,6,0.15315,UNSAT,6,0.14782,UNSAT,6,0.13035,UNSAT,6,0.18614,UNSAT,6,0.2115,UNSAT,6,0.23382
pdtvsar8multip07,UNSAT,9,3.8845,UNSAT,9,6.5956,UNSAT,9,6.4186,UNSAT,9,4.4734,UNSAT,9,4.4769,UNSAT,9,4.7738,UNSAT,9,5.1584
pdtvsar8multip08,UNSAT,6,0.059852,UNSAT,6,0.12659,UNSAT,6,0.1132,UNSAT,6,0.077635,UNSAT,6,0.11544,UNSAT,6,0.13808,UNSAT,6,0.1616
pdtvsar8multip09,UNSAT,6,0.074336,UNSAT,6,0.079427,UNSAT,6,0.12466,UNSAT,6,0.10017,UNSAT,6,0.12739,UNSAT,6,0.14581,UNSAT,6,0.12945
pdtvsar8multip10,UNSAT,9,2.2984,UNSAT,9,3.0474,UNSAT,9,3.8141,UNSAT,9,2.5423,UNSAT,9,2.7307,UNSAT,9,2.9045,UNSAT,9,3.0181
pdtvsar8multip11,UNSAT,4,0.00982,UNSAT,4,0.031287,UNSAT,4,0.046617,UNSAT,4,0.028387,UNSAT,4,0.053883,UNSAT,4,0.049668,UNSAT,4,0.07365
pdtvsar8multip12,UNSAT,8,0.042168,UNSAT,8,0.082983,UNSAT,8,0.096997,UNSAT,8,0.089569,UNSAT,8,0.15945,UNSAT,8,0.12151,UNSAT,8,0.1951
pdtvsar8multip13,UNSAT,4,0.030569,UNSAT,4,0.043085,UNSAT,4,0.093273,UNSAT,4,0.08679,UNSAT,4,0.098932,UNSAT,4,0.11706,UNSAT,4,0.14337
pdtvsar8multip14,UNSAT,4,0.034219,UNSAT,4,0.053774,UNSAT,4,0.055541,UNSAT,4,0.047758,UNSAT,4,0.057094,UNSAT,4,0.081765,UNSAT,4,0.064675
pdtvsar8multip15,UNSAT,4,0.047348,UNSAT,4,0.065093,UNSAT,4,0.068199,UNSAT,4,0.10816,UNSAT,4,0.12779,UNSAT,4,0.16772,UNSAT,4,0.15031
pdtvsar8multip16,UNSAT,3,0.004019,UNSAT,3,0.005048,UNSAT,3,0.013277,UNSAT,3,0.016162,UNSAT,3,0.01095,UNSAT,3,0.026931,UNSAT,3,0.027048
pdtvsar8multip17,UNSAT,4,0.009583,UNSAT,4,0.015618,UNSAT,4,0.024285,UNSAT,4,0.019187,UNSAT,4,0.036358,UNSAT,4,0.046383,UNSAT,4,0.046039
pdtvsar8multip18,UNSAT,3,0.007516,UNSAT,3,0.009292,UNSAT,3,0.008913,UNSAT,3,0.008754,UNSAT,3,0.014516,UNSAT,3,0.016633,UNSAT,3,0.036424
pdtvsar8multip19,UNSAT,4,0.030841,UNSAT,4,0.042154,UNSAT,4,0.049311,UNSAT,4,0.054898,UNSAT,4,0.067566,UNSAT,4,0.1006,UNSAT,4,0.10624
pdtvsar8multip20,UNSAT,4,0.019181,UNSAT,4,0.041011,UNSAT,4,0.034656,UNSAT,4,0.037343,UNSAT,4,0.064564,UNSAT,4,0.075095,UNSAT,4,0.072469
pdtvsar8multip21,UNSAT,4,0.010463,UNSAT,4,0.025231,UNSAT,4,0.025923,UNSAT,4,0.038622,UNSAT,4,0.049998,UNSAT,4,0.057765,UNSAT,4,0.075278
pdtvsar8multip22,UNSAT,4,0.024878,UNSAT,4,0.044896,UNSAT,4,0.042478,UNSAT,4,0.056862,UNSAT,4,0.056666,UNSAT,4,0.090478,UNSAT,4,0.079543
pdtvsar8multip23,UNSAT,4,0.014926,UNSAT,4,0.029495,UNSAT,4,0.02757,UNSAT,4,0.052571,UNSAT,4,0.038024,UNSAT,4,0.059993,UNSAT,4,0.075642
pdtvsar8multip24,UNSAT,4,0.005718,UNSAT,4,0.011801,UNSAT,4,0.013422,UNSAT,4,0.019213,UNSAT,4,0.037543,UNSAT,4,0.043528,UNSAT,4,0.034593
pdtvsar8multip25,UNSAT,4,0.009059,UNSAT,4,0.015836,UNSAT,4,0.022626,UNSAT,4,0.028761,UNSAT,4,0.055723,UNSAT,4,0.04779,UNSAT,4,0.079204
pdtvsar8multip26,UNSAT,4,0.012011,UNSAT,4,0.013789,UNSAT,4,0.015733,UNSAT,4,0.032263,UNSAT,4,0.027697,UNSAT,4,0.036362,UNSAT,4,0.083737
pdtvsar8multip27,UNSAT,11,0.32327,UNSAT,11,0.40935,UNSAT,11,0.4336,UNSAT,11,0.552,UNSAT,11,0.49608,UNSAT,11,0.48985,UNSAT,11,0.51129
pdtvsar8multip28,UNSAT,3,0.003496,UNSAT,3,0.0051,UNSAT,3,0.010126,UNSAT,3,0.018536,UNSAT,3,0.020505,UNSAT,3,0.016342,UNSAT,3,0.030025
pdtvsar8multip29,timeout,,,timeout,,,timeout,,,timeout,,,timeout,,,timeout,,,timeout,,
pdtvsar8multip30,timeout,,,timeout,,,timeout,,,timeout,,,timeout,,,timeout,,,timeout,,
pdtvsar8multip31,UNSAT,4,0.061303,UNSAT,4,0.0733,UNSAT,4,0.058996,UNSAT,4,0.093153,UNSAT,4,0.10366,UNSAT,4,0.12876,UNSAT,4,0.094978
pdtvsar8multip32,UNSAT,3,0.21092,UNSAT,3,0.2093,UNSAT,3,0.22489,UNSAT,3,0.24409,UNSAT,3,0.19958,UNSAT,3,0.21441,UNSAT,3,0.22995
pdtvsarmultip00,UNSAT,6,0.008992,UNSAT,6,0.00797,UNSAT,6,0.013959,UNSAT,6,0.021743,UNSAT,6,0.018181,UNSAT,6,0.016193,UNSAT,6,0.04411
pdtvsarmultip01,UNSAT,3,0.008294,UNSAT,3,0.011166,UNSAT,3,0.010355,UNSAT,3,0.014435,UNSAT,3,0.010443,UNSAT,3,0.029521,UNSAT,3,0.027559
pdtvsarmultip02,UNSAT,5,0.006203,UNSAT,5,0.009107,UNSAT,5,0.009353,UNSAT,5,0.012717,UNSAT,5,0.020237,UNSAT,5,0.024841,UNSAT,5,0.02142
pdtvsarmultip03,UNSAT,5,0.085671,UNSAT,5,0.090756,UNSAT,5,0.1078,UNSAT,5,0.10629,UNSAT,5,0.15018,UNSAT,5,0.13887,UNSAT,5,0.15153
pdtvsarmultip04,UNSAT,6,0.021014,UNSAT,6,0.032237,UNSAT,6,0.026432,UNSAT,6,0.051087,UNSAT,6,0.036421,UNSAT,6,0.03173,UNSAT,6,0.071174
pdtvsarmultip05,UNSAT,9,0.32696,UNSAT,9,0.49871,UNSAT,9,0.71351,UNSAT,9,0.44431,UNSAT,9,0.43061,UNSAT,9,0.45674,UNSAT,9,0.53026
pdtvsarmultip06,UNSAT,6,0.12258,UNSAT,6,0.16801,UNSAT,6,0.121,UNSAT,6,0.14835,UNSAT,6,0.14194,UNSAT,6,0.1464,UNSAT,6,0.1528
pdtvsarmultip07,UNSAT,9,0.63401,UNSAT,9,1.0022,UNSAT,9,1.1211,UNSAT,9,0.71002,UNSAT,9,0.76133,UNSAT,9,0.69248,UNSAT,9,0.85028
pdtvsarmultip08,UNSAT,6,0.037877,UNSAT,6,0.094145,UNSAT,6,0.072413,UNSAT,6,0.085609,UNSAT,6,0.0802,UNSAT,6,0.051455,UNSAT,6,0.11683
pdtvsarmultip09,UNSAT,6,0.068926,UNSAT,6,0.095958,UNSAT,6,0.061669,UNSAT,6,0.092603,UNSAT,6,0.089443,UNSAT,6,0.095773,UNSAT,6,0.078465
pdtvsarmultip10,UNSAT,9,0.41692,UNSAT,9,0.50494,UNSAT,9,0.51046,UNSAT,9,0.49017,UNSAT,9,0.48536,UNSAT,9,0.4609,UNSAT,9,0.53939
pdtvsarmultip11,UNSAT,4,0.008598,UNSAT,4,0.016038,UNSAT,4,0.014222,UNSAT,4,0.023919,UNSAT,4,0.016249,UNSAT,4,0.032695,UNSAT,4,0.0323
pdtvsarmultip12,UNSAT,8,0.027725,UNSAT,8,0.038479,UNSAT,8,0.052352,UNSAT,8,0.080277,UNSAT,8,0.084653,UNSAT,8,0.10092,UNSAT,8,0.10137
pdtvsarmultip13,UNSAT,4,0.020921,UNSAT,4,0.017047,UNSAT,4,0.020448,UNSAT,4,0.038339,UNSAT,4,0.026133,UNSAT,4,0.032789,UNSAT,4,0.055947
pdtvsarmultip14,UNSAT,4,0.018679,UNSAT,4,0.019518,UNSAT,4,0.026504,UNSAT,4,0.041958,UNSAT,4,0.026482,UNSAT,4,0.054585,UNSAT,4,0.047547
pdtvsarmultip15,UNSAT,4,0.030961,UNSAT,4,0.033697,UNSAT,4,0.049746,UNSAT,4,0.050326,UNSAT,4,0.051064,UNSAT,4,0.064927,UNSAT,4,0.076787
pdtvsarmultip16,UNSAT,3,0.003089,UNSAT,3,0.003865,UNSAT,3,0.002924,UNSAT,3,0.004764,UNSAT,3,0.009946,UNSAT,3,0.008816,UNSAT,3,0.007519
pdtvsarmultip17,UNSAT,4,0.003398,UNSAT,4,0.007756,UNSAT,4,0.00845,UNSAT,4,0.007812,UNSAT,4,0.016095,UNSAT,4,0.022719,UNSAT,4,0.021534
pdtvsarmultip18,UNSAT,3,0.003521,UNSAT,3,0.004888,UNSAT,3,0.007035,UNSAT,3,0.004308,UNSAT,3,0.007065,UNSAT,3,0.009108,UNSAT,3,0.008926
pdtvsarmultip19,UNSAT,4,0.015136,UNSAT,4,0.018506,UNSAT,4,0.019395,UNSAT,4,0.020696,UNSAT,4,0.033905,UNSAT,4,0.056997,UNSAT,4,0.061086
pdtvsarmultip20,UNSAT,4,0.007474,UNSAT,4,0.00999,UNSAT,4,0.017103,UNSAT,4,0.015723,UNSAT,4,0.023711,UNSAT,4,0.042797,UNSAT,4,0.054115
pdtvsarmultip21,UNSAT,4,0.00776,UNSAT,4,0.008223,UNSAT,4,0.013147,UNSAT,4,0.011113,UNSAT,4,0.011084,UNSAT,4,0.023553,UNSAT,4,0.024458
pdtvsarmultip22,UNSAT,4,0.009327,UNSAT,4,0.01807,UNSAT,4,0.017975,UNSAT,4,0.015692,UNSAT,4,0.0167,UNSAT,4,0.027062,UNSAT,4,0.030926
pdtvsarmultip23,UNSAT,4,0.010464,UNSAT,4,0.007723,UNSAT,4,0.014605,UNSAT,4,0.013034,UNSAT,4,0.013181,UNSAT,4,0.027674,UNSAT,4,0.021297
pdtvsarmultip24,UNSAT,4,0.005893,UNSAT,4,0.005209,UNSAT,4,0.01014,UNSAT,4,0.012059,UNSAT,4,0.008271,UNSAT,4,0.016845,UNSAT,4,0.015548
pdtvsarmultip25,UNSAT,4,0.006395,UNSAT,4,0.006238,UNSAT,4,0.012547,UNSAT,4,0.012765,UNSAT,4,0.01089,UNSAT,4,0.020146,UNSAT,4,0.019088
pdtvsarmultip26,UNSAT,4,0.00795,UNSAT,4,0.007605,UNSAT,4,0.010177,UNSAT,4,0.013205,UNSAT,4,0.022272,UNSAT,4,0.017514,UNSAT,4,0.018548
pdtvsarmultip27,UNSAT,11,0.13354,UNSAT,11,0.1551,UNSAT,11,0.17538,UNSAT,11,0.18477,UNSAT,11,0.1957,UNSAT,11,0.17297,UNSAT,11,0.1752
pdtvsarmultip28,UNSAT,3,0.002846,UNSAT,3,0.002352,UNSAT,3,0.004692,UNSAT,3,0.005597,UNSAT,3,0.004751,UNSAT,3,0.010976,UNSAT,3,0.013174
pdtvsarmultip29,timeout,,,timeout,,,timeout,,,timeout,,,timeout,,,timeout,,,timeout,,
pdtvsarmultip30,UNSAT,3,0.001594,UNSAT,3,0.002045,UNSAT,3,0.013985,UNSAT,3,0.007376,UNSAT,3,0.01076,UNSAT,3,0.01582,UNSAT,3,0.01324
pdtvsarmultip31,UNSAT,4,0.031284,UNSAT,4,0.035289,UNSAT,4,0.033441,UNSAT,4,0.035641,UNSAT,4,0.044488,UNSAT,4,0.059046,UNSAT,4,0.055394
pdtvsarmultip32,UNSAT,21,64.213,UNSAT,22,80.995,UNSAT,19,71.302,UNSAT,22,88.296,UNSAT,22,80.771,UNSAT,22,78.117,UNSAT,22,78.471
pj2005,UNSAT,11,1.6295,UNSAT,10,3.8836,UNSAT,11,3.1829,UNSAT,10,2.9,UNSAT,9,2.8376,UNSAT,9,2.2542,UNSAT,9,2.4266
pj2006,UNSAT,13,13.469,UNSAT,12,18.47,UNSAT,14,37.899,UNSAT,15,42.671,UNSAT,15,32.866,UNSAT,15,26.627,UNSAT,15,27.227
pj2008,UNSAT,7,1.6224,UNSAT,7,1.4934,UNSAT,7,1.8009,UNSAT,7,1.7337,UNSAT,7,1.5784,UNSAT,7,1.6733,UNSAT,7,1.8449
pj2009,UNSAT,6,0.28908,UNSAT,6,0.47065,UNSAT,6,0.43883,UNSAT,6,0.40078,UNSAT,6,0.37349,UNSAT,6,0.38576,UNSAT,6,0.45697
pj2013,UNSAT,4,0.16788,UNSAT,4,0.22159,UNSAT,4,0.23836,UNSAT,4,0.243,UNSAT,4,0.25298,UNSAT,4,0.31165,UNSAT,4,0.35717
pj2016,UNSAT,8,4.2309,UNSAT,8,5.3727,UNSAT,8,5.4032,UNSAT,8,5.4081,UNSAT,8,4.6688,UNSAT,8,4.2436,UNSAT,8,4.8618
pj2017,UNSAT,24,260.14,UNSAT,25,399.42,UNSAT,21,560.11,UNSAT,25,663.6,UNSAT,21,475.99,UNSAT,22,560.97,UNSAT,22,565.79
pj2018,UNSAT,21,42.404,UNSAT,16,22.195,UNSAT,22,154.04,UNSAT,23,191.52,UNSAT,22,172.35,UNSAT,22,170.28,UNSAT,20,140.11
pj2019,UNSAT,5,2.5514,UNSAT,5,2.5457,UNSAT,5,2.5995,UNSAT,5,2.4626,UNSAT,5,2.5008,UNSAT,5,2.2937,UNSAT,5,2.4938
prodcellp0neg,SAT,81,47.676,SAT,79,75.991,SAT,79,91.433,SAT,66,63.613,SAT,71,117.29,SAT,61,116.75,SAT,73,187.58
prodcellp1,SAT,53,33.968,SAT,59,64.263,SAT,67,104.25,SAT,76,111.96,SAT,73,127.62,SAT,77,203.56,SAT,106,440.4
prodcellp1neg,SAT,53,33.913,SAT,72,71.048,SAT,55,62.017,SAT,106,279.69,SAT,96,237.13,SAT,108,326.84,SAT,81,238.33
prodcellp2,SAT,71,61.879,SAT,76,83.614,SAT,79,135.29,SAT,87,162.05,SAT,64,101.55,SAT,67,121.24,SAT,67,184.69
prodcellp2neg,SAT,71,62.4,SAT,64,83.717,SAT,70,109.87,SAT,77,124.27,SAT,66,125.8,SAT,66,128.76,SAT,80,212.37
prodcellp3,SAT,63,39.97,SAT,79,86.994,SAT,82,123.39,SAT,83,165.83,SAT,68,152.27,SAT,66,168.97,SAT,81,225.07
prodcellp4,SAT,67,45.599,SAT,80,70.187,SAT,69,118.03,SAT,82,160.06,SAT,68,132.11,SAT,83,187.33,SAT,80,224.24
prodcellp4neg,SAT,83,65.795,SAT,65,100.56,SAT,56,70.455,SAT,76,152.06,SAT,80,189.32,SAT,81,188.31,SAT,81,218.41
prodconsp0,SAT,17,1.6987,SAT,16,2.2006,SAT,17,2.9601,SAT,19,3.7137,SAT,16,2.0765,SAT,19,5.4238,SAT,19,4.8556
prodconsp0neg,SAT,17,1.8596,SAT,16,1.8518,SAT,16,1.9502,SAT,19,2.9394,SAT,16,1.9921,SAT,16,1.6801,SAT,19,4.0238
prodconsp1,SAT,16,1.9988,SAT,15,1.016,SAT,16,1.9237,SAT,16,2.5297,SAT,16,2.1479,SAT,17,3.7179,SAT,15,1.4483
prodconsp1negnv,SAT,16,2.0609,SAT,17,4.8205,SAT,18,2.2613,SAT,16,1.6256,SAT,16,1.8466,SAT,17,3.3218,SAT,16,2.0436
prodconsp5,SAT,16,1.11,SAT,16,1.7324,SAT,15,1.5273,SAT,16,2.201,SAT,16,2.7486,SAT,16,2.2763,SAT,15,1.7472
prodconsp5neg,SAT,16,1.0118,SAT,16,2.185,SAT,20,6.7311,SAT,16,2.1198,SAT,16,2.3467,SAT,16,2.5046,SAT,16,1.7477
prodconspold1,SAT,17,1.245,SAT,12,1.1387,SAT,20,3.8509,SAT,18,4.1374,SAT,19,4.8931,SAT,18,2.9329,SAT,16,2.2901
prodconspold3,SAT,16,1.3426,SAT,16,2.0916,SAT,16,2.0615,SAT,16,2.2874,SAT,16,2.59,SAT,16,2.0474,SAT,16,2.3004
prodconspold4,SAT,18,1.2886,SAT,16,1.4881,SAT,16,3.6095,SAT,17,2.2277,SAT,16,2.3944,SAT,16,2.0417,SAT,16,2.1408
texaspimainp15,UNSAT,5,0.027391,UNSAT,5,0.041549,UNSAT,5,0.080153,UNSAT,5,0.062561,UNSAT,5,0.088413,UNSAT,5,0.1017,UNSAT,5,0.11616
vis4arbitp1,UNSAT,9,0.039874,UNSAT,12,0.12776,UNSAT,10,0.084262,UNSAT,10,0.12391,UNSAT,10,0.13244,UNSAT,10,0.09569,UNSAT,10,0.055867
visbakery,SAT,26,2.8155,SAT,26,4.6825,SAT,24,6.0875,SAT,23,6.0553,SAT,23,6.4315,SAT,23,8.6172,SAT,25,18.236
viselevatorp3,UNSAT,5,0.008495,UNSAT,5,0.019577,UNSAT,5,0.015168,UNSAT,5,0.029547,UNSAT,5,0.023425,UNSAT,5,0.032736,UNSAT,5,0.037054
visprodcellp22,UNSAT,16,3.1382,UNSAT,15,1.7885,UNSAT,17,2.7784,UNSAT,19,4.1812,UNSAT,18,6.6914,UNSAT,17,6.1494,UNSAT,17,6.2798
